// Auto-generated CareerBot logo (RGB565) for M5GFX pushImage.
#pragma once
#include <stdint.h>
static const uint16_t logo_w=200;
static const uint16_t logo_h=283;
static const uint16_t logo_data[56600]={
 0x0000,0x0000,0x0000,0x0000,0x0000,0x0000,0x0000,0x0000,0x0000,0x0000,0x0000,0x0000,
 0x0000,0x0000,0x0000,0x0000,0x0000,0x0000,0x0000,0x0000,0x0000,0x0000,0x0000,0x0000,
 0x0000,0x0000,0x0000,0x0000,0x0000,0x0000,0x0000,0x0000,0x0000,0x0000,0x0000,0x0000,
 0x0000,0x0000,0x0000,0x0000,0x0000,0x0000,0x0000,0x0000,0x0000,0x0000,0x0000,0x0000,
 0x0000,0x0000,0x0000,0x0000,0x0000,0x0000,0x0000,0x0000,0x0000,0x0000,0x0000,0x0000,
 0x0000,0x0000,0x0000,0x0000,0x0000,0x0000,0x0000,0x0000,0x0000,0x0000,0x0000,0x0000,
 0x0000,0x0000,0x0000,0x0000,0x0000,0x0000,0x0000,0x0000,0x0000,0x0000,0x0000,0x0000,
 0x0000,0x0000,0x0000,0x0000,0x0000,0x0000,0x0000,0x0000,0x0000,0x0000,0x0000,0x0000,
 0x0000,0x0000,0x0000,0x0000,0x0000,0x0000,0x0000,0x0000,0x0000,0x0000,0x0000,0x0000,
 0x0000,0x0000,0x0000,0x0000,0x0000,0x0000,0x0000,0x0000,0x0000,0x0000,0x0000,0x0000,
 0x0000,0x0000,0x0000,0x0000,0x0000,0x0000,0x0000,0x0000,0x0000,0x0000,0x0000,0x0000,
 0x0000,0x0000,0x0000,0x0000,0x0000,0x0000,0x0000,0x0000,0x0000,0x0000,0x0000,0x0000,
 0x0000,0x0000,0x0000,0x0000,0x0000,0x0000,0x0000,0x0000,0x0000,0x0000,0x0000,0x0000,
 0x0000,0x0000,0x0000,0x0000,0x0000,0x0000,0x0000,0x0000,0x0000,0x0000,0x0000,0x0000,
 0x0000,0x0000,0x0000,0x0000,0x0000,0x0000,0x0000,0x0000,0x0000,0x0000,0x0000,0x0000,
 0x0000,0x0000,0x0000,0x0000,0x0000,0x0000,0x0000,0x0000,0x0000,0x0000,0x0000,0x0000,
 0x0000,0x0000,0x0000,0x0000,0x0000,0x0000,0x0000,0x0000,0x0000,0x0000,0x0000,0x0000,
 0x0000,0x0000,0x0000,0x0000,0x0000,0x0000,0x0000,0x0000,0x0000,0x0000,0x0000,0x0000,
 0x0000,0x0000,0x0000,0x0000,0x0000,0x0000,0x0000,0x0000,0x0000,0x0000,0x0000,0x0000,
 0x0000,0x0000,0x0000,0x0000,0x0000,0x0000,0x0000,0x0000,0x0000,0x0000,0x0000,0x0000,
 0x0000,0x0000,0x0000,0x0000,0x0000,0x0000,0x0000,0x0000,0x0000,0x0000,0x0000,0x0000,
 0x0000,0x0000,0x0000,0x0000,0x0000,0x0000,0x0000,0x0000,0x0000,0x0000,0x0000,0x0000,
 0x0000,0x0000,0x0000,0x0000,0x0000,0x0000,0x0000,0x0000,0x0000,0x0000,0x0000,0x0000,
 0x0000,0x0000,0x0000,0x0000,0x0000,0x0000,0x0000,0x0000,0x0000,0x0000,0x0000,0x0000,
 0x0000,0x0000,0x0000,0x0000,0x0000,0x0000,0x0000,0x0000,0x0000,0x0000,0x0000,0x0000,
 0x0000,0x0000,0x0000,0x0000,0x0000,0x0000,0x0000,0x0000,0x0000,0x0000,0x0000,0x0000,
 0x0000,0x0000,0x0000,0x0000,0x0000,0x0000,0x0000,0x0000,0x0000,0x0000,0x0000,0x0000,
 0x0000,0x0000,0x0000,0x0000,0x0000,0x0000,0x0000,0x0000,0x0000,0x0000,0x0000,0x0000,
 0x0000,0x0000,0x0000,0x0000,0x0000,0x0000,0x0000,0x0000,0x0000,0x0000,0x0000,0x0000,
 0x0000,0x0000,0x0000,0x0000,0x0000,0x0000,0x0000,0x0000,0x0000,0x0000,0x0000,0x0000,
 0x0000,0x0000,0x0000,0x0000,0x0000,0x0000,0x0000,0x0000,0x0000,0x0000,0x0000,0x0000,
 0x0000,0x0000,0x0000,0x0000,0x0000,0x0000,0x0000,0x0000,0x0000,0x0000,0x0000,0x0000,
 0x0000,0x0000,0x0000,0x0000,0x0000,0x0000,0x0000,0x0000,0x0000,0x0000,0x0000,0x0000,
 0x0000,0x0000,0x0000,0x0000,0x0000,0x0000,0x0000,0x0000,0x0000,0x0000,0x0000,0x0000,
 0x0000,0x0000,0x0000,0x0000,0x0000,0x0000,0x0000,0x0000,0x0000,0x0000,0x0000,0x0000,
 0x0000,0x0000,0x0000,0x0000,0x0000,0x0000,0x0000,0x0000,0x0000,0x0000,0x0000,0x0000,
 0x0000,0x0000,0x0000,0x0000,0x0000,0x0000,0x0000,0x0000,0x0000,0x0000,0x0000,0x0000,
 0x0000,0x0000,0x0000,0x0000,0x0000,0x0000,0x0000,0x0000,0x0000,0x0000,0x0000,0x0000,
 0x0000,0x0000,0x0000,0x0000,0x0000,0x0000,0x0000,0x0000,0x0000,0x0000,0x0000,0x0000,
 0x0000,0x0000,0x0000,0x0000,0x0000,0x0000,0x0000,0x0000,0x0000,0x0000,0x0000,0x0000,
 0x0000,0x0000,0x0000,0x0000,0x0000,0x0000,0x0000,0x0000,0x0000,0x0000,0x0000,0x0000,
 0x0000,0x0000,0x0000,0x0000,0x0000,0x0000,0x0000,0x0000,0x0000,0x0000,0x0000,0x0000,
 0x0000,0x0000,0x0000,0x0000,0x0000,0x0000,0x0000,0x0000,0x0000,0x0000,0x0000,0x0000,
 0x0000,0x0000,0x0000,0x0000,0x0000,0x0000,0x0000,0x0000,0x0000,0x0000,0x0000,0x0000,
 0x0000,0x0000,0x0000,0x0000,0x0000,0x0000,0x0000,0x0000,0x0000,0x0000,0x0000,0x0000,
 0x0000,0x0000,0x0000,0x0000,0x0000,0x0000,0x0000,0x0000,0x0000,0x0000,0x0000,0x0000,
 0x0000,0x0000,0x0000,0x0000,0x0000,0x0000,0x0000,0x0000,0x0000,0x0000,0x0000,0x0000,
 0x0000,0x0000,0x0000,0x0000,0x0000,0x0000,0x0000,0x0000,0x0000,0x0000,0x0000,0x0000,
 0x0000,0x0000,0x0000,0x0000,0x0000,0x0000,0x0000,0x0000,0x0000,0x0000,0x0000,0x0000,
 0x0000,0x0000,0x0000,0x0000,0x0000,0x0000,0x0000,0x0000,0x0000,0x0000,0x0000,0x0000,
 0x0000,0x0000,0x0000,0x0000,0x0000,0x0000,0x0000,0x0000,0x0000,0x0000,0x0000,0x0000,
 0x0000,0x0000,0x0000,0x0000,0x0000,0x0000,0x0000,0x0000,0x0000,0x0000,0x0000,0x0000,
 0x0000,0x0000,0x0000,0x0000,0x0000,0x0000,0x0000,0x0000,0x0000,0x0000,0x0000,0x0000,
 0x0000,0x0000,0x0000,0x0000,0x0000,0x0000,0x0000,0x0000,0x0000,0x0000,0x0000,0x0000,
 0x0000,0x0000,0x0000,0x0000,0x0000,0x0000,0x0000,0x0000,0x0000,0x0000,0x0000,0x0000,
 0x0000,0x0000,0x0000,0x0000,0x0000,0x0000,0x0000,0x0000,0x0000,0x0000,0x0000,0x0000,
 0x0000,0x0000,0x0000,0x0000,0x0000,0x0000,0x0000,0x0000,0x0000,0x0000,0x0000,0x0000,
 0x0000,0x0000,0x0000,0x0000,0x0000,0x0000,0x0000,0x0000,0x0000,0x0000,0x0000,0x0000,
 0x0000,0x0000,0x0000,0x0000,0x0000,0x0000,0x0000,0x0000,0x0000,0x0000,0x0000,0x0000,
 0x0000,0x0000,0x0000,0x0000,0x0000,0x0000,0x0000,0x0000,0x0000,0x0000,0x0000,0x0000,
 0x0000,0x0000,0x0000,0x0000,0x0000,0x0000,0x0000,0x0000,0x0000,0x0000,0x0000,0x0000,
 0x0000,0x0000,0x0000,0x0000,0x0000,0x0000,0x0000,0x0000,0x0000,0x0000,0x0000,0x0000,
 0x0000,0x0000,0x0000,0x0000,0x0000,0x0000,0x0000,0x0000,0x0000,0x0000,0x0000,0x0000,
 0x0000,0x0000,0x0000,0x0000,0x0000,0x0000,0x0000,0x0000,0x0000,0x0000,0x0000,0x0000,
 0x0000,0x0000,0x0000,0x0000,0x0000,0x0000,0x0000,0x0000,0x0000,0x0000,0x0000,0x0000,
 0x0000,0x0000,0x0000,0x0000,0x0000,0x0000,0x0000,0x0000,0x0000,0x0000,0x0000,0x0000,
 0x0000,0x0000,0x0000,0x0000,0x0000,0x0000,0x0000,0x0000,0x0000,0x0000,0x0000,0x0000,
 0x0000,0x0000,0x0000,0x0000,0x0000,0x0000,0x0000,0x0000,0x0000,0x0000,0x0000,0x0000,
 0x0000,0x0000,0x0000,0x0000,0x0000,0x0000,0x0000,0x0000,0x0000,0x0000,0x0000,0x0000,
 0x0000,0x0000,0x0000,0x0000,0x0000,0x0000,0x0000,0x0000,0x0000,0x0000,0x0000,0x0000,
 0x0000,0x0000,0x0000,0x0000,0x0000,0x0000,0x0000,0x0000,0x0000,0x0000,0x0000,0x0000,
 0x0000,0x0000,0x0000,0x0000,0x0000,0x0000,0x0000,0x0000,0x0000,0x0000,0x0000,0x0000,
 0x0000,0x0000,0x0000,0x0000,0x0000,0x0000,0x0000,0x0000,0x0000,0x0000,0x0000,0x0000,
 0x0000,0x0000,0x0000,0x0000,0x0000,0x0000,0x0000,0x0000,0x0000,0x0000,0x0000,0x0000,
 0x0000,0x0000,0x0000,0x0000,0x0000,0x0000,0x0000,0x0000,0x0000,0x0000,0x0000,0x0000,
 0x0000,0x0000,0x0000,0x0000,0x0000,0x0000,0x0000,0x0000,0x0000,0x0000,0x0000,0x0000,
 0x0000,0x0000,0x0000,0x0000,0x0000,0x0000,0x0000,0x0000,0x0000,0x0000,0x0000,0x0000,
 0x0000,0x0000,0x0000,0x0000,0x0000,0x0000,0x0000,0x0000,0x0000,0x0000,0x0000,0x0000,
 0x0000,0x0000,0x0000,0x0000,0x0000,0x0000,0x0000,0x0000,0x0000,0x0000,0x0000,0x0000,
 0x0000,0x0000,0x0000,0x0000,0x0000,0x0000,0x0000,0x0000,0x0000,0x0000,0x0000,0x0000,
 0x0000,0x0000,0x0000,0x0000,0x0000,0x0000,0x0000,0x0000,0x0000,0x0000,0x0000,0x0000,
 0x0000,0x0000,0x0000,0x0000,0x0000,0x0000,0x0000,0x0000,0x0000,0x0000,0x0000,0x0000,
 0x0000,0x0000,0x0000,0x0000,0x0000,0x0000,0x0000,0x0000,0x0000,0x0000,0x0000,0x0000,
 0x0000,0x0000,0x0000,0x0000,0x0000,0x0000,0x0000,0x0000,0x0000,0x0000,0x0000,0x0000,
 0x0000,0x0000,0x0000,0x0000,0x0000,0x0000,0x0000,0x0000,0x0000,0x0000,0x0000,0x0000,
 0x0000,0x0000,0x0000,0x0000,0x0000,0x0000,0x0000,0x0000,0x0000,0x0000,0x0000,0x0000,
 0x0000,0x0000,0x0000,0x0000,0x0000,0x0000,0x0000,0x0000,0x0000,0x0000,0x0000,0x0000,
 0x0000,0x0000,0x0000,0x0000,0x0000,0x0000,0x0000,0x0000,0x0000,0x0000,0x0000,0x0000,
 0x0000,0x0000,0x0000,0x0000,0x0000,0x0000,0x0000,0x0000,0x0000,0x0000,0x0000,0x0000,
 0x0000,0x0000,0x0000,0x0000,0x0000,0x0000,0x0000,0x0000,0x0000,0x0000,0x0000,0x0000,
 0x0000,0x0000,0x0000,0x0000,0x0000,0x0000,0x0000,0x0000,0x0000,0x0000,0x0000,0x0000,
 0x0000,0x0000,0x0000,0x0000,0x0000,0x0000,0x0000,0x0000,0x0000,0x0000,0x0000,0x0000,
 0x0000,0x0000,0x0000,0x0000,0x0000,0x0000,0x0000,0x0000,0x0000,0x0000,0x0000,0x0000,
 0x0000,0x0000,0x0000,0x0000,0x0000,0x0000,0x0000,0x0000,0x0000,0x0000,0x0000,0x0000,
 0x0000,0x0000,0x0000,0x0000,0x0000,0x0000,0x0000,0x0000,0x0000,0x0000,0x0000,0x0000,
 0x0000,0x0000,0x0000,0x0000,0x0000,0x0000,0x0000,0x0000,0x0000,0x0000,0x0000,0x0000,
 0x0000,0x0000,0x0000,0x0000,0x0000,0x0000,0x0000,0x0000,0x0000,0x0000,0x0000,0x0000,
 0x0000,0x0000,0x0000,0x0000,0x0000,0x0000,0x0000,0x0000,0x0000,0x0000,0x0000,0x0000,
 0x0000,0x0000,0x0000,0x0000,0x0000,0x0000,0x0000,0x0000,0x0000,0x0000,0x0000,0x0000,
 0x0000,0x0000,0x0000,0x0000,0x0000,0x0000,0x0000,0x0000,0x0000,0x0000,0x0000,0x0000,
 0x0000,0x0000,0x0000,0x0000,0x0000,0x0000,0x0000,0x0000,0x0000,0x0000,0x0000,0x0000,
 0x0000,0x0000,0x0000,0x0000,0x0000,0x0000,0x0000,0x0000,0x0000,0x0000,0x0000,0x0000,
 0x0000,0x0000,0x0000,0x0000,0x0000,0x0000,0x0000,0x0000,0x0000,0x0000,0x0000,0x0000,
 0x0000,0x0000,0x0000,0x0000,0x0000,0x0000,0x0000,0x0000,0x0000,0x0000,0x0000,0x0000,
 0x0000,0x0000,0x0000,0x0000,0x0000,0x0000,0x0000,0x0000,0x0000,0x0000,0x0000,0x0000,
 0x0000,0x0000,0x0000,0x0000,0x0000,0x0000,0x0000,0x0000,0x0000,0x0000,0x0000,0x0000,
 0x0000,0x0000,0x0000,0x0000,0x0000,0x0000,0x0000,0x0000,0x0000,0x0000,0x0000,0x0000,
 0x0000,0x0000,0x0000,0x0000,0x0000,0x0000,0x0000,0x0000,0x0000,0x0000,0x0000,0x0000,
 0x0000,0x0000,0x0000,0x0000,0x0000,0x0000,0x0000,0x0000,0x0000,0x0000,0x0000,0x0000,
 0x0000,0x0000,0x0000,0x0000,0x0000,0x0000,0x0000,0x0000,0x0000,0x0000,0x0000,0x0000,
 0x0000,0x0000,0x0000,0x0000,0x0000,0x0000,0x0000,0x0000,0x0000,0x0000,0x0000,0x0000,
 0x0000,0x0000,0x0000,0x0000,0x0000,0x0000,0x0000,0x0000,0x0000,0x0000,0x0000,0x0000,
 0x0000,0x0000,0x0000,0x0000,0x0000,0x0000,0x0000,0x0000,0x0000,0x0000,0x0000,0x0000,
 0x0000,0x0000,0x0000,0x0000,0x0000,0x0000,0x0000,0x0000,0x0000,0x0000,0x0000,0x0000,
 0x0000,0x0000,0x0000,0x0000,0x0000,0x0000,0x0000,0x0000,0x0000,0x0000,0x0000,0x0000,
 0x0000,0x0000,0x0000,0x0000,0x0000,0x0000,0x0000,0x0000,0x0000,0x0000,0x0000,0x0000,
 0x0000,0x0000,0x0000,0x0000,0x0000,0x0000,0x0000,0x0000,0x0000,0x0000,0x0000,0x0000,
 0x0000,0x0000,0x0000,0x0000,0x0000,0x0000,0x0000,0x0000,0x0000,0x0000,0x0000,0x0000,
 0x0000,0x0000,0x0000,0x0000,0x0000,0x0000,0x0000,0x0000,0x0000,0x0000,0x0000,0x0000,
 0x0000,0x0000,0x0000,0x0000,0x0000,0x0000,0x0000,0x0000,0x0000,0x0000,0x0000,0x0000,
 0x0000,0x0000,0x0000,0x0000,0x0000,0x0000,0x0000,0x0000,0x0000,0x0000,0x0000,0x0000,
 0x0000,0x0000,0x0000,0x0000,0x0000,0x0000,0x0000,0x0000,0x0000,0x0000,0x0000,0x0000,
 0x0000,0x0000,0x0000,0x0000,0x0000,0x0000,0x0000,0x0000,0x0000,0x0000,0x0000,0x0000,
 0x0000,0x0000,0x0000,0x0000,0x0000,0x0000,0x0000,0x0000,0x0000,0x0000,0x0000,0x0000,
 0x0000,0x0000,0x0000,0x0000,0x0000,0x0000,0x0000,0x0000,0x0000,0x0000,0x0000,0x0000,
 0x0000,0x0000,0x0000,0x0000,0x0000,0x0000,0x0000,0x0000,0x0000,0x0000,0x0000,0x0000,
 0x0000,0x0000,0x0000,0x0000,0x0000,0x0000,0x0000,0x0000,0x0000,0x0000,0x0000,0x0000,
 0x0000,0x0000,0x0000,0x0000,0x0000,0x0000,0x0000,0x0000,0x0000,0x0000,0x0000,0x0000,
 0x0000,0x0000,0x0000,0x0000,0x0000,0x0000,0x0000,0x0000,0x0000,0x0000,0x0000,0x0000,
 0x0000,0x0000,0x0000,0x0000,0x0000,0x0000,0x0000,0x0000,0x0000,0x0000,0x0000,0x0000,
 0x0000,0x0000,0x0000,0x0000,0x0000,0x0000,0x0000,0x0000,0x0000,0x0000,0x0000,0x0000,
 0x0000,0x0000,0x0000,0x0000,0x0000,0x0000,0x0000,0x0000,0x0000,0x0000,0x0000,0x0000,
 0x0000,0x0000,0x0000,0x0000,0x0000,0x0000,0x0000,0x0000,0x0000,0x0000,0x0000,0x0000,
 0x0000,0x0000,0x0000,0x0000,0x0000,0x0000,0x0000,0x0000,0x0000,0x0000,0x0000,0x0000,
 0x0000,0x0000,0x0000,0x0000,0x0000,0x0000,0x0000,0x0000,0x0000,0x0000,0x0000,0x0000,
 0x0000,0x0000,0x0000,0x0000,0x0000,0x0000,0x0000,0x0000,0x0000,0x0000,0x0000,0x0000,
 0x0000,0x0000,0x0000,0x0000,0x0000,0x0000,0x0000,0x0000,0x0000,0x0000,0x0000,0x0000,
 0x0000,0x0000,0x0000,0x0000,0x0000,0x0000,0x0000,0x0000,0x0000,0x0000,0x0000,0x0000,
 0x0000,0x0000,0x0000,0x0000,0x0000,0x0000,0x0000,0x0000,0x0000,0x0000,0x0000,0x0000,
 0x0000,0x0000,0x0000,0x0000,0x0000,0x0000,0x0000,0x0000,0x0000,0x0000,0x0000,0x0000,
 0x0000,0x0000,0x0000,0x0000,0x0000,0x0000,0x0000,0x0000,0x0000,0x0000,0x0000,0x0000,
 0x0000,0x0000,0x0000,0x0000,0x0000,0x0000,0x0000,0x0000,0x0000,0x0000,0x0000,0x0000,
 0x0000,0x0000,0x0000,0x0000,0x0000,0x0000,0x0000,0x0000,0x0000,0x0000,0x0000,0x0000,
 0x0000,0x0000,0x0000,0x0000,0x0000,0x0000,0x0000,0x0000,0x0000,0x0000,0x0000,0x0000,
 0x0000,0x0000,0x0000,0x0000,0x0000,0x0000,0x0000,0x0000,0x0000,0x0000,0x0000,0x0000,
 0x0000,0x0000,0x0000,0x0000,0x0000,0x0000,0x0000,0x0000,0x0000,0x0000,0x0000,0x0000,
 0x0000,0x0000,0x0000,0x0000,0x0000,0x0000,0x0000,0x0000,0x0000,0x0000,0x0000,0x0000,
 0x0000,0x0000,0x0000,0x0000,0x0000,0x0000,0x0000,0x0000,0x0000,0x0000,0x0000,0x0000,
 0x0000,0x0000,0x0000,0x0000,0x0000,0x0000,0x0000,0x0000,0x0000,0x0000,0x0000,0x0000,
 0x0000,0x0000,0x0000,0x0000,0x0000,0x0000,0x0000,0x0000,0x0000,0x0000,0x0000,0x0000,
 0x0000,0x0000,0x0000,0x0000,0x0000,0x0000,0x0000,0x0000,0x0000,0x0000,0x0000,0x0000,
 0x0000,0x0000,0x0000,0x0000,0x0000,0x0000,0x0000,0x0000,0x0000,0x0000,0x0000,0x0000,
 0x0000,0x0000,0x0000,0x0000,0x0000,0x0000,0x0000,0x0000,0x0000,0x0000,0x0000,0x0000,
 0x0000,0x0000,0x0000,0x0000,0x0000,0x0000,0x0000,0x0000,0x0000,0x0000,0x0000,0x0000,
 0x0000,0x0000,0x0000,0x0000,0x0000,0x0000,0x0000,0x0000,0x0000,0x0000,0x0000,0x0000,
 0x0000,0x0000,0x0000,0x0000,0x0000,0x0000,0x0000,0x0000,0x0000,0x0000,0x0000,0x0000,
 0x0000,0x0000,0x0000,0x0000,0x0000,0x0000,0x0000,0x0000,0x0000,0x0000,0x0000,0x0000,
 0x0000,0x0000,0x0000,0x0000,0x0000,0x0000,0x0000,0x0000,0x0000,0x0000,0x0000,0x0000,
 0x0000,0x0000,0x0000,0x0000,0x0000,0x0000,0x0000,0x0000,0x0000,0x0000,0x0000,0x0000,
 0x0000,0x0000,0x0000,0x0000,0x0000,0x0000,0x0000,0x0000,0x0000,0x0000,0x0000,0x0000,
 0x0000,0x0000,0x0000,0x0000,0x0000,0x0000,0x0000,0x0000,0x0000,0x0000,0x0000,0x0000,
 0x0000,0x0000,0x0000,0x0000,0x0000,0x0000,0x0000,0x0000,0x0000,0x0000,0x0000,0x0000,
 0x0000,0x0000,0x0000,0x0000,0x0000,0x0000,0x0000,0x0000,0x0000,0x0000,0x0000,0x0000,
 0x0000,0x0000,0x0000,0x0000,0x0000,0x0000,0x0000,0x0000,0x0000,0x0000,0x0000,0x0000,
 0x0000,0x0000,0x0000,0x0000,0x0000,0x0000,0x0000,0x0000,0x0000,0x0000,0x0000,0x0000,
 0x0000,0x0000,0x0000,0x0000,0x0000,0x0000,0x0000,0x0000,0x0000,0x0000,0x0000,0x0000,
 0x0000,0x0000,0x0000,0x0000,0x0000,0x0000,0x0000,0x0000,0x0000,0x0000,0x0000,0x0000,
 0x0000,0x0000,0x0000,0x0000,0x0000,0x0000,0x0000,0x0000,0x0000,0x0000,0x0000,0x0000,
 0x0000,0x0000,0x0000,0x0000,0x0000,0x0000,0x0000,0x0000,0x0000,0x0000,0x0000,0x0000,
 0x0000,0x0000,0x0000,0x0000,0x0000,0x0000,0x0000,0x0000,0x0000,0x0000,0x0000,0x0000,
 0x0000,0x0000,0x0000,0x0000,0x0000,0x0000,0x0000,0x0000,0x0000,0x0000,0x0000,0x0000,
 0x0000,0x0000,0x0000,0x0000,0x0000,0x0000,0x0000,0x0000,0x0000,0x0000,0x0000,0x0000,
 0x0000,0x0000,0x0000,0x0000,0x0000,0x0000,0x0000,0x0000,0x0000,0x0000,0x0000,0x0000,
 0x0000,0x0000,0x0000,0x0000,0x0000,0x0000,0x0000,0x0000,0x0000,0x0000,0x0000,0x0000,
 0x0000,0x0000,0x0000,0x0000,0x0000,0x0000,0x0000,0x0000,0x0000,0x0000,0x0000,0x0000,
 0x0000,0x0000,0x0000,0x0000,0x0000,0x0000,0x0000,0x0000,0x0000,0x0000,0x0000,0x0000,
 0x0000,0x0000,0x0000,0x0000,0x0000,0x0000,0x0000,0x0000,0x0000,0x0000,0x0000,0x0000,
 0x0000,0x0000,0x0000,0x0000,0x0000,0x0000,0x0000,0x0000,0x0000,0x0000,0x0000,0x0000,
 0x0000,0x0000,0x0000,0x0000,0x0000,0x0000,0x0000,0x0000,0x0000,0x0000,0x0000,0x0000,
 0x0000,0x0000,0x0000,0x0000,0x0000,0x0000,0x0000,0x0000,0x0000,0x0000,0x0000,0x0000,
 0x0000,0x0000,0x0000,0x0000,0x0000,0x0000,0x0000,0x0000,0x0000,0x0000,0x0000,0x0000,
 0x0000,0x0000,0x0000,0x0000,0x0000,0x0000,0x0000,0x0000,0x0000,0x0000,0x0000,0x0000,
 0x0000,0x0000,0x0000,0x0000,0x0000,0x0000,0x0000,0x0000,0x0000,0x0000,0x0000,0x0000,
 0x0000,0x0000,0x0000,0x0000,0x0000,0x0000,0x0000,0x0000,0x0000,0x0000,0x0000,0x0000,
 0x0000,0x0000,0x0000,0x0000,0x0000,0x0000,0x0000,0x0000,0x0000,0x0000,0x0000,0x0000,
 0x0000,0x0000,0x0000,0x0000,0x0000,0x0000,0x0000,0x0000,0x0000,0x0000,0x0000,0x0000,
 0x0000,0x0000,0x0000,0x0000,0x0000,0x0000,0x0000,0x0000,0x0000,0x0000,0x0000,0x0000,
 0x0000,0x0000,0x0000,0x0000,0x0000,0x0000,0x0000,0x0000,0x0000,0x0000,0x0000,0x0000,
 0x0000,0x0000,0x0000,0x0000,0x0000,0x0000,0x0000,0x0000,0x0000,0x0000,0x0000,0x0000,
 0x0000,0x0000,0x0000,0x0000,0x0000,0x0000,0x0000,0x0000,0x0000,0x0000,0x0000,0x0000,
 0x0000,0x0000,0x0000,0x0000,0x0000,0x0000,0x0000,0x0000,0x0000,0x0000,0x0000,0x0000,
 0x0000,0x0000,0x0000,0x0000,0x0000,0x0000,0x0000,0x0000,0x0000,0x0000,0x0000,0x0000,
 0x0000,0x0000,0x0000,0x0000,0x0000,0x0000,0x0000,0x0000,0x0000,0x0000,0x0000,0x0000,
 0x0000,0x0000,0x0000,0x0000,0x0000,0x0000,0x0000,0x0000,0x0000,0x0000,0x0000,0x0000,
 0x0000,0x0000,0x0000,0x0000,0x0000,0x0000,0x0000,0x0000,0x0000,0x0000,0x0000,0x0000,
 0x0000,0x0000,0x0000,0x0000,0x0000,0x0000,0x0000,0x0000,0x0000,0x0000,0x0000,0x0000,
 0x0000,0x0000,0x0000,0x0000,0x0000,0x0000,0x0000,0x0000,0x0000,0x0000,0x0000,0x0000,
 0x0000,0x0000,0x0000,0x0000,0x0000,0x0000,0x0000,0x0000,0x0000,0x0000,0x0000,0x0000,
 0x0000,0x0000,0x0000,0x0000,0x0000,0x0000,0x0000,0x0000,0x0000,0x0000,0x0000,0x0000,
 0x0000,0x0000,0x0000,0x0000,0x0000,0x0000,0x0000,0x0000,0x0000,0x0000,0x0000,0x0000,
 0x0000,0x0000,0x0000,0x0000,0x0000,0x0000,0x0000,0x0000,0x0000,0x0000,0x0000,0x0000,
 0x0000,0x0000,0x0000,0x0000,0x0000,0x0000,0x0000,0x0000,0x0000,0x0000,0x0000,0x0000,
 0x0000,0x0000,0x0000,0x0000,0x0000,0x0000,0x0000,0x0000,0x0000,0x0000,0x0000,0x0000,
 0x0000,0x0000,0x0000,0x0000,0x0000,0x0000,0x0000,0x0000,0x0000,0x0000,0x0000,0x0000,
 0x0000,0x0000,0x0000,0x0000,0x0000,0x0000,0x0000,0x0000,0x0000,0x0000,0x0000,0x0000,
 0x0000,0x0000,0x0000,0x0000,0x0000,0x0000,0x0000,0x0000,0x0000,0x0000,0x0000,0x0000,
 0x0000,0x0000,0x0000,0x0000,0x0000,0x0000,0x0000,0x0000,0x0000,0x0000,0x0000,0x0000,
 0x0000,0x0000,0x0000,0x0000,0x0000,0x0000,0x0000,0x0000,0x0000,0x0000,0x0000,0x0000,
 0x0000,0x0000,0x0000,0x0000,0x0000,0x0000,0x0000,0x0000,0x0000,0x0000,0x0000,0x0000,
 0x0000,0x0000,0x0000,0x0000,0x0000,0x0000,0x0000,0x0000,0x0000,0x0000,0x0000,0x0000,
 0x0000,0x0000,0x0000,0x0000,0x0000,0x0000,0x0000,0x0000,0x0000,0x0000,0x0000,0x0000,
 0x0000,0x0000,0x0000,0x0000,0x0000,0x0000,0x0000,0x0000,0x0000,0x0000,0x0000,0x0000,
 0x0000,0x0000,0x0000,0x0000,0x0000,0x0000,0x0000,0x0000,0x0000,0x0000,0x0000,0x0000,
 0x0000,0x0000,0x0000,0x0000,0x0000,0x0000,0x0000,0x0000,0x0000,0x0000,0x0000,0x0000,
 0x0000,0x0000,0x0000,0x0000,0x0000,0x0000,0x0000,0x0000,0x0000,0x0000,0x0000,0x0000,
 0x0000,0x0000,0x0000,0x0000,0x0000,0x0000,0x0000,0x0000,0x0000,0x0000,0x0000,0x0000,
 0x0000,0x0000,0x0000,0x0000,0x0000,0x0000,0x0000,0x0000,0x0000,0x0000,0x0000,0x0000,
 0x0000,0x0000,0x0000,0x0000,0x0000,0x0000,0x0000,0x0000,0x0000,0x0000,0x0000,0x0000,
 0x0000,0x0000,0x0000,0x0000,0x0000,0x0000,0x0000,0x0000,0x0000,0x0000,0x0000,0x0000,
 0x0000,0x0000,0x0000,0x0000,0x0000,0x0000,0x0000,0x0000,0x0000,0x0000,0x0000,0x0000,
 0x0000,0x0000,0x0000,0x0000,0x0000,0x0000,0x0000,0x0000,0x0000,0x0000,0x0000,0x0000,
 0x0000,0x0000,0x0000,0x0000,0x0000,0x0000,0x0000,0x0000,0x0000,0x0000,0x0000,0x0000,
 0x0000,0x0000,0x0000,0x0000,0x0000,0x0000,0x0000,0x0000,0x0000,0x0000,0x0000,0x0000,
 0x0000,0x0000,0x0000,0x0000,0x0000,0x0000,0x0000,0x0000,0x0000,0x0000,0x0000,0x0000,
 0x0000,0x0000,0x0000,0x0000,0x0000,0x0000,0x0000,0x0000,0x0000,0x0000,0x0000,0x0000,
 0x0000,0x0000,0x0000,0x0000,0x0000,0x0000,0x0000,0x0000,0x0000,0x0000,0x0000,0x0000,
 0x0000,0x0000,0x0000,0x0000,0x0000,0x0000,0x0000,0x0000,0x0000,0x0000,0x0000,0x0000,
 0x0000,0x0000,0x0000,0x0000,0x0000,0x0000,0x0000,0x0000,0x0000,0x0000,0x0000,0x0000,
 0x0000,0x0000,0x0000,0x0000,0x0000,0x0000,0x0000,0x0000,0x0000,0x0000,0x0000,0x0000,
 0x0000,0x0000,0x0000,0x0000,0x0000,0x0000,0x0000,0x0000,0x0000,0x0000,0x0000,0x0000,
 0x0000,0x0000,0x0000,0x0000,0x0000,0x0000,0x0000,0x0000,0x0000,0x0000,0x0000,0x0000,
 0x0000,0x0000,0x0000,0x0000,0x0000,0x0000,0x0000,0x0000,0x0000,0x0000,0x0000,0x0000,
 0x0000,0x0000,0x0000,0x0000,0x0000,0x0000,0x0000,0x0000,0x0000,0x0000,0x0000,0x0000,
 0x0000,0x0000,0x0000,0x0000,0x0000,0x0000,0x0000,0x0000,0x0000,0x0000,0x0000,0x0000,
 0x0000,0x0000,0x0000,0x0000,0x0000,0x0000,0x0000,0x0000,0x0000,0x0000,0x0000,0x0000,
 0x0000,0x0000,0x0000,0x0000,0x0000,0x0000,0x0000,0x0000,0x0000,0x0000,0x0000,0x0000,
 0x0000,0x0000,0x0000,0x0000,0x0000,0x0000,0x0000,0x0000,0x0000,0x0000,0x0000,0x0000,
 0x0000,0x0000,0x0000,0x0000,0x0000,0x0000,0x0000,0x0000,0x0000,0x0000,0x0000,0x0000,
 0x0000,0x0000,0x0000,0x0000,0x0000,0x0000,0x0000,0x0000,0x0000,0x0000,0x0000,0x0000,
 0x0000,0x0000,0x0000,0x0000,0x0000,0x0000,0x0000,0x0000,0x0000,0x0000,0x0000,0x0000,
 0x0000,0x0000,0x0000,0x0000,0x0000,0x0000,0x0000,0x0000,0x0000,0x0000,0x0000,0x0000,
 0x0000,0x0000,0x0000,0x0000,0x0000,0x0000,0x0000,0x0000,0x0000,0x0000,0x0000,0x0000,
 0x0000,0x0000,0x0000,0x0000,0x0000,0x0000,0x0000,0x0000,0x0000,0x0000,0x0000,0x0000,
 0x0000,0x0000,0x0000,0x0000,0x0000,0x0000,0x0000,0x0000,0x0000,0x0000,0x0000,0x0000,
 0x0000,0x0000,0x0000,0x0000,0x0000,0x0000,0x0000,0x0000,0x0000,0x0000,0x0000,0x0000,
 0x0000,0x0000,0x0000,0x0000,0x0000,0x0000,0x0000,0x0000,0x0000,0x0000,0x0000,0x0000,
 0x0000,0x0000,0x0000,0x0000,0x0000,0x0000,0x0000,0x0000,0x0000,0x0000,0x0000,0x0000,
 0x0000,0x0000,0x0000,0x0000,0x0000,0x0000,0x0000,0x0000,0x0000,0x0000,0x0000,0x0000,
 0x0000,0x0000,0x0000,0x0000,0x0000,0x0000,0x0000,0x0000,0x0000,0x0000,0x0000,0x0000,
 0x0000,0x0000,0x0000,0x0000,0x0000,0x0000,0x0000,0x0000,0x0000,0x0000,0x0000,0x0000,
 0x0000,0x0000,0x0000,0x0000,0x0000,0x0000,0x0000,0x0000,0x0000,0x0000,0x0000,0x0000,
 0x0000,0x0000,0x0000,0x0000,0x0000,0x0000,0x0000,0x0000,0x0000,0x0000,0x0000,0x0000,
 0x0000,0x0000,0x0000,0x0000,0x0000,0x0000,0x0000,0x0000,0x0000,0x0000,0x0000,0x0000,
 0x0000,0x0000,0x0000,0x0000,0x0000,0x0000,0x0000,0x0000,0x0000,0x0000,0x0000,0x0000,
 0x0000,0x0000,0x0000,0x0000,0x0000,0x0000,0x0000,0x0000,0x0000,0x0000,0x0000,0x0000,
 0x0000,0x0000,0x0000,0x0000,0x0000,0x0000,0x0000,0x0000,0x0000,0x0000,0x0000,0x0000,
 0x0000,0x0000,0x0000,0x0000,0x0000,0x0000,0x0000,0x0000,0x0000,0x0000,0x0000,0x0000,
 0x0000,0x0000,0x0000,0x0000,0x0000,0x0000,0x0000,0x0000,0x0000,0x0000,0x0000,0x0000,
 0x0000,0x0000,0x0000,0x0000,0x0000,0x0000,0x0000,0x0000,0x0000,0x0000,0x0000,0x0000,
 0x0000,0x0000,0x0000,0x0000,0x0000,0x0000,0x0000,0x0000,0x0000,0x0000,0x0000,0x0000,
 0x0000,0x0000,0x0000,0x0000,0x0000,0x0000,0x0000,0x0000,0x0000,0x0000,0x0000,0x0000,
 0x0000,0x0000,0x0000,0x0000,0x0000,0x0000,0x0000,0x0000,0x0000,0x0000,0x0000,0x0000,
 0x0000,0x0000,0x0000,0x0000,0x0000,0x0000,0x0000,0x0000,0x0000,0x0000,0x0000,0x0000,
 0x0000,0x0000,0x0000,0x0000,0x0000,0x0000,0x0000,0x0000,0x0000,0x0000,0x0000,0x0000,
 0x0000,0x0000,0x0000,0x0000,0x0000,0x0000,0x0000,0x0000,0x0000,0x0000,0x0000,0x0000,
 0x0000,0x0000,0x0000,0x0000,0x0000,0x0000,0x0000,0x0000,0x0000,0x0000,0x0000,0x0000,
 0x0000,0x0000,0x0000,0x0000,0x0000,0x0000,0x0000,0x0000,0x0000,0x0000,0x0000,0x0000,
 0x0000,0x0000,0x0000,0x0000,0x0000,0x0000,0x0000,0x0000,0x0000,0x0000,0x0000,0x0000,
 0x0000,0x0000,0x0000,0x0000,0x0000,0x0000,0x0000,0x0000,0x0000,0x0000,0x0000,0x0000,
 0x0000,0x0000,0x0000,0x0000,0x0000,0x0000,0x0000,0x0000,0x0000,0x0000,0x0000,0x0000,
 0x0000,0x0000,0x0000,0x0000,0x0000,0x0000,0x0000,0x0000,0x0000,0x0000,0x0000,0x0000,
 0x0000,0x0000,0x0000,0x0000,0x0000,0x0000,0x0000,0x0000,0x0000,0x0000,0x0000,0x0000,
 0x0000,0x0000,0x0000,0x0000,0x0000,0x0000,0x0000,0x0000,0x0000,0x0000,0x0000,0x0000,
 0x0000,0x0000,0x0000,0x0000,0x0000,0x0000,0x0000,0x0000,0x0000,0x0000,0x0000,0x0000,
 0x0000,0x0000,0x0000,0x0000,0x0000,0x0000,0x0000,0x0000,0x0000,0x0000,0x0000,0x0000,
 0x0000,0x0000,0x0000,0x0000,0x0000,0x0000,0x0000,0x0000,0x0000,0x0000,0x0000,0x0000,
 0x0000,0x0000,0x0000,0x0000,0x0000,0x0000,0x0000,0x0000,0x0000,0x0000,0x0000,0x0000,
 0x0000,0x0000,0x0000,0x0000,0x0000,0x0000,0x0000,0x0000,0x0000,0x0000,0x0000,0x0000,
 0x0000,0x0000,0x0000,0x0000,0x0000,0x0000,0x0000,0x0000,0x0000,0x0000,0x0000,0x0000,
 0x0000,0x0000,0x0000,0x0000,0x0000,0x0000,0x0000,0x0000,0x0000,0x0000,0x0000,0x0000,
 0x0000,0x0000,0x0000,0x0000,0x0000,0x0000,0x0000,0x0000,0x0000,0x0000,0x0000,0x0000,
 0x0000,0x0000,0x0000,0x0000,0x0000,0x0000,0x0000,0x0000,0x0000,0x0000,0x0000,0x0000,
 0x0000,0x0000,0x0000,0x0000,0x0000,0x0000,0x0000,0x0000,0x0000,0x0000,0x0000,0x0000,
 0x0000,0x0000,0x0000,0x0000,0x0000,0x0000,0x0000,0x0000,0x0000,0x0000,0x0000,0x0000,
 0x0000,0x0000,0x0000,0x0000,0x0000,0x0000,0x0000,0x0000,0x0000,0x0000,0x0000,0x0000,
 0x0000,0x0000,0x0000,0x0000,0x0000,0x0000,0x0000,0x0000,0x0000,0x0000,0x0000,0x0000,
 0x0000,0x0000,0x0000,0x0000,0x0000,0x0000,0x0000,0x0000,0x0000,0x0000,0x0000,0x0000,
 0x0000,0x0000,0x0000,0x0000,0x0000,0x0000,0x0000,0x0000,0x0000,0x0000,0x0000,0x0000,
 0x0000,0x0000,0x0000,0x0000,0x0000,0x0000,0x0000,0x0000,0x0000,0x0000,0x0000,0x0000,
 0x0000,0x0000,0x0000,0x0000,0x0000,0x0000,0x0000,0x0000,0x0000,0x0000,0x0000,0x0000,
 0x0000,0x0000,0x0000,0x0000,0x0000,0x0000,0x0000,0x0000,0x0000,0x0000,0x0000,0x0000,
 0x0000,0x0000,0x0000,0x0000,0x0000,0x0000,0x0000,0x0000,0x0000,0x0000,0x0000,0x0000,
 0x0000,0x0000,0x0000,0x0000,0x0000,0x0000,0x0000,0x0000,0x0000,0x0000,0x0000,0x0000,
 0x0000,0x0000,0x0000,0x0000,0x0000,0x0000,0x0000,0x0000,0x0000,0x0000,0x0000,0x0000,
 0x0000,0x0000,0x0000,0x0000,0x0000,0x0000,0x0000,0x0000,0x0000,0x0000,0x0000,0x0000,
 0x0000,0x0000,0x0000,0x0000,0x0000,0x0000,0x0000,0x0000,0x0000,0x0000,0x0000,0x0000,
 0x0000,0x0000,0x0000,0x0000,0x0000,0x0000,0x0000,0x0000,0x0000,0x0000,0x0000,0x0000,
 0x0000,0x0000,0x0000,0x0000,0x0000,0x0000,0x0000,0x0000,0x0000,0x0000,0x0000,0x0000,
 0x0000,0x0000,0x0000,0x0000,0x0000,0x0000,0x0000,0x0000,0x0000,0x0000,0x0000,0x0000,
 0x0000,0x0000,0x0000,0x0000,0x0000,0x0000,0x0000,0x0000,0x0000,0x0000,0x0000,0x0000,
 0x0000,0x0000,0x0000,0x0000,0x0000,0x0000,0x0000,0x0000,0x0000,0x0000,0x0000,0x0000,
 0x0000,0x0000,0x0000,0x0000,0x0000,0x0000,0x0000,0x0000,0x0000,0x0000,0x0000,0x0000,
 0x0000,0x0000,0x0000,0x0000,0x0000,0x0000,0x0000,0x0000,0x0000,0x0000,0x0000,0x0000,
 0x0000,0x0000,0x0000,0x0000,0x0000,0x0000,0x0000,0x0000,0x0000,0x0000,0x0000,0x0000,
 0x0000,0x0000,0x0000,0x0000,0x0000,0x0000,0x0000,0x0000,0x0000,0x0000,0x0000,0x0000,
 0x0000,0x0000,0x0000,0x0000,0x0000,0x0000,0x0000,0x0000,0x0000,0x0000,0x0000,0x0000,
 0x0000,0x0000,0x0000,0x0000,0x0000,0x0000,0x0000,0x0000,0x0000,0x0000,0x0000,0x0000,
 0x0000,0x0000,0x0000,0x0000,0x0000,0x0000,0x0000,0x0000,0x0000,0x0000,0x0000,0x0000,
 0x0000,0x0000,0x0000,0x0000,0x0000,0x0000,0x0000,0x0000,0x0000,0x0000,0x0000,0x0000,
 0x0000,0x0000,0x0000,0x0000,0x0000,0x0000,0x0000,0x0000,0x0000,0x0000,0x0000,0x0000,
 0x0000,0x0000,0x0000,0x0000,0x0000,0x0000,0x0000,0x0000,0x0000,0x0000,0x0000,0x0000,
 0x0000,0x0000,0x0000,0x0000,0x0000,0x0000,0x0000,0x0000,0x0000,0x0000,0x0000,0x0000,
 0x0000,0x0000,0x0000,0x0000,0x0000,0x0000,0x0000,0x0000,0x0000,0x0000,0x0000,0x0000,
 0x0000,0x0000,0x0000,0x0000,0x0000,0x0000,0x0000,0x0000,0x0000,0x0000,0x0000,0x0000,
 0x0000,0x0000,0x0000,0x0000,0x0000,0x0000,0x0000,0x0000,0x0000,0x0000,0x0000,0x0000,
 0x0000,0x0000,0x0000,0x0000,0x0000,0x0000,0x0000,0x0000,0x0000,0x0000,0x0000,0x0000,
 0x0000,0x0000,0x0000,0x0000,0x0000,0x0000,0x0000,0x0000,0x0000,0x0000,0x0000,0x0000,
 0x0000,0x0000,0x0000,0x0000,0x0000,0x0000,0x0000,0x0000,0x0000,0x0000,0x0000,0x0000,
 0x0000,0x0000,0x0000,0x0000,0x0000,0x0000,0x0000,0x0000,0x0000,0x0000,0x0000,0x0000,
 0x0000,0x0000,0x0000,0x0000,0x0000,0x0000,0x0000,0x0000,0x0000,0x0000,0x0000,0x0000,
 0x0000,0x0000,0x0000,0x0000,0x0000,0x0000,0x0000,0x0000,0x0000,0x0000,0x0000,0x0000,
 0x0000,0x0000,0x0000,0x0000,0x0000,0x0000,0x0000,0x0000,0x0000,0x0000,0x0000,0x0000,
 0x0000,0x0000,0x0000,0x0000,0x0000,0x0000,0x0000,0x0000,0x0000,0x0000,0x0000,0x0000,
 0x0000,0x0000,0x0000,0x0000,0x0000,0x0000,0x0000,0x0000,0x0000,0x0000,0x0000,0x0000,
 0x0000,0x0000,0x0000,0x0000,0x0000,0x0000,0x0000,0x0000,0x0000,0x0000,0x0000,0x0000,
 0x0000,0x0000,0x0000,0x0000,0x0000,0x0000,0x0000,0x0000,0x0000,0x0000,0x0000,0x0000,
 0x0000,0x0000,0x0000,0x0000,0x0000,0x0000,0x0000,0x0000,0x0000,0x0000,0x0000,0x0000,
 0x0000,0x0000,0x0000,0x0000,0x0000,0x0000,0x0000,0x0000,0x0000,0x0000,0x0000,0x0000,
 0x0000,0x0000,0x0000,0x0000,0x0000,0x0000,0x0000,0x0000,0x0000,0x0000,0x0000,0x0000,
 0x0000,0x0000,0x0000,0x0000,0x0000,0x0000,0x0000,0x0000,0x0000,0x0000,0x0000,0x0000,
 0x0000,0x0000,0x0000,0x0000,0x0000,0x0000,0x0000,0x0000,0x0000,0x0000,0x0000,0x0000,
 0x0000,0x0000,0x0000,0x0000,0x0000,0x0000,0x0000,0x0000,0x0000,0x0000,0x0000,0x0000,
 0x0000,0x0000,0x0000,0x0000,0x0000,0x0000,0x0000,0x0000,0x0000,0x0000,0x0000,0x0000,
 0x0000,0x0000,0x0000,0x0000,0x0000,0x0000,0x0000,0x0000,0x0000,0x0000,0x0000,0x0000,
 0x0000,0x0000,0x0000,0x0000,0x0000,0x0000,0x0000,0x0000,0x0000,0x0000,0x0000,0x0000,
 0x0000,0x0000,0x0000,0x0000,0x0000,0x0000,0x0000,0x0000,0x0000,0x0000,0x0000,0x0000,
 0x0000,0x0000,0x0000,0x0000,0x0000,0x0000,0x0000,0x0000,0x0000,0x0000,0x0000,0x0000,
 0x0000,0x0000,0x0000,0x0000,0x0000,0x0000,0x0000,0x0000,0x0000,0x0000,0x0000,0x0000,
 0x0000,0x0000,0x0000,0x0000,0x0000,0x0000,0x0000,0x0000,0x0000,0x0000,0x0000,0x0000,
 0x0000,0x0000,0x0000,0x0000,0x0000,0x0000,0x0000,0x0000,0x0000,0x0000,0x0000,0x0000,
 0x0000,0x0000,0x0000,0x0000,0x0000,0x0000,0x0000,0x0000,0x0000,0x0000,0x0000,0x0000,
 0x0000,0x0000,0x0000,0x0000,0x0000,0x0000,0x0000,0x0000,0x0000,0x0000,0x0000,0x0000,
 0x0000,0x0000,0x0000,0x0000,0x0000,0x0000,0x0000,0x0000,0x0000,0x0000,0x0000,0x0000,
 0x0000,0x0000,0x0000,0x0000,0x0000,0x0000,0x0000,0x0000,0x0000,0x0000,0x0000,0x0000,
 0x0000,0x0000,0x0000,0x0000,0x0000,0x0000,0x0000,0x0000,0x0000,0x0000,0x0000,0x0000,
 0x0000,0x0000,0x0000,0x0000,0x0000,0x0000,0x0000,0x0000,0x0000,0x0000,0x0000,0x0000,
 0x0000,0x0000,0x0000,0x0000,0x0000,0x0000,0x0000,0x0000,0x0000,0x0000,0x0000,0x0000,
 0x0000,0x0000,0x0000,0x0000,0x0000,0x0000,0x0000,0x0000,0x0000,0x0000,0x0000,0x0000,
 0x0000,0x0000,0x0000,0x0000,0x0000,0x0000,0x0000,0x0000,0x0000,0x0000,0x0000,0x0000,
 0x0000,0x0000,0x0000,0x0000,0x0000,0x0000,0x0000,0x0000,0x0000,0x0000,0x0000,0x0000,
 0x0000,0x0000,0x0000,0x0000,0x0000,0x0000,0x0000,0x0000,0x0000,0x0000,0x0000,0x0000,
 0x0000,0x0000,0x0000,0x0000,0x0000,0x0000,0x0000,0x0000,0x0000,0x0000,0x0000,0x0000,
 0x0000,0x0000,0x0000,0x0000,0x0000,0x0000,0x0000,0x0000,0x0000,0x0000,0x0000,0x0000,
 0x0000,0x0000,0x0000,0x0000,0x0000,0x0000,0x0000,0x0000,0x0000,0x0000,0x0000,0x0000,
 0x0000,0x0000,0x0000,0x0000,0x0000,0x0000,0x0000,0x0000,0x0000,0x0000,0x0000,0x0000,
 0x0000,0x0000,0x0000,0x0000,0x0000,0x0000,0x0000,0x0000,0x0000,0x0000,0x0000,0x0000,
 0x0000,0x0000,0x0000,0x0000,0x0000,0x0000,0x0000,0x0000,0x0000,0x0000,0x0000,0x0000,
 0x0000,0x0000,0x0000,0x0000,0x0000,0x0000,0x0000,0x0000,0x0000,0x0000,0x0000,0x0000,
 0x0000,0x0000,0x0000,0x0000,0x0000,0x0000,0x0000,0x0000,0x0000,0x0000,0x0000,0x0000,
 0x0000,0x0000,0x0000,0x0000,0x0000,0x0000,0x0000,0x0000,0x0000,0x0000,0x0000,0x0000,
 0x0000,0x0000,0x0000,0x0000,0x0000,0x0000,0x0000,0x0000,0x0000,0x0000,0x0000,0x0000,
 0x0000,0x0000,0x0000,0x0000,0x0000,0x0000,0x0000,0x0000,0x0000,0x0000,0x0000,0x0000,
 0x0000,0x0000,0x0000,0x0000,0x0000,0x0000,0x0000,0x0000,0x0000,0x0000,0x0000,0x0000,
 0x0000,0x0000,0x0000,0x0000,0x0000,0x0000,0x0000,0x0000,0x0000,0x0000,0x0000,0x0000,
 0x0000,0x0000,0x0000,0x0000,0x0000,0x0000,0x0000,0x0000,0x0000,0x0000,0x0000,0x0000,
 0x0000,0x0000,0x0000,0x0000,0x0000,0x0000,0x0000,0x0000,0x0000,0x0000,0x0000,0x0000,
 0x0000,0x0000,0x0000,0x0000,0x0000,0x0000,0x0000,0x0000,0x0000,0x0000,0x0000,0x0000,
 0x0000,0x0000,0x0000,0x0000,0x0000,0x0000,0x0000,0x0000,0x0000,0x0000,0x0000,0x0000,
 0x0000,0x0000,0x0000,0x0000,0x0000,0x0000,0x0000,0x0000,0x0000,0x0000,0x0000,0x0000,
 0x0000,0x0000,0x0000,0x0000,0x0000,0x0000,0x0000,0x0000,0x0000,0x0000,0x0000,0x0000,
 0x0000,0x0000,0x0000,0x0000,0x0000,0x0000,0x0000,0x0000,0x0000,0x0000,0x0000,0x0000,
 0x0000,0x0000,0x0000,0x0000,0x0000,0x0000,0x0000,0x0000,0x0000,0x0000,0x0000,0x0000,
 0x0000,0x0000,0x0000,0x0000,0x0000,0x0000,0x0000,0x0000,0x0000,0x0000,0x0000,0x0000,
 0x0000,0x0000,0x0000,0x0000,0x0000,0x0000,0x0000,0x0000,0x0000,0x0000,0x0000,0x0000,
 0x0000,0x0000,0x0000,0x0000,0x0000,0x0000,0x0000,0x0000,0x0000,0x0000,0x0000,0x0000,
 0x0000,0x0000,0x0000,0x0000,0x0000,0x0000,0x0000,0x0000,0x0000,0x0000,0x0000,0x0000,
 0x0000,0x0000,0x0000,0x0000,0x0000,0x0000,0x0000,0x0000,0x0000,0x0000,0x0000,0x0000,
 0x0000,0x0000,0x0000,0x0000,0x0000,0x0000,0x0000,0x0000,0x0000,0x0000,0x0000,0x0000,
 0x0000,0x0000,0x0000,0x0000,0x0000,0x0000,0x0000,0x0000,0x0000,0x0000,0x0000,0x0000,
 0x0000,0x0000,0x0000,0x0000,0x0000,0x0000,0x0000,0x0000,0x0000,0x0000,0x0000,0x0000,
 0x0000,0x0000,0x0000,0x0000,0x0000,0x0000,0x0000,0x0000,0x0000,0x0000,0x0000,0x0000,
 0x0000,0x0000,0x0000,0x0000,0x0000,0x0000,0x0000,0x0000,0x0000,0x0000,0x0000,0x0000,
 0x0000,0x0000,0x0000,0x0000,0x0000,0x0000,0x0000,0x0000,0x0000,0x0000,0x0000,0x0000,
 0x0000,0x0000,0x0000,0x0000,0x0000,0x0000,0x0000,0x0000,0x0000,0x0000,0x0000,0x0000,
 0x0000,0x0000,0x0000,0x0000,0x0000,0x0000,0x0000,0x0000,0x0000,0x0000,0x0000,0x0000,
 0x0000,0x0000,0x0000,0x0000,0x0000,0x0000,0x0000,0x0000,0x0000,0x0000,0x0000,0x0000,
 0x0000,0x0000,0x0000,0x0000,0x0000,0x0000,0x0000,0x0000,0x0000,0x0000,0x0000,0x0000,
 0x0000,0x0000,0x0000,0x0000,0x0000,0x0000,0x0000,0x0000,0x0000,0x0000,0x0000,0x0000,
 0x0000,0x0000,0x0000,0x0000,0x0000,0x0000,0x0000,0x0000,0x0000,0x0000,0x0000,0x0000,
 0x0000,0x0000,0x0000,0x0000,0x0000,0x0000,0x0000,0x0000,0x0000,0x0000,0x0000,0x0000,
 0x0000,0x0000,0x0000,0x0000,0x0000,0x0000,0x0000,0x0000,0x0000,0x0000,0x0000,0x0000,
 0x0000,0x0000,0x0000,0x0000,0x0000,0x0000,0x0000,0x0000,0x0000,0x0000,0x0000,0x0000,
 0x0000,0x0000,0x0000,0x0000,0x0000,0x0000,0x0000,0x0000,0x0000,0x0000,0x0000,0x0000,
 0x0000,0x0000,0x0000,0x0000,0x0000,0x0000,0x0000,0x0000,0x0000,0x0000,0x0000,0x0000,
 0x0000,0x0000,0x0000,0x0000,0x0000,0x0000,0x0000,0x0000,0x0000,0x0000,0x0000,0x0000,
 0x0000,0x0000,0x0000,0x0000,0x0000,0x0000,0x0000,0x0000,0x0000,0x0000,0x0000,0x0000,
 0x0000,0x0000,0x0000,0x0000,0x0000,0x0000,0x0000,0x0000,0x0000,0x0000,0x0000,0x0000,
 0x0000,0x0000,0x0000,0x0000,0x0000,0x0000,0x0000,0x0000,0x0000,0x0000,0x0000,0x0000,
 0x0000,0x0000,0x0000,0x0000,0x0000,0x0000,0x0000,0x0000,0x0000,0x0000,0x0000,0x0000,
 0x0000,0x0000,0x0000,0x0000,0x0000,0x0000,0x0000,0x0000,0x0000,0x0000,0x0000,0x0000,
 0x0000,0x0000,0x0000,0x0000,0x0000,0x0000,0x0000,0x0000,0x0000,0x0000,0x0000,0x0000,
 0x0000,0x0000,0x0000,0x0000,0x0000,0x0000,0x0000,0x0000,0x0000,0x0000,0x0000,0x0000,
 0x0000,0x0000,0x0000,0x0000,0x0000,0x0000,0x0000,0x0000,0x0000,0x0000,0x0000,0x0000,
 0x0000,0x0000,0x0000,0x0000,0x0000,0x0000,0x0000,0x0000,0x0000,0x0000,0x0000,0x0000,
 0x0000,0x0000,0x0000,0x0000,0x0000,0x0000,0x0000,0x0000,0x0000,0x0000,0x0000,0x0000,
 0x0000,0x0000,0x0000,0x0000,0x0000,0x0000,0x0000,0x0000,0x0000,0x0000,0x0000,0x0000,
 0x0000,0x0000,0x0000,0x0000,0x0000,0x0000,0x0000,0x0000,0x0000,0x0000,0x0000,0x0000,
 0x0000,0x0000,0x0000,0x0000,0x0000,0x0000,0x0000,0x0000,0x0000,0x0000,0x0000,0x0000,
 0x0000,0x0000,0x0000,0x0000,0x0000,0x0000,0x0000,0x0000,0x0000,0x0000,0x0000,0x0000,
 0x0000,0x0000,0x0000,0x0000,0x0000,0x0000,0x0000,0x0000,0x0000,0x0000,0x0000,0x0000,
 0x0000,0x0000,0x0000,0x0000,0x0000,0x0000,0x0000,0x0000,0x0000,0x0000,0x0000,0x0000,
 0x0000,0x0000,0x0000,0x0000,0x0000,0x0000,0x0000,0x0000,0x0000,0x0000,0x0000,0x0000,
 0x0000,0x0000,0x0000,0x0000,0x0000,0x0000,0x0000,0x0000,0x0000,0x0000,0x0000,0x0000,
 0x0000,0x0000,0x0000,0x0000,0x0000,0x0000,0x0000,0x0000,0x0000,0x0000,0x0000,0x0000,
 0x0000,0x0000,0x0000,0x0000,0x0000,0x0000,0x0000,0x0000,0x0000,0x0000,0x0000,0x0000,
 0x0000,0x0000,0x0000,0x0000,0x0000,0x0000,0x0000,0x0000,0x0000,0x0000,0x0000,0x0000,
 0x0000,0x0000,0x0000,0x0000,0x0000,0x0000,0x0000,0x0000,0x0000,0x0000,0x0000,0x0000,
 0x0000,0x0000,0x0000,0x0000,0x0000,0x0000,0x0000,0x0000,0x0000,0x0000,0x0000,0x0000,
 0x0000,0x0000,0x0000,0x0000,0x0000,0x0000,0x0000,0x0000,0x0000,0x0000,0x0000,0x0000,
 0x0000,0x0000,0x0000,0x0000,0x0000,0x0000,0x0000,0x0000,0x0000,0x0000,0x0000,0x0000,
 0x0000,0x0000,0x0000,0x0000,0x0000,0x0000,0x0000,0x0000,0x0000,0x0000,0x0000,0x0000,
 0x0000,0x0000,0x0000,0x0000,0x0000,0x0000,0x0000,0x0000,0x0000,0x0000,0x0000,0x0000,
 0x0000,0x0000,0x0000,0x0000,0x0000,0x0000,0x0000,0x0000,0x0000,0x0000,0x0000,0x0000,
 0x0000,0x0000,0x0000,0x0000,0x0000,0x0000,0x0000,0x0000,0x0000,0x0000,0x0000,0x0000,
 0x0000,0x0000,0x0000,0x0000,0x0000,0x0000,0x0000,0x0000,0x0000,0x0000,0x0000,0x0000,
 0x0000,0x0000,0x0000,0x0000,0x0000,0x0000,0x0000,0x0000,0x0000,0x0000,0x0000,0x0000,
 0x0000,0x0000,0x0000,0x0000,0x0000,0x0000,0x0000,0x0000,0x0000,0x0000,0x0000,0x0000,
 0x0000,0x0000,0x0000,0x0000,0x0000,0x0000,0x0000,0x0000,0x0000,0x0000,0x0000,0x0000,
 0x0000,0x0000,0x0000,0x0000,0x0000,0x0000,0x0000,0x0000,0x0000,0x0000,0x0000,0x0000,
 0x0000,0x0000,0x0000,0x0000,0x0000,0x0000,0x0000,0x0000,0x0000,0x0000,0x0000,0x0000,
 0x0000,0x0000,0x0000,0x0000,0x0000,0x0000,0x0000,0x0000,0x0000,0x0000,0x0000,0x0000,
 0x0000,0x0000,0x0000,0x0000,0x0000,0x0000,0x0000,0x0000,0x0000,0x0000,0x0000,0x0000,
 0x0000,0x0000,0x0000,0x0000,0x0000,0x0000,0x0000,0x0000,0x0000,0x0000,0x0000,0x0000,
 0x0000,0x0000,0x0000,0x0000,0x0000,0x0000,0x0000,0x0000,0x0000,0x0000,0x0000,0x0000,
 0x0000,0x0000,0x0000,0x0000,0x0000,0x0000,0x0000,0x0000,0x0000,0x0000,0x0000,0x0000,
 0x0000,0x0000,0x0000,0x0000,0x0000,0x0000,0x0000,0x0000,0x0000,0x0000,0x0000,0x0000,
 0x0000,0x0000,0x0000,0x0000,0x0000,0x0000,0x0000,0x0000,0x0000,0x0000,0x0000,0x0000,
 0x0000,0x0000,0x0000,0x0000,0x0000,0x0000,0x0000,0x0000,0x0000,0x0000,0x0000,0x0000,
 0x0000,0x0000,0x0000,0x0000,0x0000,0x0000,0x0000,0x0000,0x0000,0x0000,0x0000,0x0000,
 0x0000,0x0000,0x0000,0x0000,0x0000,0x0000,0x0000,0x0000,0x0000,0x0000,0x0000,0x0000,
 0x0000,0x0000,0x0000,0x0000,0x0000,0x0000,0x0000,0x0000,0x0000,0x0000,0x0000,0x0000,
 0x0000,0x0000,0x0000,0x0000,0x0000,0x0000,0x0000,0x0000,0x0000,0x0000,0x0000,0x0000,
 0x0000,0x0000,0x0000,0x0000,0x0000,0x0000,0x0000,0x0000,0x0000,0x0000,0x0000,0x0000,
 0x0000,0x0000,0x0000,0x0000,0x0000,0x0000,0x0000,0x0000,0x0000,0x0000,0x0000,0x0000,
 0x0000,0x0000,0x0000,0x0000,0x0000,0x0000,0x0000,0x0000,0x0000,0x0000,0x0000,0x0000,
 0x0000,0x0000,0x0000,0x0000,0x0000,0x0000,0x0000,0x0000,0x0000,0x0000,0x0000,0x0000,
 0x0000,0x0000,0x0000,0x0000,0x0000,0x0000,0x0000,0x0000,0x0000,0x0000,0x0000,0x0000,
 0x0000,0x0000,0x0000,0x0000,0x0000,0x0000,0x0000,0x0000,0x0000,0x0000,0x0000,0x0000,
 0x0000,0x0000,0x0000,0x0000,0x0000,0x0000,0x0000,0x0000,0x0000,0x0000,0x0000,0x0000,
 0x0000,0x0000,0x0000,0x0000,0x0000,0x0000,0x0000,0x0000,0x0000,0x0000,0x0000,0x0000,
 0x0000,0x0000,0x0000,0x0000,0x0000,0x0000,0x0000,0x0000,0x0000,0x0000,0x0000,0x0000,
 0x0000,0x0000,0x0000,0x0000,0x0000,0x0000,0x0000,0x0000,0x0000,0x0000,0x0000,0x0000,
 0x0000,0x0000,0x0000,0x0000,0x0000,0x0000,0x0000,0x0000,0x0000,0x0000,0x0000,0x0000,
 0x0000,0x0000,0x0000,0x0000,0x0000,0x0000,0x0000,0x0000,0x0000,0x0000,0x0000,0x0000,
 0x0000,0x0000,0x0000,0x0000,0x0000,0x0000,0x0000,0x0000,0x0000,0x0000,0x0000,0x0000,
 0x0000,0x0000,0x0000,0x0000,0x0000,0x0000,0x0000,0x0000,0x0000,0x0000,0x0000,0x0000,
 0x0000,0x0000,0x0000,0x0000,0x0000,0x0000,0x0000,0x0000,0x0000,0x0000,0x0000,0x0000,
 0x0000,0x0000,0x0000,0x0000,0x0000,0x0000,0x0000,0x0000,0x0000,0x0000,0x0000,0x0000,
 0x0000,0x0000,0x0000,0x0000,0x0000,0x0000,0x0000,0x0000,0x0000,0x0000,0x0000,0x0000,
 0x0000,0x0000,0x0000,0x0000,0x0000,0x0000,0x0000,0x0000,0x0020,0x0000,0x0000,0x0000,
 0x0000,0x0000,0x0000,0x0000,0x0000,0x0000,0x0000,0x0000,0x0000,0x0000,0x0000,0x0000,
 0x0000,0x0000,0x0000,0x0000,0x0000,0x0000,0x0000,0x0000,0x0000,0x0000,0x0000,0x0000,
 0x0000,0x0000,0x0000,0x0000,0x0000,0x0000,0x0000,0x0000,0x0000,0x0000,0x0000,0x0000,
 0x0000,0x0000,0x0000,0x0000,0x0000,0x0000,0x0000,0x0000,0x0000,0x0000,0x0000,0x0000,
 0x0000,0x0000,0x0000,0x0000,0x0000,0x0000,0x0000,0x0000,0x0000,0x0000,0x0000,0x0000,
 0x0000,0x0000,0x0000,0x0000,0x0000,0x0000,0x0000,0x0000,0x0000,0x0000,0x0000,0x0000,
 0x0000,0x0000,0x0000,0x0000,0x0000,0x0000,0x0000,0x0000,0x0000,0x0000,0x0000,0x0000,
 0x0000,0x0000,0x0000,0x0000,0x0000,0x0000,0x0000,0x0000,0x0000,0x0000,0x0000,0x0000,
 0x0000,0x0000,0x0000,0x0000,0x0000,0x0000,0x0000,0x0000,0x0000,0x0000,0x0000,0x0000,
 0x0000,0x0000,0x0000,0x0000,0x0000,0x0000,0x0000,0x0000,0x0000,0x0000,0x0000,0x0000,
 0x0000,0x0000,0x0000,0x0000,0x0000,0x0000,0x0000,0x0000,0x0000,0x0000,0x0000,0x0000,
 0x0000,0x0000,0x0000,0x0000,0x0000,0x0000,0x0000,0x0000,0x0000,0x0000,0x0000,0x0000,
 0x0000,0x0000,0x0000,0x0000,0x0000,0x0000,0x0000,0x0000,0x0000,0x0000,0x0000,0x0000,
 0x0000,0x0000,0x0000,0x0000,0x0000,0x0000,0x0000,0x0000,0x0000,0x0000,0x0000,0x0000,
 0x0000,0x0000,0x0000,0x0000,0x0000,0x0000,0x0000,0x0000,0x0000,0x0000,0x0000,0x0000,
 0x0000,0x0000,0x0000,0x0000,0x0000,0x0000,0x0000,0x0000,0x0000,0x0000,0x0000,0x0000,
 0x0000,0x0000,0x0000,0x0000,0x0000,0x0000,0x0861,0x2124,0x39E7,0x528A,0x52AA,0x4A69,
 0x39C7,0x18C3,0x0000,0x0000,0x0000,0x0000,0x0000,0x0000,0x0000,0x0000,0x0000,0x0000,
 0x0000,0x0000,0x0000,0x0000,0x0000,0x0000,0x0000,0x0000,0x0000,0x0000,0x0000,0x0000,
 0x0000,0x0000,0x0000,0x0000,0x0000,0x0000,0x0000,0x0000,0x0000,0x0000,0x0000,0x0000,
 0x0000,0x0000,0x0000,0x0000,0x0000,0x0000,0x0000,0x0000,0x0000,0x0000,0x0000,0x0000,
 0x0000,0x0000,0x0000,0x0000,0x0000,0x0000,0x0000,0x0000,0x0000,0x0000,0x0000,0x0000,
 0x0000,0x0000,0x0000,0x0000,0x0000,0x0000,0x0000,0x0000,0x0000,0x0000,0x0000,0x0000,
 0x0000,0x0000,0x0000,0x0000,0x0000,0x0000,0x0000,0x0000,0x0000,0x0000,0x0000,0x0000,
 0x0000,0x0000,0x0000,0x0000,0x0000,0x0000,0x0000,0x0000,0x0000,0x0000,0x0000,0x0000,
 0x0000,0x0000,0x0000,0x0000,0x0000,0x0000,0x0000,0x0000,0x0000,0x0000,0x0000,0x0000,
 0x0000,0x0000,0x0000,0x0000,0x0000,0x0000,0x0000,0x0000,0x0000,0x0000,0x0000,0x0000,
 0x0000,0x0000,0x0000,0x0000,0x0000,0x0000,0x0000,0x0000,0x0000,0x0000,0x0000,0x0000,
 0x0000,0x0000,0x0000,0x0000,0x0000,0x0000,0x0000,0x0000,0x0000,0x0000,0x0000,0x0000,
 0x0000,0x0000,0x0000,0x0000,0x0000,0x0000,0x0000,0x0000,0x0000,0x0000,0x0000,0x0000,
 0x0000,0x0000,0x0000,0x0000,0x0000,0x0000,0x0000,0x0000,0x0000,0x0000,0x0000,0x0000,
 0x0000,0x0000,0x0000,0x0000,0x0000,0x0000,0x0000,0x0000,0x0000,0x0000,0x0000,0x0000,
 0x0000,0x0000,0x0000,0x0000,0x0000,0x0000,0x0000,0x0000,0x0000,0x0000,0x0000,0x2945,
 0x73AE,0xBDF7,0xE73C,0xFFDF,0xFFFF,0xFFFF,0xFFFF,0xFFFF,0xFFFF,0xF79E,0xD6BA,0xA514,
 0x52AA,0x1082,0x0000,0x0000,0x0000,0x0000,0x0000,0x0000,0x0000,0x0000,0x0000,0x0000,
 0x0000,0x0000,0x0000,0x0000,0x0000,0x0000,0x0000,0x0000,0x0000,0x0000,0x0000,0x0000,
 0x0000,0x0000,0x0000,0x0000,0x0000,0x0000,0x0000,0x0000,0x0000,0x0000,0x0000,0x0000,
 0x0000,0x0000,0x0000,0x0000,0x0000,0x0000,0x0000,0x0000,0x0000,0x0000,0x0000,0x0000,
 0x0000,0x0000,0x0000,0x0000,0x0000,0x0000,0x0000,0x0000,0x0000,0x0000,0x0000,0x0000,
 0x0000,0x0000,0x0000,0x0000,0x0000,0x0000,0x0000,0x0000,0x0000,0x0000,0x0000,0x0000,
 0x0000,0x0000,0x0000,0x0000,0x0000,0x0000,0x0000,0x0000,0x0000,0x0000,0x0000,0x0000,
 0x0000,0x0000,0x0000,0x0000,0x0000,0x0000,0x0000,0x0000,0x0000,0x0000,0x0000,0x0000,
 0x0000,0x0000,0x0000,0x0000,0x0000,0x0000,0x0000,0x0000,0x0000,0x0000,0x0000,0x0000,
 0x0000,0x0000,0x0000,0x0000,0x0000,0x0000,0x0000,0x0000,0x0000,0x0000,0x0000,0x0000,
 0x0000,0x0000,0x0000,0x0000,0x0000,0x0000,0x0000,0x0000,0x0000,0x0000,0x0000,0x0000,
 0x0000,0x0000,0x0000,0x0000,0x0000,0x0000,0x0000,0x0000,0x0000,0x0000,0x0000,0x0000,
 0x0000,0x0000,0x0000,0x0000,0x0000,0x0000,0x0000,0x0000,0x0000,0x0000,0x0000,0x0000,
 0x0000,0x0000,0x0000,0x0000,0x0000,0x0000,0x0000,0x0000,0x0000,0x0000,0x0000,0x0000,
 0x0000,0x0000,0x0000,0x0000,0x0000,0x0000,0x0000,0x0000,0x0000,0x0000,0x0000,0x0000,
 0x0000,0x0000,0x0000,0x0000,0x0000,0x4A49,0xB596,0xFFDF,0xFFFF,0xFFFF,0xFFFF,0xFFFF,
 0xFFFF,0xFFFF,0xFFFF,0xFFDF,0xFFFF,0xFFFF,0xFFFF,0xFFFF,0xFFFF,0xE71C,0x8C51,0x2104,
 0x0000,0x0000,0x0000,0x0000,0x0000,0x0000,0x0000,0x0000,0x0000,0x0000,0x0000,0x0000,
 0x0000,0x0000,0x0000,0x0000,0x0000,0x0000,0x0000,0x0000,0x0000,0x0000,0x0000,0x0000,
 0x0000,0x0000,0x0000,0x0000,0x0000,0x0000,0x0000,0x0000,0x0000,0x0000,0x0000,0x0000,
 0x0000,0x0000,0x0000,0x0000,0x0000,0x0000,0x0000,0x0000,0x0000,0x0000,0x0000,0x0000,
 0x0000,0x0000,0x0000,0x0000,0x0000,0x0000,0x0000,0x0000,0x0000,0x0000,0x0000,0x0000,
 0x0000,0x0000,0x0000,0x0000,0x0000,0x0000,0x0000,0x0000,0x0000,0x0000,0x0000,0x0000,
 0x0000,0x0000,0x0000,0x0000,0x0000,0x0000,0x0000,0x0000,0x0000,0x0000,0x0000,0x0000,
 0x0000,0x0000,0x0000,0x0000,0x0000,0x0000,0x0000,0x0000,0x0000,0x0000,0x0000,0x0000,
 0x0000,0x0000,0x0000,0x0000,0x0000,0x0000,0x0000,0x0000,0x0000,0x0000,0x0000,0x0000,
 0x0000,0x0000,0x0000,0x0000,0x0000,0x0000,0x0000,0x0000,0x0000,0x0000,0x0000,0x0000,
 0x0000,0x0000,0x0000,0x0000,0x0000,0x0000,0x0000,0x0000,0x0000,0x0000,0x0000,0x0000,
 0x0000,0x0000,0x0000,0x0000,0x0000,0x0000,0x0000,0x0000,0x0000,0x0000,0x0000,0x0000,
 0x0000,0x0000,0x0000,0x0000,0x0000,0x0000,0x0000,0x0000,0x0000,0x0000,0x0000,0x0000,
 0x0000,0x0000,0x0000,0x0000,0x0000,0x0000,0x0000,0x0000,0x0000,0x0000,0x0000,0x0000,
 0x0000,0x0000,0x0000,0x0000,0x0000,0x0000,0x0000,0x0000,0x0000,0x0000,0x0000,0x31A6,
 0xBDD7,0xFFFF,0xFFFF,0xFFFF,0xFFDF,0xFFDF,0xFFDF,0xFFDF,0xFFFF,0xFFFF,0xFFFF,0xFFFF,
 0xFFDF,0xFFDF,0xFFDF,0xFFDF,0xFFFF,0xFFFF,0xFFFF,0xEF7D,0x8410,0x0841,0x0000,0x0000,
 0x0000,0x0000,0x0000,0x0000,0x0000,0x0000,0x0000,0x0000,0x0000,0x0000,0x0000,0x0000,
 0x0000,0x0000,0x0000,0x0000,0x0000,0x0000,0x0000,0x0000,0x0000,0x0000,0x0000,0x0000,
 0x0000,0x0000,0x0000,0x0000,0x0000,0x0000,0x0000,0x0000,0x0000,0x0000,0x0000,0x0000,
 0x0000,0x0000,0x0000,0x0000,0x0000,0x0000,0x0000,0x0000,0x0000,0x0000,0x0000,0x0000,
 0x0000,0x0000,0x0000,0x0000,0x0000,0x0000,0x0000,0x0000,0x0000,0x0000,0x0000,0x0000,
 0x0000,0x0000,0x0000,0x0000,0x0000,0x0000,0x0000,0x0000,0x0000,0x0000,0x0000,0x0000,
 0x0000,0x0000,0x0000,0x0000,0x0000,0x0000,0x0000,0x0000,0x0000,0x0000,0x0000,0x0000,
 0x0000,0x0000,0x0000,0x0000,0x0000,0x0000,0x0000,0x0000,0x0000,0x0000,0x0000,0x0000,
 0x0000,0x0000,0x0000,0x0000,0x0000,0x0000,0x0000,0x0000,0x0000,0x0000,0x0000,0x0000,
 0x0000,0x0000,0x0000,0x0000,0x0000,0x0000,0x0000,0x0000,0x0000,0x0000,0x0000,0x0000,
 0x0000,0x0000,0x0000,0x0000,0x0000,0x0000,0x0000,0x0000,0x0000,0x0000,0x0000,0x0000,
 0x0000,0x0000,0x0000,0x0000,0x0000,0x0000,0x0000,0x0000,0x0000,0x0000,0x0000,0x0000,
 0x0000,0x0000,0x0000,0x0000,0x0000,0x0000,0x0000,0x0000,0x0000,0x0000,0x0000,0x0000,
 0x0000,0x0000,0x0000,0x0000,0x0000,0x0000,0x0000,0x0000,0x0000,0x0000,0x0000,0x0000,
 0x0000,0x0000,0x0000,0x0000,0x0000,0x0000,0x73AE,0xF7BE,0xFFFF,0xFFFF,0xFFFF,0xFFFF,
 0xFFFF,0xFFFF,0xFFFF,0xFFFF,0xFFFF,0xFFFF,0xFFFF,0xFFFF,0xFFFF,0xFFFF,0xFFFF,0xFFFF,
 0xFFFF,0xFFFF,0xFFDF,0xFFFF,0xFFFF,0xD69A,0x31A6,0x0000,0x0020,0x0000,0x0000,0x0000,
 0x0000,0x0000,0x0000,0x0000,0x0000,0x0000,0x0000,0x0000,0x0000,0x0000,0x0000,0x0000,
 0x0000,0x0000,0x0000,0x0000,0x0000,0x0000,0x0000,0x0000,0x0000,0x0000,0x0000,0x0000,
 0x0000,0x0000,0x0000,0x0000,0x0000,0x0000,0x0000,0x0000,0x0000,0x0000,0x0000,0x0000,
 0x0000,0x0000,0x0000,0x0000,0x0000,0x0000,0x0000,0x0000,0x0000,0x0000,0x0000,0x0000,
 0x0000,0x0000,0x0000,0x0000,0x0000,0x0000,0x0000,0x0000,0x0000,0x0000,0x0000,0x0000,
 0x0000,0x0000,0x0000,0x0000,0x0000,0x0000,0x0000,0x0000,0x0000,0x0000,0x0000,0x0000,
 0x0000,0x0000,0x0000,0x0000,0x0000,0x0000,0x0000,0x0000,0x0000,0x0000,0x0000,0x0000,
 0x0000,0x0000,0x0000,0x0000,0x0000,0x0000,0x0000,0x0000,0x0000,0x0000,0x0000,0x0000,
 0x0000,0x0000,0x0000,0x0000,0x0000,0x0000,0x0000,0x0000,0x0000,0x0000,0x0000,0x0000,
 0x0000,0x0000,0x0000,0x0000,0x0000,0x0000,0x0000,0x0000,0x0000,0x0000,0x0000,0x0000,
 0x0000,0x0000,0x0000,0x0000,0x0000,0x0000,0x0000,0x0000,0x0000,0x0000,0x0000,0x0000,
 0x0000,0x0000,0x0000,0x0000,0x0000,0x0000,0x0000,0x0000,0x0000,0x0000,0x0000,0x0000,
 0x0000,0x0000,0x0000,0x0000,0x0000,0x0000,0x0000,0x0000,0x0000,0x0000,0x0000,0x0000,
 0x0000,0x0000,0x0000,0x0000,0x0000,0x0000,0x0000,0x0000,0x0000,0x0000,0x0000,0x0000,
 0x0841,0xAD55,0xFFFF,0xFFFF,0xFFFF,0xFFFF,0xFFFF,0xFFFF,0xFFFF,0xFFBF,0xCE5B,0x9CD6,
 0x7BF3,0x6B71,0x6351,0x7392,0x8454,0xB598,0xE6FD,0xFFFF,0xFFFF,0xFFFF,0xFFFF,0xFFFF,
 0xFFDF,0xFFFF,0xF79E,0x52AA,0x0000,0x0020,0x0000,0x0000,0x0000,0x0000,0x0000,0x0000,
 0x0000,0x0000,0x0000,0x0000,0x0000,0x0000,0x0000,0x0000,0x0000,0x0000,0x0000,0x0000,
 0x0000,0x0000,0x0000,0x0000,0x0000,0x0000,0x0000,0x0000,0x0000,0x0000,0x0000,0x0000,
 0x0000,0x0000,0x0000,0x0000,0x0000,0x0000,0x0000,0x0000,0x0000,0x0000,0x0000,0x0000,
 0x0000,0x0000,0x0000,0x0000,0x0000,0x0000,0x0000,0x0000,0x0000,0x0000,0x0000,0x0000,
 0x0000,0x0000,0x0000,0x0000,0x0000,0x0000,0x0000,0x0000,0x0000,0x0000,0x0000,0x0000,
 0x0000,0x0000,0x0000,0x0000,0x0000,0x0000,0x0000,0x0000,0x0000,0x0000,0x0000,0x0000,
 0x0000,0x0000,0x0000,0x0000,0x0000,0x0000,0x0000,0x0000,0x0000,0x0000,0x0000,0x0000,
 0x0000,0x0000,0x0000,0x0000,0x0000,0x0000,0x0000,0x0000,0x0000,0x0000,0x0000,0x0000,
 0x0000,0x0000,0x0000,0x0000,0x0000,0x0000,0x0000,0x0000,0x0000,0x0000,0x0000,0x0000,
 0x0000,0x0000,0x0000,0x0000,0x0000,0x0000,0x0000,0x0000,0x0000,0x0000,0x0000,0x0000,
 0x0000,0x0000,0x0000,0x0000,0x0000,0x0000,0x0000,0x0000,0x0000,0x0000,0x0000,0x0000,
 0x0000,0x0000,0x0000,0x0000,0x0000,0x0000,0x0000,0x0000,0x0000,0x0000,0x0000,0x0000,
 0x0000,0x0000,0x0000,0x0000,0x0000,0x0000,0x0000,0x0000,0x0000,0x0000,0x0000,0x0000,
 0x0000,0x0000,0x0000,0x0000,0x0000,0x0000,0x0000,0x0841,0xBDF7,0xFFFF,0xFFDF,0xFFFF,
 0xFFFF,0xFFFF,0xFFFF,0xDEFC,0x8454,0x3A0D,0x1909,0x08C8,0x08C8,0x10E8,0x10E8,0x10E8,
 0x08C8,0x10E8,0x216A,0x52CF,0xA537,0xF7BF,0xFFFF,0xFFFF,0xFFFF,0xFFFF,0xFFFF,0xFFFF,
 0x630C,0x0000,0x0020,0x0000,0x0000,0x0000,0x0000,0x0000,0x0000,0x0000,0x0000,0x0000,
 0x0000,0x0000,0x0000,0x0000,0x0000,0x0000,0x0000,0x0000,0x0000,0x0000,0x0000,0x0000,
 0x0000,0x0000,0x0000,0x0000,0x0000,0x0000,0x0000,0x0000,0x0000,0x0000,0x0000,0x0000,
 0x0000,0x0000,0x0000,0x0000,0x0000,0x0000,0x0000,0x0000,0x0000,0x0000,0x0000,0x0000,
 0x0000,0x0000,0x0000,0x0000,0x0000,0x0000,0x0000,0x0000,0x0000,0x0000,0x0000,0x0000,
 0x0000,0x0000,0x0000,0x0000,0x0000,0x0000,0x0000,0x0000,0x0000,0x0000,0x0000,0x0000,
 0x0000,0x0000,0x0000,0x0000,0x0000,0x0000,0x0000,0x0000,0x0000,0x0000,0x0000,0x0000,
 0x0000,0x0000,0x0000,0x0000,0x0000,0x0000,0x0000,0x0000,0x0000,0x0000,0x0000,0x0000,
 0x0000,0x0000,0x0000,0x0000,0x0000,0x0000,0x0000,0x0000,0x0000,0x0000,0x0000,0x0000,
 0x0000,0x0000,0x0000,0x0000,0x0000,0x0000,0x0000,0x0000,0x0000,0x0000,0x0000,0x0000,
 0x0000,0x0000,0x0000,0x0000,0x0000,0x0000,0x0000,0x0000,0x0000,0x0000,0x0000,0x0000,
 0x0000,0x0000,0x0000,0x0000,0x0000,0x0000,0x0000,0x0000,0x0000,0x0000,0x0000,0x0000,
 0x0000,0x0000,0x0000,0x0000,0x0000,0x0000,0x0000,0x0000,0x0000,0x0000,0x0000,0x0000,
 0x0000,0x0000,0x0000,0x0000,0x0000,0x0000,0x0000,0x0000,0x0000,0x0000,0x0000,0x0000,
 0x0000,0x0000,0x0000,0xAD75,0xFFFF,0xFFDF,0xFFFF,0xFFFF,0xFFFF,0xF79F,0x8C54,0x216A,
 0x08C8,0x1109,0x194A,0x216A,0x216A,0x216A,0x216A,0x216A,0x216A,0x216A,0x1949,0x10E8,
 0x10C8,0x3A2D,0xB598,0xFFFF,0xFFFF,0xFFFF,0xFFFF,0xFFFF,0xFFFF,0x52AA,0x0000,0x0000,
 0x0000,0x0000,0x0000,0x0000,0x0000,0x0000,0x0000,0x0000,0x0000,0x0000,0x0000,0x0000,
 0x0000,0x0000,0x0000,0x0000,0x0000,0x0000,0x0000,0x0000,0x0000,0x0000,0x0000,0x0000,
 0x0000,0x0000,0x0000,0x0000,0x0000,0x0000,0x0000,0x0000,0x0000,0x0000,0x0000,0x0000,
 0x0000,0x0000,0x0000,0x0000,0x0000,0x0000,0x0000,0x0000,0x0000,0x0000,0x0000,0x0000,
 0x0000,0x0000,0x0000,0x0000,0x0000,0x0000,0x0000,0x0000,0x0000,0x0000,0x0000,0x0000,
 0x0000,0x0000,0x0000,0x0000,0x0000,0x0000,0x0000,0x0000,0x0000,0x0000,0x0000,0x0000,
 0x0000,0x0000,0x0000,0x0000,0x0000,0x0000,0x0000,0x0000,0x0000,0x0000,0x0000,0x0000,
 0x0000,0x0000,0x0000,0x0000,0x0000,0x0000,0x0000,0x0000,0x0000,0x0000,0x0000,0x0000,
 0x0000,0x0000,0x0000,0x0000,0x0000,0x0000,0x0000,0x0000,0x0000,0x0000,0x0000,0x0000,
 0x0000,0x0000,0x0000,0x0000,0x0000,0x0000,0x0000,0x0000,0x0000,0x0000,0x0000,0x0000,
 0x0000,0x0000,0x0000,0x0000,0x0000,0x0000,0x0000,0x0000,0x0000,0x0000,0x0000,0x0000,
 0x0000,0x0000,0x0000,0x0000,0x0000,0x0000,0x0000,0x0000,0x0000,0x0000,0x0000,0x0000,
 0x0000,0x0000,0x0000,0x0000,0x0000,0x0000,0x0000,0x0000,0x0000,0x0000,0x0000,0x0000,
 0x0000,0x0000,0x0000,0x0000,0x0000,0x0000,0x0000,0x0000,0x0000,0x0000,0x8430,0xFFFF,
 0xFFDF,0xFFFF,0xFFFF,0xFFFF,0xD69B,0x3A2D,0x08C8,0x1949,0x216A,0x214A,0x1949,0x1949,
 0x1949,0x1949,0x1949,0x1949,0x1949,0x1949,0x194A,0x214A,0x216A,0x1109,0x10E8,0x73B2,
 0xFFBF,0xFFFF,0xFFFF,0xFFFF,0xFFFF,0xF7BE,0x2965,0x0000,0x0000,0x0000,0x0000,0x0000,
 0x0000,0x0000,0x0000,0x0000,0x0000,0x0000,0x0000,0x0000,0x0000,0x0000,0x0000,0x0000,
 0x0000,0x0000,0x0000,0x0000,0x0000,0x0000,0x0000,0x0000,0x0000,0x0000,0x0000,0x0000,
 0x0000,0x0000,0x0000,0x0000,0x0000,0x0000,0x0000,0x0000,0x0000,0x0000,0x0000,0x0000,
 0x0000,0x0000,0x0000,0x0000,0x0000,0x0000,0x0000,0x0000,0x0000,0x0000,0x0000,0x0000,
 0x0000,0x0000,0x0000,0x0000,0x0000,0x0000,0x0000,0x0000,0x0000,0x0000,0x0000,0x0000,
 0x0000,0x0000,0x0000,0x0000,0x0000,0x0000,0x0000,0x0000,0x0000,0x0000,0x0000,0x0000,
 0x0000,0x0000,0x0000,0x0000,0x0000,0x0000,0x0000,0x0000,0x0000,0x0000,0x0000,0x0000,
 0x0000,0x0000,0x0000,0x0000,0x0000,0x0000,0x0000,0x0000,0x0000,0x0000,0x0000,0x0000,
 0x0000,0x0000,0x0000,0x0000,0x0000,0x0000,0x0000,0x0000,0x0000,0x0000,0x0000,0x0000,
 0x0000,0x0000,0x0000,0x0000,0x0000,0x0000,0x0000,0x0000,0x0000,0x0000,0x0000,0x0000,
 0x0000,0x0000,0x0000,0x0000,0x0000,0x0000,0x0000,0x0000,0x0000,0x0000,0x0000,0x0000,
 0x0000,0x0000,0x0000,0x0000,0x0000,0x0000,0x0000,0x0000,0x0000,0x0000,0x0000,0x0000,
 0x0000,0x0000,0x0000,0x0000,0x0000,0x0000,0x0000,0x0000,0x0000,0x0000,0x0000,0x0000,
 0x0000,0x0000,0x0000,0x0000,0x0000,0x4228,0xFFFF,0xFFDF,0xFFFF,0xFFFF,0xFFFF,0xC61A,
 0x214A,0x1108,0x216A,0x194A,0x1949,0x1949,0x1949,0x1949,0x1949,0x1949,0x1949,0x1949,
 0x1949,0x1949,0x1949,0x1949,0x1949,0x214A,0x216A,0x08C8,0x52CF,0xF79E,0xFFFF,0xFFFF,
 0xFFFF,0xFFFF,0xCE59,0x0020,0x0000,0x0000,0x0000,0x0000,0x0000,0x0000,0x0000,0x0000,
 0x0000,0x0000,0x0000,0x0000,0x0000,0x0000,0x0000,0x0000,0x0000,0x0000,0x0000,0x0000,
 0x0000,0x0000,0x0000,0x0000,0x0000,0x0000,0x0000,0x0000,0x0000,0x0000,0x0000,0x0000,
 0x0000,0x0000,0x0000,0x0000,0x0000,0x0000,0x0000,0x0000,0x0000,0x0000,0x0000,0x0000,
 0x0000,0x0000,0x0000,0x0000,0x0000,0x0000,0x0000,0x0000,0x0000,0x0000,0x0000,0x0000,
 0x0000,0x0000,0x0000,0x0000,0x0000,0x0000,0x0000,0x0000,0x0000,0x0000,0x0000,0x0000,
 0x0000,0x0000,0x0000,0x0000,0x0000,0x0000,0x0000,0x0000,0x0000,0x0000,0x0000,0x0000,
 0x0000,0x0000,0x0000,0x0000,0x0000,0x0000,0x0000,0x0000,0x0000,0x0000,0x0000,0x0000,
 0x0000,0x0000,0x0000,0x0000,0x0000,0x0000,0x0000,0x0000,0x0000,0x0000,0x0000,0x0000,
 0x0000,0x0000,0x0000,0x0000,0x0000,0x0000,0x0000,0x0000,0x0000,0x0000,0x0000,0x0000,
 0x0000,0x0000,0x0000,0x0000,0x0000,0x0000,0x0000,0x0000,0x0000,0x0000,0x0000,0x0000,
 0x0000,0x0000,0x0000,0x0000,0x0000,0x0000,0x0000,0x0000,0x0000,0x0000,0x0000,0x0000,
 0x0000,0x0000,0x0000,0x0000,0x0000,0x0000,0x0000,0x0000,0x0000,0x0000,0x0000,0x0000,
 0x0000,0x0000,0x0000,0x0000,0x0000,0x0000,0x0000,0x0000,0x0000,0x0000,0x0000,0x0000,
 0x0841,0xDEDB,0xFFFF,0xFFFF,0xFFFF,0xFFFF,0xCE5B,0x214A,0x1929,0x216A,0x1949,0x1949,
 0x1949,0x1949,0x1949,0x1949,0x1949,0x1949,0x1949,0x1949,0x1949,0x1949,0x1949,0x1949,
 0x1949,0x1949,0x1949,0x216A,0x08C8,0x52CF,0xFFDF,0xFFFF,0xFFFF,0xFFDF,0xFFFF,0x738E,
 0x0000,0x0000,0x0000,0x0000,0x0000,0x0000,0x0000,0x0000,0x0000,0x0000,0x0000,0x0000,
 0x0000,0x0000,0x0000,0x0000,0x0000,0x0000,0x0000,0x0000,0x0000,0x0000,0x0000,0x0000,
 0x0000,0x0000,0x0000,0x0000,0x0000,0x0000,0x0000,0x0000,0x0000,0x0000,0x0000,0x0000,
 0x0000,0x0000,0x0000,0x0000,0x0000,0x0000,0x0000,0x0000,0x0000,0x0000,0x0000,0x0000,
 0x0000,0x0000,0x0000,0x0000,0x0000,0x0000,0x0000,0x0000,0x0000,0x0000,0x0000,0x0000,
 0x0000,0x0000,0x0000,0x0000,0x0000,0x0000,0x0000,0x0000,0x0000,0x0000,0x0000,0x0000,
 0x0000,0x0000,0x0000,0x0000,0x0000,0x0000,0x0000,0x0000,0x0000,0x0000,0x0000,0x0000,
 0x0000,0x0000,0x0000,0x0000,0x0000,0x0000,0x0000,0x0000,0x0000,0x0000,0x0000,0x0000,
 0x0000,0x0000,0x0000,0x0000,0x0000,0x0000,0x0000,0x0000,0x0000,0x0000,0x0000,0x0000,
 0x0000,0x0000,0x0000,0x0000,0x0000,0x0000,0x0000,0x0000,0x0000,0x0000,0x0000,0x0000,
 0x0000,0x0000,0x0000,0x0000,0x0000,0x0000,0x0000,0x0000,0x0000,0x0000,0x0000,0x0000,
 0x0000,0x0000,0x0000,0x0000,0x0000,0x0000,0x0000,0x0000,0x0000,0x0000,0x0000,0x0000,
 0x0000,0x0000,0x0000,0x0000,0x0000,0x0000,0x0000,0x0000,0x0000,0x0000,0x0000,0x0000,
 0x0000,0x0000,0x0000,0x0000,0x0000,0x0000,0x0000,0x0000,0x738E,0xFFFF,0xFFDF,0xFFFF,
 0xFFFF,0xE73D,0x31AB,0x1109,0x216A,0x1949,0x1949,0x1949,0x1949,0x1949,0x1949,0x1949,
 0x1949,0x1949,0x1949,0x1949,0x1949,0x1949,0x1949,0x1949,0x1949,0x1949,0x1949,0x1949,
 0x216A,0x08C8,0x7BF3,0xFFFF,0xFFFF,0xFFFF,0xFFFF,0xEF7D,0x18C3,0x0000,0x0000,0x0000,
 0x0000,0x0000,0x0000,0x0000,0x0000,0x0000,0x0000,0x0000,0x0000,0x0000,0x0000,0x0000,
 0x0000,0x0000,0x0000,0x0000,0x0000,0x0000,0x0000,0x0000,0x0000,0x0000,0x0000,0x0000,
 0x0000,0x0000,0x0000,0x0000,0x0000,0x0000,0x0000,0x0000,0x0000,0x0000,0x0000,0x0000,
 0x0000,0x0000,0x0000,0x0000,0x0000,0x0000,0x0000,0x0000,0x0000,0x0000,0x0000,0x0000,
 0x0000,0x0000,0x0000,0x0000,0x0000,0x0000,0x0000,0x0000,0x0000,0x0000,0x0000,0x0000,
 0x0000,0x0000,0x0000,0x0000,0x0000,0x0000,0x0000,0x0000,0x0000,0x0000,0x0000,0x0000,
 0x0000,0x0000,0x0000,0x0000,0x0000,0x0000,0x0000,0x0000,0x0000,0x0000,0x0000,0x0000,
 0x0000,0x0000,0x0000,0x0000,0x0000,0x0000,0x0000,0x0000,0x0000,0x0000,0x0000,0x0000,
 0x0000,0x0000,0x0000,0x0000,0x0000,0x0000,0x0000,0x0000,0x0000,0x0000,0x0000,0x0000,
 0x0000,0x0000,0x0000,0x0000,0x0000,0x0000,0x0000,0x0000,0x0000,0x0000,0x0000,0x0000,
 0x0000,0x0000,0x0000,0x0000,0x0000,0x0000,0x0000,0x0000,0x0000,0x0000,0x0000,0x0000,
 0x0000,0x0000,0x0000,0x0000,0x0000,0x0000,0x0000,0x0000,0x0000,0x0000,0x0000,0x0000,
 0x0000,0x0000,0x0000,0x0000,0x0000,0x0000,0x0000,0x0000,0x0000,0x0000,0x0000,0x0000,
 0x0000,0x0000,0x0000,0x0861,0xE71C,0xFFFF,0xFFFF,0xFFFF,0xFFFF,0x6351,0x08C8,0x216A,
 0x1949,0x1949,0x1949,0x1949,0x1949,0x1949,0x1949,0x1949,0x1949,0x1949,0x1949,0x1949,
 0x1949,0x1949,0x1949,0x1949,0x1949,0x1949,0x1949,0x1949,0x1949,0x216A,0x10E9,0xBDF9,
 0xFFFF,0xFFFF,0xFFDF,0xFFFF,0x7BEF,0x0000,0x0020,0x0000,0x0000,0x0000,0x0000,0x0000,
 0x0000,0x0000,0x0000,0x0000,0x0000,0x0000,0x0000,0x0000,0x0000,0x0000,0x0000,0x0000,
 0x0000,0x0000,0x0000,0x0000,0x0000,0x0000,0x0000,0x0000,0x0000,0x0000,0x0000,0x0000,
 0x0000,0x0000,0x0000,0x0000,0x0000,0x0000,0x0000,0x0000,0x0000,0x0000,0x0000,0x0000,
 0x0000,0x0000,0x0000,0x0000,0x0000,0x0000,0x0000,0x0000,0x0000,0x0000,0x0000,0x0000,
 0x0000,0x0000,0x0000,0x0000,0x0000,0x0000,0x0000,0x0000,0x0000,0x0000,0x0000,0x0000,
 0x0000,0x0000,0x0000,0x0000,0x0000,0x0000,0x0000,0x0000,0x0000,0x0000,0x0000,0x0000,
 0x0000,0x0000,0x0000,0x0000,0x0000,0x0000,0x0000,0x0000,0x0000,0x0000,0x0000,0x0000,
 0x0000,0x0000,0x0000,0x0000,0x0000,0x0000,0x0000,0x0000,0x0000,0x0000,0x0000,0x0000,
 0x0000,0x0000,0x0000,0x0000,0x0000,0x0000,0x0000,0x0000,0x0000,0x0000,0x0000,0x0000,
 0x0000,0x0000,0x0000,0x0000,0x0000,0x0000,0x0000,0x0000,0x0000,0x0000,0x0000,0x0000,
 0x0000,0x0000,0x0000,0x0000,0x0000,0x0000,0x0000,0x0000,0x0000,0x0000,0x0000,0x0000,
 0x0000,0x0000,0x0000,0x0000,0x0000,0x0000,0x0000,0x0000,0x0000,0x0000,0x0000,0x0000,
 0x0000,0x0000,0x0000,0x0000,0x0000,0x0000,0x0000,0x0000,0x0000,0x0020,0x0000,0x52AA,
 0xFFFF,0xFFFF,0xFFFF,0xFFFF,0xC61A,0x10E9,0x216A,0x1949,0x1949,0x1949,0x1949,0x1949,
 0x1949,0x1949,0x214A,0x194A,0x1949,0x1949,0x1949,0x1949,0x1949,0x1949,0x1949,0x1949,
 0x1949,0x1949,0x1949,0x1949,0x1949,0x214A,0x1108,0x424D,0xFFDF,0xFFFF,0xFFDF,0xFFFF,
 0xDEDB,0x0841,0x0000,0x0000,0x0000,0x0000,0x0000,0x0000,0x0000,0x0000,0x0000,0x0000,
 0x0000,0x0000,0x0000,0x0000,0x0000,0x0000,0x0000,0x0000,0x0000,0x0000,0x0000,0x0000,
 0x0000,0x0000,0x0000,0x0000,0x0000,0x0000,0x0000,0x0000,0x0000,0x0000,0x0000,0x0000,
 0x0000,0x0000,0x0000,0x0000,0x0000,0x0000,0x0000,0x0000,0x0000,0x0000,0x0000,0x0000,
 0x0000,0x0000,0x0000,0x0000,0x0000,0x0000,0x0000,0x0000,0x0000,0x0000,0x0000,0x0000,
 0x0000,0x0000,0x0000,0x0000,0x0000,0x0000,0x0000,0x0000,0x0000,0x0000,0x0000,0x0000,
 0x0000,0x0000,0x0000,0x0000,0x0000,0x0000,0x0000,0x0000,0x0000,0x0000,0x0000,0x0000,
 0x0000,0x0000,0x0000,0x0000,0x0000,0x0000,0x0000,0x0000,0x0000,0x0000,0x0000,0x0000,
 0x0000,0x0000,0x0000,0x0000,0x0000,0x0000,0x0000,0x0000,0x0000,0x0000,0x0000,0x0000,
 0x0000,0x0000,0x0000,0x0000,0x0000,0x0000,0x0000,0x0000,0x0000,0x0000,0x0000,0x0000,
 0x0000,0x0000,0x0000,0x0000,0x0000,0x0000,0x0000,0x0000,0x0000,0x0000,0x0000,0x0000,
 0x0000,0x0000,0x0000,0x0000,0x0000,0x0000,0x0000,0x0000,0x0000,0x0000,0x0000,0x0000,
 0x0000,0x0000,0x0000,0x0000,0x0000,0x0000,0x0000,0x0000,0x0000,0x0000,0x0000,0x0000,
 0x0000,0x0000,0x0000,0x0000,0x0000,0x0000,0x0000,0xAD75,0xFFFF,0xFFDF,0xFFFF,0xFFFF,
 0x52EF,0x10E8,0x216A,0x1949,0x1949,0x1949,0x1949,0x1949,0x1949,0x214A,0x1109,0x1929,
 0x216A,0x1949,0x1949,0x1949,0x1949,0x1949,0x1949,0x1949,0x1949,0x1949,0x1949,0x1949,
 0x1949,0x1949,0x216A,0x10E8,0xB5B9,0xFFFF,0xFFFF,0xFFFF,0xFFFF,0x4208,0x0000,0x0000,
 0x0000,0x0000,0x0000,0x0000,0x0000,0x0000,0x0000,0x0000,0x0000,0x0000,0x0000,0x0000,
 0x0000,0x0000,0x0000,0x0000,0x0000,0x0000,0x0000,0x0000,0x0000,0x0000,0x0000,0x0000,
 0x0000,0x0000,0x0000,0x0000,0x0000,0x0000,0x0000,0x0000,0x0000,0x0000,0x0000,0x0000,
 0x0000,0x0000,0x0000,0x0000,0x0000,0x0000,0x0000,0x0000,0x0000,0x0000,0x0000,0x0000,
 0x0000,0x0000,0x0000,0x0000,0x0000,0x0000,0x0000,0x0000,0x0000,0x0000,0x0000,0x0000,
 0x0000,0x0000,0x0000,0x0000,0x0000,0x0000,0x0000,0x0000,0x0000,0x0000,0x0000,0x0000,
 0x0000,0x0000,0x0000,0x0000,0x0000,0x0000,0x0000,0x0000,0x0000,0x0000,0x0000,0x0000,
 0x0000,0x0000,0x0000,0x0000,0x0000,0x0000,0x0000,0x0000,0x0000,0x0000,0x0000,0x0000,
 0x0000,0x0000,0x0000,0x0000,0x0000,0x0000,0x0000,0x0000,0x0000,0x0000,0x0000,0x0000,
 0x0000,0x0000,0x0000,0x0000,0x0000,0x0000,0x0000,0x0000,0x0000,0x0000,0x0000,0x0000,
 0x0000,0x0000,0x0000,0x0000,0x0000,0x0000,0x0000,0x0000,0x0000,0x0000,0x0000,0x0000,
 0x0000,0x0000,0x0000,0x0000,0x0000,0x0000,0x0000,0x0000,0x0000,0x0000,0x0000,0x0000,
 0x0000,0x0000,0x0000,0x0000,0x0000,0x0000,0x0000,0x0000,0x0000,0x0000,0x0000,0x0000,
 0x0000,0x0000,0x1082,0xEF7D,0xFFFF,0xFFDF,0xFFFF,0xD6BB,0x1929,0x1949,0x1949,0x1949,
 0x1949,0x1949,0x1949,0x214A,0x10E8,0x6330,0xAD58,0x298B,0x10E8,0x214A,0x214A,0x1949,
 0x1949,0x1949,0x1949,0x1949,0x1949,0x1949,0x1949,0x1949,0x1949,0x1949,0x216A,0x10E8,
 0x5AF0,0xFFFF,0xFFFF,0xFFDF,0xFFFF,0x8C71,0x0000,0x0020,0x0000,0x0000,0x0000,0x0000,
 0x0000,0x0000,0x0000,0x0000,0x0000,0x0000,0x0000,0x0000,0x0000,0x0000,0x0000,0x0000,
 0x0000,0x0000,0x0000,0x0000,0x0000,0x0000,0x0000,0x0000,0x0000,0x0000,0x0000,0x0000,
 0x0000,0x0000,0x0000,0x0000,0x0000,0x0000,0x0000,0x0000,0x0000,0x0000,0x0000,0x0000,
 0x0000,0x0000,0x0000,0x0000,0x0000,0x0000,0x0000,0x0000,0x0000,0x0000,0x0000,0x0000,
 0x0000,0x0000,0x0000,0x0000,0x0000,0x0000,0x0000,0x0000,0x0000,0x0000,0x0000,0x0000,
 0x0000,0x0000,0x0000,0x0000,0x0000,0x0000,0x0000,0x0000,0x0000,0x0000,0x0000,0x0000,
 0x0000,0x0000,0x0000,0x0000,0x0000,0x0000,0x0000,0x0000,0x0000,0x0000,0x0000,0x0000,
 0x0000,0x0000,0x0000,0x0000,0x0000,0x0000,0x0000,0x0000,0x0000,0x0000,0x0000,0x0000,
 0x0000,0x0000,0x0000,0x0000,0x0000,0x0000,0x0000,0x0000,0x0000,0x0000,0x0000,0x0000,
 0x0000,0x0000,0x0000,0x0000,0x0000,0x0000,0x0000,0x0000,0x0000,0x0000,0x0000,0x0000,
 0x0000,0x0000,0x0000,0x0000,0x0000,0x0000,0x0000,0x0000,0x0000,0x0000,0x0000,0x0000,
 0x0000,0x0000,0x0000,0x0000,0x0000,0x0000,0x0000,0x0000,0x0000,0x0000,0x0000,0x0000,
 0x0000,0x0000,0x0000,0x0000,0x0000,0x0000,0x0000,0x0000,0x0000,0x0000,0x4208,0xFFFF,
 0xFFFF,0xFFDF,0xFFFF,0x9495,0x08C8,0x216A,0x1949,0x1949,0x1949,0x1949,0x1949,0x216A,
 0x10E8,0x6B71,0xFFFF,0xE71D,0x6B71,0x10E9,0x1109,0x216A,0x1949,0x1949,0x1949,0x1949,
 0x1949,0x1949,0x1949,0x1949,0x1949,0x1949,0x194A,0x1929,0x298B,0xE73D,0xFFFF,0xFFDF,
 0xFFFF,0xC618,0x0000,0x0000,0x0000,0x0000,0x0000,0x0000,0x0000,0x0000,0x0000,0x0000,
 0x0000,0x0000,0x0000,0x0000,0x0000,0x0000,0x0000,0x0000,0x0000,0x0000,0x0000,0x0000,
 0x0000,0x0000,0x0000,0x0000,0x0000,0x0000,0x0000,0x0000,0x0000,0x0000,0x0000,0x0000,
 0x0000,0x0000,0x0000,0x0000,0x0000,0x0000,0x0000,0x0000,0x0000,0x0000,0x0000,0x0000,
 0x0000,0x0000,0x0000,0x0000,0x0000,0x0000,0x0000,0x0000,0x0000,0x0000,0x0000,0x0000,
 0x0000,0x0000,0x0000,0x0000,0x0000,0x0000,0x0000,0x0000,0x0000,0x0000,0x0000,0x0000,
 0x0000,0x0000,0x0000,0x0000,0x0000,0x0000,0x0000,0x0000,0x0000,0x0000,0x0000,0x0000,
 0x0000,0x0000,0x0000,0x0000,0x0000,0x0000,0x0000,0x0000,0x0000,0x0000,0x0000,0x0000,
 0x0000,0x0000,0x0000,0x0000,0x0000,0x0000,0x0000,0x0000,0x0000,0x0000,0x0000,0x0000,
 0x0000,0x0000,0x0000,0x0000,0x0000,0x0000,0x0000,0x0000,0x0000,0x0000,0x0000,0x0000,
 0x0000,0x0000,0x0000,0x0000,0x0000,0x0000,0x0000,0x0000,0x0000,0x0000,0x0000,0x0000,
 0x0000,0x0000,0x0000,0x0000,0x0000,0x0000,0x0000,0x0000,0x0000,0x0000,0x0000,0x0000,
 0x0000,0x0000,0x0000,0x0000,0x0000,0x0000,0x0000,0x0000,0x0000,0x0000,0x0000,0x0000,
 0x0000,0x0000,0x0000,0x0000,0x0020,0x0000,0x6B6D,0xFFFF,0xFFDF,0xFFFF,0xFFFF,0x5B10,
 0x10E8,0x216A,0x1949,0x1949,0x1949,0x1949,0x1949,0x216A,0x10E8,0x6371,0xFFFF,0xFFFF,
 0xFFFF,0xB5B9,0x39EC,0x08C8,0x1949,0x214A,0x1949,0x1949,0x1949,0x1949,0x1949,0x1949,
 0x1949,0x1949,0x1949,0x214A,0x10E9,0xBDD9,0xFFFF,0xFFDF,0xFFFF,0xEF5D,0x0861,0x0000,
 0x0000,0x0000,0x0000,0x0000,0x0000,0x0000,0x0000,0x0000,0x0000,0x0000,0x0000,0x0000,
 0x0000,0x0000,0x0000,0x0000,0x0000,0x0000,0x0000,0x0000,0x0000,0x0000,0x0000,0x0000,
 0x0000,0x0000,0x0000,0x0000,0x0000,0x0000,0x0000,0x0000,0x0000,0x0000,0x0000,0x0000,
 0x0000,0x0000,0x0000,0x0000,0x0000,0x0000,0x0000,0x0000,0x0000,0x0000,0x0000,0x0000,
 0x0000,0x0000,0x0000,0x0000,0x0000,0x0000,0x0000,0x0000,0x0000,0x0000,0x0000,0x0000,
 0x0000,0x0000,0x0000,0x0000,0x0000,0x0000,0x0000,0x0000,0x0000,0x0000,0x0000,0x0000,
 0x0000,0x0000,0x0000,0x0000,0x0000,0x0000,0x0000,0x0000,0x0000,0x0000,0x0000,0x0000,
 0x0000,0x0000,0x0000,0x0000,0x0000,0x0000,0x0000,0x0000,0x0000,0x0000,0x0000,0x0000,
 0x0000,0x0000,0x0000,0x0000,0x0000,0x0000,0x0000,0x0000,0x0000,0x0000,0x0000,0x0000,
 0x0000,0x0000,0x0000,0x0000,0x0000,0x0000,0x0000,0x0000,0x0000,0x0000,0x0000,0x0000,
 0x0000,0x0000,0x0000,0x0000,0x0000,0x0000,0x0000,0x0000,0x0000,0x0000,0x0000,0x0000,
 0x0000,0x0000,0x0000,0x0000,0x0000,0x0000,0x0000,0x0000,0x0000,0x0000,0x0000,0x0000,
 0x0000,0x0000,0x0000,0x0000,0x0000,0x0000,0x0000,0x0000,0x0000,0x0000,0x0000,0x0000,
 0x0020,0x0000,0x8C51,0xFFFF,0xFFDF,0xFFFF,0xFFDF,0x3A2D,0x1109,0x214A,0x1949,0x1949,
 0x1949,0x1949,0x1949,0x216A,0x10E8,0x6371,0xFFFF,0xFFDF,0xFFFF,0xFFFF,0xF77E,0x7C13,
 0x1929,0x1108,0x214A,0x1949,0x1949,0x1949,0x1949,0x1949,0x1949,0x1949,0x1949,0x216A,
 0x08C8,0x94B5,0xFFFF,0xFFDF,0xFFFF,0xFFDF,0x2124,0x0000,0x0000,0x0000,0x0000,0x0000,
 0x0000,0x0000,0x0000,0x0000,0x0000,0x0000,0x0000,0x0000,0x0000,0x0000,0x0000,0x0000,
 0x0000,0x0000,0x0000,0x0000,0x0000,0x0000,0x0000,0x0000,0x0000,0x0000,0x0000,0x0000,
 0x0000,0x0000,0x0000,0x0000,0x0000,0x0000,0x0000,0x0000,0x0000,0x0000,0x0000,0x0000,
 0x0000,0x0000,0x0000,0x0000,0x0000,0x0000,0x0000,0x0000,0x0000,0x0000,0x0000,0x0000,
 0x0000,0x0000,0x0000,0x0000,0x0000,0x0000,0x0000,0x0000,0x0000,0x0000,0x0000,0x0000,
 0x0000,0x0000,0x0000,0x0000,0x0000,0x0000,0x0000,0x0000,0x0000,0x0000,0x0000,0x0000,
 0x0000,0x0000,0x0000,0x0000,0x0000,0x0000,0x0000,0x0000,0x0000,0x0000,0x0000,0x0000,
 0x0000,0x0000,0x0000,0x0000,0x0000,0x0000,0x0000,0x0000,0x0000,0x0000,0x0000,0x0000,
 0x0000,0x0000,0x0000,0x0000,0x0000,0x0000,0x0000,0x0000,0x0000,0x0000,0x0000,0x0000,
 0x0000,0x0000,0x0000,0x0000,0x0000,0x0000,0x0000,0x0000,0x0000,0x0000,0x0000,0x0000,
 0x0000,0x0000,0x0000,0x0000,0x0000,0x0000,0x0000,0x0000,0x0000,0x0000,0x0000,0x0000,
 0x0000,0x0000,0x0000,0x0000,0x0000,0x0000,0x0000,0x0000,0x0000,0x0000,0x0000,0x0000,
 0x0000,0x0000,0x0000,0x0000,0x0000,0x0000,0x0000,0x0000,0x0000,0x0000,0xA514,0xFFFF,
 0xFFDF,0xFFFF,0xF77E,0x31CB,0x1929,0x194A,0x1949,0x1949,0x1949,0x1949,0x1949,0x216A,
 0x10E8,0x6371,0xFFFF,0xFFFF,0xFFFF,0xFFFF,0xFFFF,0xFFFF,0xCE3A,0x426E,0x1109,0x194A,
 0x1949,0x1949,0x1949,0x1949,0x1949,0x1949,0x1949,0x216A,0x08C8,0x7BF3,0xFFFF,0xFFFF,
 0xFFFF,0xFFFF,0x39C7,0x0000,0x0000,0x0000,0x0000,0x0000,0x0000,0x0000,0x0000,0x0000,
 0x0000,0x0000,0x0000,0x0000,0x0000,0x0000,0x0000,0x0000,0x0000,0x0000,0x0000,0x0000,
 0x0000,0x0000,0x0000,0x0000,0x0000,0x0000,0x0000,0x0000,0x0000,0x0000,0x0000,0x0000,
 0x0000,0x0000,0x0000,0x0000,0x0000,0x0000,0x0000,0x0000,0x0000,0x0000,0x0000,0x0000,
 0x0000,0x0000,0x0000,0x0000,0x0000,0x0000,0x0000,0x0000,0x0000,0x0000,0x0000,0x0000,
 0x0000,0x0000,0x0000,0x0000,0x0000,0x0000,0x0000,0x0000,0x0000,0x0000,0x0000,0x0000,
 0x0000,0x0000,0x0000,0x0000,0x0000,0x0000,0x0000,0x0000,0x0000,0x0000,0x0000,0x0000,
 0x0000,0x0000,0x0000,0x0000,0x0000,0x0000,0x0000,0x0000,0x0000,0x0000,0x0000,0x0000,
 0x0000,0x0000,0x0000,0x0000,0x0000,0x0000,0x0000,0x0000,0x0000,0x0000,0x0000,0x0000,
 0x0000,0x0000,0x0000,0x0000,0x0000,0x0000,0x0000,0x0000,0x0000,0x0000,0x0000,0x0000,
 0x0000,0x0000,0x0000,0x0000,0x0000,0x0000,0x0000,0x0000,0x0000,0x0000,0x0000,0x0000,
 0x0000,0x0000,0x0000,0x0000,0x0000,0x0000,0x0000,0x0000,0x0000,0x0000,0x0000,0x0000,
 0x0000,0x0000,0x0000,0x0000,0x0000,0x0000,0x0000,0x0000,0x0000,0x0000,0x0000,0x0000,
 0x0000,0x0000,0x0000,0x0000,0x0000,0x0000,0xAD75,0xFFFF,0xFFDF,0xFFFF,0xEF3D,0x298B,
 0x1929,0x194A,0x1949,0x1949,0x1949,0x1949,0x1949,0x216A,0x10E8,0x6371,0xFFFF,0xFFFF,
 0xFFFF,0xFFFF,0xFFFF,0xFFDF,0xFFFF,0xFFFF,0x7392,0x1109,0x214A,0x1949,0x1949,0x1949,
 0x1949,0x1949,0x1949,0x216A,0x08C8,0x73B2,0xFFFF,0xFFFF,0xFFFF,0xFFFF,0x39E7,0x0000,
 0x0000,0x0000,0x0000,0x0000,0x0000,0x0000,0x0000,0x0000,0x0000,0x0000,0x0000,0x0000,
 0x0000,0x0000,0x0000,0x0000,0x0000,0x0000,0x0000,0x0000,0x0000,0x0000,0x0000,0x0000,
 0x0000,0x0000,0x0000,0x0000,0x0000,0x0000,0x0000,0x0000,0x0000,0x0000,0x0000,0x0000,
 0x0000,0x0000,0x0000,0x0000,0x0000,0x0000,0x0000,0x0000,0x0000,0x0000,0x0000,0x0000,
 0x0000,0x0000,0x0000,0x0000,0x0000,0x0000,0x0000,0x0000,0x0000,0x0000,0x0000,0x0000,
 0x0000,0x0000,0x0000,0x0000,0x0000,0x0000,0x0000,0x0000,0x0000,0x0000,0x0000,0x0000,
 0x0000,0x0000,0x0000,0x0000,0x0000,0x0000,0x0000,0x0000,0x0000,0x0000,0x0000,0x0000,
 0x0000,0x0000,0x0000,0x0000,0x0000,0x0000,0x0000,0x0000,0x0000,0x0000,0x0000,0x0000,
 0x0000,0x0000,0x0000,0x0000,0x0000,0x0000,0x0000,0x0000,0x0000,0x0000,0x0000,0x0000,
 0x0000,0x0000,0x0000,0x0000,0x0000,0x0000,0x0000,0x0000,0x0000,0x0000,0x0000,0x0000,
 0x0000,0x0000,0x0000,0x0000,0x0000,0x0000,0x0000,0x0000,0x0000,0x0000,0x0000,0x0000,
 0x0000,0x0000,0x0000,0x0000,0x0000,0x0000,0x0000,0x0000,0x0000,0x0000,0x0000,0x0000,
 0x0000,0x0000,0x0000,0x0000,0x0000,0x0000,0x0000,0x0000,0x0000,0x0000,0x0000,0x0000,
 0x0000,0x0000,0xA534,0xFFFF,0xFFDF,0xFFFF,0xE73D,0x298B,0x1929,0x194A,0x1949,0x1949,
 0x1949,0x1949,0x1949,0x216A,0x10E8,0x6371,0xFFFF,0xFFFF,0xFFFF,0xFFFF,0xFFFF,0xFFFF,
 0xFFFF,0x9CF6,0x31CC,0x1929,0x194A,0x1949,0x1949,0x1949,0x1949,0x1949,0x1949,0x216A,
 0x08C8,0x7BF3,0xFFFF,0xFFFF,0xFFFF,0xFFFF,0x39E7,0x0000,0x0000,0x0000,0x0000,0x0000,
 0x0000,0x0000,0x0000,0x0000,0x0000,0x0000,0x0000,0x0000,0x0000,0x0000,0x0000,0x0000,
 0x0000,0x0000,0x0000,0x0000,0x0000,0x0000,0x0000,0x0000,0x0000,0x0000,0x0000,0x0000,
 0x0000,0x0000,0x0000,0x0000,0x0000,0x0000,0x0000,0x0000,0x0000,0x0000,0x0000,0x0000,
 0x0000,0x0000,0x0000,0x0000,0x0000,0x0000,0x0000,0x0000,0x0000,0x0000,0x0000,0x0000,
 0x0000,0x0000,0x0000,0x0000,0x0000,0x0000,0x0000,0x0000,0x0000,0x0000,0x0000,0x0000,
 0x0000,0x0000,0x0000,0x0000,0x0000,0x0000,0x0000,0x0000,0x0000,0x0000,0x0000,0x0000,
 0x0000,0x0000,0x0000,0x0000,0x0000,0x0000,0x0000,0x0000,0x0000,0x0000,0x0000,0x0000,
 0x0000,0x0000,0x0000,0x0000,0x0000,0x0000,0x0000,0x0000,0x0000,0x0000,0x0000,0x0000,
 0x0000,0x0000,0x0000,0x0000,0x0000,0x0000,0x0000,0x0000,0x0000,0x0000,0x0000,0x0000,
 0x0000,0x0000,0x0000,0x0000,0x0000,0x0000,0x0000,0x0000,0x0000,0x0000,0x0000,0x0000,
 0x0000,0x0000,0x0000,0x0000,0x0000,0x0000,0x0000,0x0000,0x0000,0x0000,0x0000,0x0000,
 0x0000,0x0000,0x0000,0x0000,0x0000,0x0000,0x0000,0x0000,0x0000,0x0000,0x0000,0x0000,
 0x0000,0x0000,0x0000,0x0000,0x0000,0x0000,0x0000,0x0000,0x0020,0x0000,0x94B2,0xFFFF,
 0xFFDF,0xFFFF,0xF79E,0x31EC,0x1929,0x194A,0x1949,0x1949,0x1949,0x1949,0x1949,0x216A,
 0x10E8,0x6371,0xFFFF,0xFFFF,0xFFFF,0xFFFF,0xFFFF,0xE71D,0x5B10,0x10C8,0x1929,0x194A,
 0x1949,0x1949,0x1949,0x1949,0x1949,0x1949,0x1949,0x216A,0x08C8,0x8C74,0xFFFF,0xFFDF,
 0xFFFF,0xFFFF,0x2965,0x0000,0x0000,0x0000,0x0000,0x0000,0x0000,0x0000,0x0000,0x0000,
 0x0000,0x0000,0x0000,0x0000,0x0000,0x0000,0x0000,0x0000,0x0000,0x0000,0x0000,0x0000,
 0x0000,0x0000,0x0000,0x0000,0x0000,0x0000,0x0000,0x0000,0x0000,0x0000,0x0000,0x0000,
 0x0000,0x0000,0x0000,0x0000,0x0000,0x0000,0x0000,0x0000,0x0000,0x0000,0x0000,0x0000,
 0x0000,0x0000,0x0000,0x0000,0x0000,0x0000,0x0000,0x0000,0x0000,0x0000,0x0000,0x0000,
 0x0000,0x0000,0x0000,0x0000,0x0000,0x0000,0x0000,0x0000,0x0000,0x0000,0x0000,0x0000,
 0x0000,0x0000,0x0000,0x0000,0x0000,0x0000,0x0000,0x0000,0x0000,0x0000,0x0000,0x0000,
 0x0000,0x0000,0x0000,0x0000,0x0000,0x0000,0x0000,0x0000,0x0000,0x0000,0x0000,0x0000,
 0x0000,0x0000,0x0000,0x0000,0x0000,0x0000,0x0000,0x0000,0x0000,0x0000,0x0000,0x0000,
 0x0000,0x0000,0x0000,0x0000,0x0000,0x0000,0x0000,0x0000,0x0000,0x0000,0x0000,0x0000,
 0x0000,0x0000,0x0000,0x0000,0x0000,0x0000,0x0000,0x0000,0x0000,0x0000,0x0000,0x0000,
 0x0000,0x0000,0x0000,0x0000,0x0000,0x0000,0x0000,0x0000,0x0000,0x0000,0x0000,0x0000,
 0x0000,0x0000,0x0000,0x0000,0x0000,0x0000,0x0000,0x0000,0x0000,0x0000,0x0000,0x0000,
 0x0000,0x0000,0x0000,0x0000,0x0020,0x0000,0x7BCF,0xFFFF,0xFFDF,0xFFFF,0xFFFF,0x4AAE,
 0x1108,0x214A,0x1949,0x1949,0x1949,0x1949,0x1949,0x216A,0x10E8,0x6371,0xFFFF,0xFFDF,
 0xFFFF,0xFFFF,0xAD58,0x298B,0x10E8,0x216A,0x194A,0x1949,0x1949,0x1949,0x1949,0x1949,
 0x1949,0x1949,0x1949,0x216A,0x10E8,0xB598,0xFFFF,0xFFDF,0xFFFF,0xF79E,0x18C3,0x0000,
 0x0000,0x0000,0x0000,0x0000,0x0000,0x0000,0x0000,0x0000,0x0000,0x0000,0x0000,0x0000,
 0x0000,0x0000,0x0000,0x0000,0x0000,0x0000,0x0000,0x0000,0x0000,0x0000,0x0000,0x0000,
 0x0000,0x0000,0x0000,0x0000,0x0000,0x0000,0x0000,0x0000,0x0000,0x0000,0x0000,0x0000,
 0x0000,0x0000,0x0000,0x0000,0x0000,0x0000,0x0000,0x0000,0x0000,0x0000,0x0000,0x0000,
 0x0000,0x0000,0x0000,0x0000,0x0000,0x0000,0x0000,0x0000,0x0000,0x0000,0x0000,0x0000,
 0x0000,0x0000,0x0000,0x0000,0x0000,0x0000,0x0000,0x0000,0x0000,0x0000,0x0000,0x0000,
 0x0000,0x0000,0x0000,0x0000,0x0000,0x0000,0x0000,0x0000,0x0000,0x0000,0x0000,0x0000,
 0x0000,0x0000,0x0000,0x0000,0x0000,0x0000,0x0000,0x0000,0x0000,0x0000,0x0000,0x0000,
 0x0000,0x0000,0x0000,0x0000,0x0000,0x0000,0x0000,0x0000,0x0000,0x0000,0x0000,0x0000,
 0x0000,0x0000,0x0000,0x0000,0x0000,0x0000,0x0000,0x0000,0x0000,0x0000,0x0000,0x0000,
 0x0000,0x0000,0x0000,0x0000,0x0000,0x0000,0x0000,0x0000,0x0000,0x0000,0x0000,0x0000,
 0x0000,0x0000,0x0000,0x0000,0x0000,0x0000,0x0000,0x0000,0x0000,0x0000,0x0000,0x0000,
 0x0000,0x0000,0x0000,0x0000,0x0000,0x0000,0x0000,0x0000,0x0000,0x0000,0x0000,0x0000,
 0x0000,0x0000,0x4A69,0xFFFF,0xFFFF,0xFFFF,0xFFFF,0x7BF3,0x08C8,0x216A,0x1949,0x1949,
 0x1949,0x1949,0x1949,0x216A,0x10E8,0x6351,0xFFFF,0xFFFF,0xEF5E,0x6B71,0x10E8,0x1929,
 0x216A,0x1949,0x1949,0x1949,0x1949,0x1949,0x1949,0x1949,0x1949,0x1949,0x1949,0x1949,
 0x214A,0xDEFC,0xFFFF,0xFFDF,0xFFFF,0xD69A,0x0000,0x0000,0x0000,0x0000,0x0000,0x0000,
 0x0000,0x0000,0x0000,0x0000,0x0000,0x0000,0x0000,0x0000,0x0000,0x0000,0x0000,0x0000,
 0x0000,0x0000,0x0000,0x0000,0x0000,0x0000,0x0000,0x0000,0x0000,0x0000,0x0000,0x0000,
 0x0000,0x0000,0x0000,0x0000,0x0000,0x0000,0x0000,0x0000,0x0000,0x0000,0x0000,0x0000,
 0x0000,0x0000,0x0000,0x0000,0x0000,0x0000,0x0000,0x0000,0x0000,0x0000,0x0000,0x0000,
 0x0000,0x0000,0x0000,0x0000,0x0000,0x0000,0x0000,0x0000,0x0000,0x0000,0x0000,0x0000,
 0x0000,0x0000,0x0000,0x0000,0x0000,0x0000,0x0000,0x0000,0x0000,0x0000,0x0000,0x0000,
 0x0000,0x0000,0x0000,0x0000,0x0000,0x0000,0x0000,0x0000,0x0000,0x0000,0x0000,0x0000,
 0x0000,0x0000,0x0000,0x0000,0x0000,0x0000,0x0000,0x0000,0x0000,0x0000,0x0000,0x0000,
 0x0000,0x0000,0x0000,0x0000,0x0000,0x0000,0x0000,0x0000,0x0000,0x0000,0x0000,0x0000,
 0x0000,0x0000,0x0000,0x0000,0x0000,0x0000,0x0000,0x0000,0x0000,0x0000,0x0000,0x0000,
 0x0000,0x0000,0x0000,0x0000,0x0000,0x0000,0x0000,0x0000,0x0000,0x0000,0x0000,0x0000,
 0x0000,0x0000,0x0000,0x0000,0x0000,0x0000,0x0000,0x0000,0x0000,0x0000,0x0000,0x0000,
 0x0000,0x0000,0x0000,0x0000,0x0000,0x0000,0x0000,0x0000,0x0000,0x0000,0x18E3,0xF7BE,
 0xFFFF,0xFFDF,0xFFFF,0xBDF9,0x10E9,0x214A,0x1949,0x1949,0x1949,0x1949,0x1949,0x216A,
 0x10E8,0x6B71,0xFFFF,0xB5B9,0x31CC,0x10E8,0x216A,0x194A,0x1949,0x1949,0x1949,0x1949,
 0x1949,0x1949,0x1949,0x1949,0x1949,0x1949,0x214A,0x1108,0x4A8E,0xFFFF,0xFFFF,0xFFDF,
 0xFFFF,0x9CF3,0x0000,0x0000,0x0000,0x0000,0x0000,0x0000,0x0000,0x0000,0x0000,0x0000,
 0x0000,0x0000,0x0000,0x0000,0x0000,0x0000,0x0000,0x0000,0x0000,0x0000,0x0000,0x0000,
 0x0000,0x0000,0x0000,0x0000,0x0000,0x0000,0x0000,0x0000,0x0000,0x0000,0x0000,0x0000,
 0x0000,0x0000,0x0000,0x0000,0x0000,0x0000,0x0000,0x0000,0x0000,0x0000,0x0000,0x0000,
 0x0000,0x0000,0x0000,0x0000,0x0000,0x0000,0x0000,0x0000,0x0000,0x0000,0x0000,0x0000,
 0x0000,0x0000,0x0000,0x0000,0x0000,0x0000,0x0000,0x0000,0x0000,0x0000,0x0000,0x0000,
 0x0000,0x0000,0x0000,0x0000,0x0000,0x0000,0x0000,0x0000,0x0000,0x0000,0x0000,0x0000,
 0x0000,0x0000,0x0000,0x0000,0x0000,0x0000,0x0000,0x0000,0x0000,0x0000,0x0000,0x0000,
 0x0000,0x0000,0x0000,0x0000,0x0000,0x0000,0x0000,0x0000,0x0000,0x0000,0x0000,0x0000,
 0x0000,0x0000,0x0000,0x0000,0x0000,0x0000,0x0000,0x0000,0x0000,0x0000,0x0000,0x0000,
 0x0000,0x0000,0x0000,0x0000,0x0000,0x0000,0x0000,0x0000,0x0000,0x0000,0x0000,0x0000,
 0x0000,0x0000,0x0000,0x0000,0x0000,0x0000,0x0000,0x0000,0x0000,0x0000,0x0000,0x0000,
 0x0000,0x0000,0x0000,0x0000,0x0000,0x0000,0x0000,0x0000,0x0000,0x0000,0x0000,0x0000,
 0x0000,0x0000,0x0000,0x0000,0x0000,0x0000,0x0000,0xC638,0xFFFF,0xFFFF,0xFFFF,0xF7BF,
 0x3A0D,0x1109,0x214A,0x1949,0x1949,0x1949,0x1949,0x194A,0x1109,0x424D,0x73B2,0x1109,
 0x1109,0x216A,0x1949,0x1949,0x1949,0x1949,0x1949,0x1949,0x1949,0x1949,0x1949,0x1949,
 0x1949,0x1949,0x216A,0x08C8,0x9CD6,0xFFFF,0xFFFF,0xFFFF,0xFFFF,0x4A69,0x0000,0x0000,
 0x0000,0x0000,0x0000,0x0000,0x0000,0x0000,0x0000,0x0000,0x0000,0x0000,0x0000,0x0000,
 0x0000,0x0000,0x0000,0x0000,0x0000,0x0000,0x0000,0x0000,0x0000,0x0000,0x0000,0x0000,
 0x0000,0x0000,0x0000,0x0000,0x0000,0x0000,0x0000,0x0000,0x0000,0x0000,0x0000,0x0000,
 0x0000,0x0000,0x0000,0x0000,0x0000,0x0000,0x0000,0x0000,0x0000,0x0000,0x0000,0x0000,
 0x0000,0x0000,0x0000,0x0000,0x0000,0x0000,0x0000,0x0000,0x0000,0x0000,0x0000,0x0000,
 0x0000,0x0000,0x0000,0x0000,0x0000,0x0000,0x0000,0x0000,0x0000,0x0000,0x0000,0x0000,
 0x0000,0x0000,0x0000,0x0000,0x0000,0x0000,0x0000,0x0000,0x0000,0x0000,0x0000,0x0000,
 0x0000,0x0000,0x0000,0x0000,0x0000,0x0000,0x0000,0x0000,0x0000,0x0000,0x0000,0x0000,
 0x0000,0x0000,0x0000,0x0000,0x0000,0x0000,0x0000,0x0000,0x0000,0x0000,0x0000,0x0000,
 0x0000,0x0000,0x0000,0x0000,0x0000,0x0000,0x0000,0x0000,0x0000,0x0000,0x0000,0x0000,
 0x0000,0x0000,0x0000,0x0000,0x0000,0x0000,0x0000,0x0000,0x0000,0x0000,0x0000,0x0000,
 0x0000,0x0000,0x0000,0x0000,0x0000,0x0000,0x0000,0x0000,0x0000,0x0000,0x0000,0x0000,
 0x0000,0x0000,0x0000,0x0000,0x0000,0x0000,0x0000,0x0000,0x0000,0x0000,0x0000,0x0000,
 0x0000,0x0020,0x0000,0x73CF,0xFFFF,0xFFDF,0xFFFF,0xFFFF,0x9CD5,0x08C8,0x216A,0x1949,
 0x1949,0x1949,0x1949,0x1949,0x194A,0x1929,0x10E8,0x194A,0x214A,0x1949,0x1949,0x1949,
 0x1949,0x1949,0x1949,0x1949,0x1949,0x1949,0x1949,0x1949,0x1949,0x194A,0x1929,0x298B,
 0xEF5E,0xFFFF,0xFFDF,0xFFFF,0xE73C,0x0861,0x0000,0x0020,0x0000,0x0000,0x0000,0x0000,
 0x0000,0x0000,0x0000,0x0000,0x0000,0x0000,0x0000,0x0000,0x0000,0x0000,0x0000,0x0000,
 0x0000,0x0000,0x0000,0x0000,0x0000,0x0000,0x0000,0x0000,0x0000,0x0000,0x0000,0x0000,
 0x0000,0x0000,0x0000,0x0000,0x0000,0x0000,0x0000,0x0000,0x0000,0x0000,0x0000,0x0000,
 0x0000,0x0000,0x0000,0x0000,0x0000,0x0000,0x0000,0x0000,0x0000,0x0000,0x0000,0x0000,
 0x0000,0x0000,0x0000,0x0000,0x0000,0x0000,0x0000,0x0000,0x0000,0x0000,0x0000,0x0000,
 0x0000,0x0000,0x0000,0x0000,0x0000,0x0000,0x0000,0x0000,0x0000,0x0000,0x0000,0x0000,
 0x0000,0x0000,0x0000,0x0000,0x0000,0x0000,0x0000,0x0000,0x0000,0x0000,0x0000,0x0000,
 0x0000,0x0000,0x0000,0x0000,0x0000,0x0000,0x0000,0x0000,0x0000,0x0000,0x0000,0x0000,
 0x0000,0x0000,0x0000,0x0000,0x0000,0x0000,0x0000,0x0000,0x0000,0x0000,0x0000,0x0000,
 0x0000,0x0000,0x0000,0x0000,0x0000,0x0000,0x0000,0x0000,0x0000,0x0000,0x0000,0x0000,
 0x0000,0x0000,0x0000,0x0000,0x0000,0x0000,0x0000,0x0000,0x0000,0x0000,0x0000,0x0000,
 0x0000,0x0000,0x0000,0x0000,0x0000,0x0000,0x0000,0x0000,0x0000,0x0000,0x0000,0x0000,
 0x0000,0x0000,0x0000,0x0000,0x0000,0x0000,0x0000,0x0000,0x0000,0x0000,0x0000,0x0861,
 0xEF5D,0xFFFF,0xFFFF,0xFFFF,0xF79E,0x3A0C,0x1109,0x214A,0x1949,0x1949,0x1949,0x1949,
 0x1949,0x194A,0x216A,0x1949,0x1949,0x1949,0x1949,0x1949,0x1949,0x1949,0x1949,0x1949,
 0x1949,0x1949,0x1949,0x1949,0x1949,0x216A,0x08C8,0x94B5,0xFFFF,0xFFFF,0xFFDF,0xFFFF,
 0x8430,0x0000,0x0000,0x0000,0x0000,0x0000,0x0000,0x0000,0x0000,0x0000,0x0000,0x0000,
 0x0000,0x0000,0x0000,0x0000,0x0000,0x0000,0x0000,0x0000,0x0000,0x0000,0x0000,0x0000,
 0x0000,0x0000,0x0000,0x0000,0x0000,0x0000,0x0000,0x0000,0x0000,0x0000,0x0000,0x0000,
 0x0000,0x0000,0x0000,0x0000,0x0000,0x0000,0x0000,0x0000,0x0000,0x0000,0x0000,0x0000,
 0x0000,0x0000,0x0000,0x0000,0x0000,0x0000,0x0000,0x0000,0x0000,0x0000,0x0000,0x0000,
 0x0000,0x0000,0x0000,0x0000,0x0000,0x0000,0x0000,0x0000,0x0000,0x0000,0x0000,0x0000,
 0x0000,0x0000,0x0000,0x0000,0x0000,0x0000,0x0000,0x0000,0x0000,0x0000,0x0000,0x0000,
 0x0000,0x0000,0x0000,0x0000,0x0000,0x0000,0x0000,0x0000,0x0861,0x332B,0x332B,0x332B,
 0x332B,0x332B,0x332B,0x332B,0x332B,0x332B,0x332B,0x332B,0x332B,0x332B,0x332B,0x332B,
 0x332B,0x332B,0x332B,0x332B,0x332B,0x332B,0x332B,0x332B,0x332B,0x332B,0x332B,0x332B,
 0x332B,0x332B,0x332B,0x332B,0x332B,0x332B,0x332B,0x332B,0x332B,0x332B,0x332B,0x332B,
 0x332B,0x332B,0x332B,0x332B,0x332B,0x332B,0x332B,0x332B,0x332B,0x332B,0x332B,0x332B,
 0x332B,0x332B,0x332B,0x332B,0x2B2B,0x332B,0x332B,0x2B2B,0x2B2C,0x2B2C,0x2B2C,0x2B2C,
 0x2B2C,0x2B2C,0x2B2C,0x2B2C,0x2B2C,0x2B2C,0x2B2C,0x22EB,0xAE59,0xFFFF,0xFFFF,0xFFFF,
 0xFFFF,0xBDF9,0x10E9,0x194A,0x194A,0x1949,0x1949,0x1949,0x1949,0x1949,0x1949,0x1949,
 0x1949,0x1949,0x1949,0x1949,0x1949,0x1949,0x1949,0x1949,0x1949,0x1949,0x1949,0x1949,
 0x216A,0x10E8,0x4A6E,0xFFDF,0xFFFF,0xFFFF,0xFFFF,0xFFFF,0x4C31,0x1B0D,0x1B2D,0x1B0D,
 0x1B0D,0x1B0D,0x1B0D,0x1B0D,0x1B0D,0x1B0D,0x130D,0x130D,0x130D,0x130D,0x130D,0x130D,
 0x130D,0x130D,0x130D,0x1AED,0x1AED,0x12ED,0x1AED,0x1AED,0x12ED,0x12ED,0x130D,0x128C,
 0x0000,0x0000,0x0000,0x0000,0x0000,0x0000,0x0000,0x0000,0x0000,0x0000,0x0000,0x0000,
 0x0000,0x0000,0x0000,0x0000,0x0000,0x0000,0x0000,0x0000,0x0000,0x0000,0x0000,0x0000,
 0x0000,0x0000,0x0000,0x0000,0x0000,0x0000,0x0000,0x0000,0x0000,0x0000,0x0000,0x0000,
 0x0000,0x0000,0x0000,0x0000,0x0000,0x0000,0x0000,0x0000,0x0000,0x0000,0x0000,0x0000,
 0x0000,0x0000,0x0000,0x0000,0x0000,0x0000,0x0000,0x0000,0x0000,0x0000,0x0000,0x0000,
 0x0000,0x0000,0x0000,0x0000,0x08E3,0x6E57,0x6E77,0x6E77,0x6E77,0x6E77,0x6E77,0x6E77,
 0x6E77,0x6E77,0x6E77,0x6E77,0x6E77,0x6E77,0x6E77,0x6E77,0x6E77,0x6E77,0x6E77,0x6E77,
 0x6E77,0x6E77,0x6E77,0x6E77,0x6E77,0x6E77,0x6E77,0x6E77,0x6E77,0x6E77,0x6E77,0x6E77,
 0x6E77,0x6E77,0x6E77,0x6E77,0x6E77,0x6677,0x6677,0x6677,0x6677,0x6677,0x6677,0x6677,
 0x6677,0x6677,0x6677,0x6677,0x6677,0x5E77,0x5E77,0x5E57,0x5E57,0x5E57,0x5E58,0x5E58,
 0x5E58,0x5E58,0x5E58,0x5E58,0x5E58,0x5E58,0x5E58,0x5E58,0x5E58,0x5E58,0x5658,0x5658,
 0x5658,0x5658,0x5658,0x4E58,0x5E38,0xF7DF,0xFFFF,0xFFFF,0xFFFF,0xFFFF,0x9495,0x08C8,
 0x216A,0x194A,0x1949,0x1949,0x1949,0x1949,0x1949,0x1949,0x1949,0x1949,0x1949,0x1949,
 0x1949,0x1949,0x1949,0x1949,0x1949,0x1949,0x1949,0x216A,0x1109,0x298B,0xDEFC,0xFFFF,
 0xFFFF,0xFFFF,0xFFFF,0xB71D,0x25F9,0x363A,0x363A,0x2E3A,0x2E3A,0x2E3A,0x2E3A,0x2E3B,
 0x2E3B,0x2E3B,0x263B,0x263B,0x263B,0x261B,0x261B,0x261B,0x261B,0x2E1B,0x2E1B,0x2E1B,
 0x2E1B,0x2E1B,0x2DFB,0x2DFB,0x25FB,0x25FB,0x2E1C,0x2538,0x0020,0x0000,0x0000,0x0000,
 0x0000,0x0000,0x0000,0x0000,0x0000,0x0000,0x0000,0x0000,0x0000,0x0000,0x0000,0x0000,
 0x0000,0x0000,0x0000,0x0000,0x0000,0x0000,0x0000,0x0000,0x0000,0x0000,0x0000,0x0000,
 0x0000,0x0000,0x0000,0x0000,0x0000,0x0000,0x0000,0x0000,0x0000,0x0000,0x0000,0x0000,
 0x0000,0x0000,0x0000,0x0000,0x0000,0x0000,0x0000,0x0000,0x0000,0x0000,0x0000,0x0000,
 0x0000,0x0000,0x0000,0x0000,0x0000,0x0000,0x0000,0x0000,0x0000,0x0000,0x0000,0x0000,
 0x08C3,0x5DD5,0x5DF5,0x5DD5,0x5DD5,0x5DD5,0x5DD5,0x5DD5,0x5DD5,0x5DD5,0x5DD5,0x5DD5,
 0x5DD5,0x5DD5,0x5DD5,0x5DD5,0x5DD5,0x5DD5,0x5DD5,0x5DD5,0x5DD5,0x5DD5,0x5DD5,0x5DD5,
 0x5DD5,0x5DD5,0x5DD5,0x5DD5,0x5DD5,0x5DD5,0x5DD5,0x5DD5,0x5DD5,0x5DD5,0x5DD5,0x5DD5,
 0x5DD5,0x5DD5,0x5DD5,0x5DD5,0x5DD5,0x5DD5,0x5DD5,0x5DD5,0x5DD5,0x5DD5,0x5DD5,0x5DD5,
 0x5DD5,0x5DD5,0x55D5,0x55D5,0x55D5,0x55D5,0x55D5,0x55D5,0x55D5,0x55D6,0x55D6,0x55D6,
 0x55D6,0x55D6,0x55D6,0x55D6,0x55D6,0x55D6,0x4DD6,0x4DD6,0x4DD6,0x4DD6,0x4DD6,0x4DD6,
 0x3DB6,0x9EDA,0xFFFF,0xFFFF,0xFFFF,0xFFFF,0xFFFF,0x7BF3,0x08A8,0x214A,0x214A,0x1949,
 0x1949,0x1949,0x1949,0x1949,0x1949,0x1949,0x1949,0x1949,0x1949,0x1949,0x1949,0x1949,
 0x1949,0x1949,0x216A,0x1108,0x216A,0xCE7B,0xFFFF,0xFFFF,0xFFFF,0xFFFF,0xF7DF,0x4DF9,
 0x2DB8,0x2DB8,0x2DB8,0x2DB8,0x2DB8,0x25B8,0x25B8,0x25B8,0x25B8,0x25B8,0x2598,0x2598,
 0x2598,0x2599,0x2599,0x2599,0x2599,0x2599,0x2599,0x2579,0x2579,0x2579,0x2579,0x2579,
 0x2579,0x2579,0x259A,0x24D6,0x0020,0x0000,0x0000,0x0000,0x0000,0x0000,0x0000,0x0000,
 0x0000,0x0000,0x0000,0x0000,0x0000,0x0000,0x0000,0x0000,0x0000,0x0000,0x0000,0x0000,
 0x0000,0x0000,0x0000,0x0000,0x0000,0x0000,0x0000,0x0000,0x0000,0x0000,0x0000,0x0000,
 0x0000,0x0000,0x0000,0x0000,0x0000,0x0000,0x0000,0x0000,0x0000,0x0000,0x0000,0x0000,
 0x0000,0x0000,0x0000,0x0000,0x0000,0x0000,0x0000,0x0000,0x0000,0x0000,0x0000,0x0000,
 0x0000,0x0000,0x0000,0x0000,0x0000,0x0000,0x0000,0x0000,0x08C3,0x65F5,0x6615,0x65F5,
 0x65F5,0x65F5,0x65F5,0x65F5,0x65F5,0x65F5,0x65F5,0x65F5,0x65F5,0x65F5,0x65F5,0x65F5,
 0x65F5,0x65F5,0x65F5,0x65F5,0x65F5,0x65F5,0x65F5,0x65F5,0x65F5,0x65F5,0x65F5,0x65F5,
 0x65F5,0x65F5,0x65F5,0x65F5,0x65F5,0x65F5,0x65F5,0x65F5,0x5DF5,0x5DF5,0x5DF5,0x5DF5,
 0x5DF5,0x5DF5,0x5DF6,0x5DF6,0x5DF6,0x5DF6,0x5DF6,0x5DF6,0x5DF6,0x5DF6,0x5DF6,0x5DF6,
 0x55F6,0x55F6,0x55F6,0x55F6,0x55F6,0x55F6,0x55F6,0x55F6,0x55F6,0x55F6,0x55F6,0x55F6,
 0x55F6,0x55F6,0x55F6,0x4DF6,0x4DF6,0x4DF7,0x4DF7,0x4DF7,0x4DF7,0x45D6,0xD77D,0xFFFF,
 0xFFFF,0xFFFF,0xFFFF,0xFFFF,0x8C54,0x10E9,0x1109,0x216A,0x214A,0x1949,0x1949,0x1949,
 0x1949,0x1949,0x1949,0x1949,0x1949,0x1949,0x1949,0x1949,0x216A,0x194A,0x08C8,0x3A0D,
 0xD69B,0xFFFF,0xFFFF,0xFFFF,0xFFFF,0xFFFF,0x869B,0x25B8,0x35D9,0x2DD8,0x2DD9,0x2DD9,
 0x2DD9,0x25D9,0x25D9,0x25D9,0x25D9,0x25B9,0x25B9,0x25B9,0x25B9,0x25B9,0x25B9,0x25B9,
 0x25B9,0x25B9,0x2599,0x2599,0x2599,0x2599,0x2599,0x2599,0x2599,0x2579,0x25BA,0x24F6,
 0x0020,0x0000,0x0000,0x0000,0x0000,0x0000,0x0000,0x0000,0x0000,0x0000,0x0000,0x0000,
 0x0000,0x0000,0x0000,0x0000,0x0000,0x0000,0x0000,0x0000,0x0000,0x0000,0x0000,0x0000,
 0x0000,0x0000,0x0000,0x0000,0x0000,0x0000,0x0000,0x0000,0x0000,0x0000,0x0000,0x0000,
 0x0000,0x0000,0x0000,0x0000,0x0000,0x0000,0x0000,0x0000,0x0000,0x0000,0x0000,0x0000,
 0x0000,0x0000,0x0000,0x0000,0x0000,0x0000,0x0000,0x0000,0x0000,0x0000,0x0000,0x0000,
 0x0000,0x0000,0x0000,0x0000,0x08C3,0x65F5,0x6615,0x65F5,0x65F5,0x65F5,0x65F5,0x65F5,
 0x65F5,0x65F5,0x65F5,0x65F5,0x65F5,0x65F5,0x65F5,0x65F5,0x65F5,0x65F5,0x65F5,0x65F5,
 0x65F5,0x65F5,0x65F5,0x65F5,0x65F5,0x65F5,0x65F5,0x65F5,0x65F5,0x65F5,0x65F5,0x65F5,
 0x65F5,0x65F5,0x65F5,0x5DF5,0x5DF5,0x5DF5,0x5DF5,0x5DF5,0x5DF5,0x5DF6,0x5DF6,0x5DF6,
 0x5DF6,0x5DF6,0x5DF6,0x5DF6,0x5DF6,0x5DF6,0x5DF6,0x5DF6,0x55F6,0x55F6,0x55F6,0x55F6,
 0x55F6,0x55F6,0x55F6,0x55F6,0x55F6,0x55F6,0x55F6,0x55F6,0x55F6,0x55F6,0x4DF6,0x4DF6,
 0x4DF7,0x4DF7,0x4DF7,0x4DF7,0x4DF7,0x45D6,0x5617,0xEFBE,0xFFFF,0xFFFF,0xFFFF,0xFFFF,
 0xFFFF,0xBDD9,0x3A0D,0x08C8,0x1109,0x216A,0x216A,0x214A,0x214A,0x194A,0x194A,0x194A,
 0x214A,0x216A,0x216A,0x1949,0x10E8,0x1909,0x73B2,0xF77E,0xFFFF,0xFFFF,0xFFFF,0xFFFF,
 0xFFFF,0xAEFC,0x25B8,0x35D9,0x2DD8,0x2DD9,0x2DD9,0x2DD9,0x25D9,0x25D9,0x25D9,0x25D9,
 0x25D9,0x25B9,0x25B9,0x25B9,0x25B9,0x25B9,0x25B9,0x25B9,0x25B9,0x2599,0x2599,0x2599,
 0x2599,0x2599,0x2599,0x2599,0x2599,0x2579,0x25BA,0x24D6,0x0020,0x0000,0x0000,0x0000,
 0x0000,0x0000,0x0000,0x0000,0x0000,0x0000,0x0000,0x0000,0x0000,0x0000,0x0000,0x0000,
 0x0000,0x0000,0x0000,0x0000,0x0000,0x0000,0x0000,0x0000,0x0000,0x0000,0x0000,0x0000,
 0x0000,0x0000,0x0000,0x0000,0x0000,0x0000,0x0000,0x0000,0x0000,0x0000,0x0000,0x0000,
 0x0000,0x0000,0x0000,0x0000,0x0000,0x0000,0x0000,0x0000,0x0000,0x0000,0x0000,0x0000,
 0x0000,0x0000,0x0000,0x0000,0x0000,0x0000,0x0000,0x0000,0x0000,0x0000,0x0000,0x0000,
 0x08C3,0x65F5,0x6615,0x65F5,0x65F5,0x65F5,0x65F5,0x65F5,0x65F5,0x65F5,0x65F5,0x65F5,
 0x65F5,0x65F5,0x65F5,0x65F5,0x65F5,0x65F5,0x65F5,0x65F5,0x65F5,0x65F5,0x65F5,0x65F5,
 0x65F5,0x65F5,0x65F5,0x65F5,0x65F5,0x65F5,0x65F5,0x65F5,0x65F5,0x65F5,0x65F5,0x5DF5,
 0x5DF5,0x5DF5,0x5DF5,0x5DF5,0x5DF6,0x5DF6,0x5DF6,0x5DF6,0x5DF6,0x5DF6,0x5DF6,0x5DF6,
 0x5DF6,0x5DF6,0x5DF6,0x55F6,0x55F6,0x55F6,0x55F6,0x55F6,0x55F6,0x55F6,0x55F6,0x55F6,
 0x55F6,0x55F6,0x55F6,0x55F6,0x55F6,0x4DF6,0x4DF6,0x4DF6,0x4DF7,0x4DF7,0x4DF7,0x4DF7,
 0x4DF7,0x4DF7,0x3DD6,0x6638,0xEFBE,0xFFFF,0xFFFF,0xFFFF,0xFFDF,0xFFFF,0xF79F,0x9CD6,
 0x3A0D,0x10E8,0x08C8,0x10E8,0x1929,0x1929,0x1929,0x1929,0x1109,0x10E8,0x08C8,0x214A,
 0x6351,0xCE5A,0xFFFF,0xFFFF,0xFFFF,0xFFFF,0xFFFF,0xFFFF,0xB73D,0x2DB8,0x2DD8,0x2DD8,
 0x2DD9,0x2DD9,0x2DD9,0x25D9,0x25D9,0x25D9,0x25D9,0x25B9,0x25B9,0x25B9,0x25B9,0x25B9,
 0x25B9,0x25B9,0x25B9,0x25B9,0x25B9,0x2599,0x2599,0x2599,0x2599,0x2599,0x2599,0x2599,
 0x2599,0x2579,0x259A,0x24D6,0x0020,0x0000,0x0000,0x0000,0x0000,0x0000,0x0000,0x0000,
 0x0000,0x0000,0x0000,0x0000,0x0000,0x0000,0x0000,0x0000,0x0000,0x0000,0x0000,0x0000,
 0x0000,0x0000,0x0000,0x0000,0x0000,0x0000,0x0000,0x0000,0x0000,0x0000,0x0000,0x0000,
 0x0000,0x0000,0x0000,0x0000,0x0000,0x0000,0x0000,0x0000,0x0000,0x0000,0x0000,0x0000,
 0x0000,0x0000,0x0000,0x0000,0x0000,0x0000,0x0000,0x0000,0x0000,0x0000,0x0000,0x0000,
 0x0000,0x0000,0x0000,0x0000,0x0000,0x0000,0x0000,0x0000,0x08C3,0x65F5,0x6615,0x65F5,
 0x65F5,0x65F5,0x65F5,0x65F5,0x65F5,0x65F5,0x65F5,0x65F5,0x65F5,0x65F5,0x65F5,0x65F5,
 0x65F5,0x65F5,0x65F5,0x65F5,0x65F5,0x65F5,0x65F5,0x65F5,0x65F5,0x65F5,0x65F5,0x65F5,
 0x65F5,0x65F5,0x65F5,0x65F5,0x65F5,0x65F5,0x5DF5,0x5DF5,0x5DF5,0x5DF5,0x5DF5,0x5DF5,
 0x5DF6,0x5DF6,0x5DF6,0x5DF6,0x5DF6,0x5DF6,0x5DF6,0x5DF6,0x5DF6,0x5DF6,0x55F6,0x55F6,
 0x55F6,0x55F6,0x55F6,0x55F6,0x55F6,0x55F6,0x55F6,0x55F6,0x55F6,0x55F6,0x55F6,0x55F6,
 0x55F6,0x4DF6,0x4DF6,0x4DF7,0x4DF7,0x4DF7,0x4DF7,0x4DF7,0x4DF7,0x45D7,0x4DF7,0x35B6,
 0x96BA,0xFFFF,0xFFFF,0xFFFF,0xFFFF,0xFFFF,0xFFFF,0xFFFF,0xF7BF,0xBDF9,0x7C13,0x52CF,
 0x3A0C,0x298B,0x298B,0x29AB,0x424D,0x6351,0x9CD6,0xDEDC,0xFFFF,0xFFFF,0xFFFF,0xFFFF,
 0xFFFF,0xFFFF,0xFFFF,0xAF1C,0x2DB8,0x2DD8,0x2DD8,0x2DD9,0x2DD9,0x2DD9,0x2DD9,0x25D9,
 0x25D9,0x25D9,0x25D9,0x25B9,0x25B9,0x25B9,0x25B9,0x25B9,0x25B9,0x25B9,0x25B9,0x25B9,
 0x2599,0x2599,0x2599,0x2599,0x2599,0x2599,0x2599,0x2599,0x2579,0x2579,0x259A,0x24D6,
 0x0020,0x0000,0x0000,0x0000,0x0000,0x0000,0x0000,0x0000,0x0000,0x0000,0x0000,0x0000,
 0x0000,0x0000,0x0000,0x0000,0x0000,0x0000,0x0000,0x0000,0x0000,0x0000,0x0000,0x0000,
 0x0000,0x0000,0x0000,0x0000,0x0000,0x0000,0x0000,0x0000,0x0000,0x0000,0x0000,0x0000,
 0x0000,0x0000,0x0000,0x0000,0x0000,0x0000,0x0000,0x0000,0x0000,0x0000,0x0000,0x0000,
 0x0000,0x0000,0x0000,0x0000,0x0000,0x0000,0x0000,0x0000,0x0000,0x0000,0x0000,0x0000,
 0x0000,0x0000,0x0000,0x0000,0x08C3,0x65F5,0x6615,0x65F5,0x65F5,0x65F5,0x65F5,0x65F5,
 0x65F5,0x65F5,0x65F5,0x65F5,0x65F5,0x65F5,0x65F5,0x65F5,0x65F5,0x65F5,0x65F5,0x65F5,
 0x65F5,0x65F5,0x65F5,0x65F5,0x65F5,0x65F5,0x65F5,0x65F5,0x65F5,0x65F5,0x65F5,0x65F5,
 0x65F5,0x5DF5,0x5DF5,0x5DF5,0x5DF5,0x5DF5,0x5DF5,0x5DF6,0x5DF6,0x5DF6,0x5DF6,0x5DF6,
 0x5DF6,0x5DF6,0x5DF6,0x5DF6,0x5DF6,0x55F6,0x55F6,0x55F6,0x55F6,0x55F6,0x55F6,0x55F6,
 0x55F6,0x55F6,0x55F6,0x55F6,0x55F6,0x55F6,0x55F6,0x55F6,0x4DF6,0x4DF6,0x4DF7,0x4DF7,
 0x4DF7,0x4DF7,0x4DF7,0x4DF7,0x45D7,0x45D7,0x4DF7,0x3DD7,0xC75D,0xFFFF,0xFFFF,0xFFFF,
 0xBDD9,0xCE7B,0xFFFF,0xFFFF,0xFFFF,0xFFFF,0xFFFF,0xFFFF,0xF7BF,0xEF5D,0xE73D,0xEF7E,
 0xFFFF,0xFFFF,0xFFFF,0xFFFF,0xFFFF,0xFFFF,0xFFFF,0xFFFF,0xFFFF,0xFFFF,0x96DC,0x2DB8,
 0x2DD8,0x2DD8,0x2DD8,0x2DD9,0x2DD9,0x2DD9,0x25D9,0x25D9,0x25D9,0x25D9,0x25B9,0x25B9,
 0x25B9,0x25B9,0x25B9,0x25B9,0x25B9,0x25B9,0x25B9,0x2599,0x2599,0x2599,0x2599,0x2599,
 0x2599,0x2599,0x2599,0x2579,0x2579,0x2579,0x259A,0x24D6,0x0020,0x0000,0x0000,0x0000,
 0x0000,0x0000,0x0000,0x0000,0x0000,0x0000,0x0000,0x0000,0x0000,0x0000,0x0000,0x0000,
 0x0000,0x0000,0x0000,0x0000,0x0000,0x0000,0x0000,0x0000,0x0000,0x0000,0x0000,0x0000,
 0x0000,0x0000,0x0000,0x0000,0x0000,0x0000,0x0000,0x0000,0x0000,0x0000,0x0000,0x0000,
 0x0000,0x0000,0x0000,0x0000,0x0000,0x0000,0x0000,0x0000,0x0000,0x0000,0x0000,0x0000,
 0x0000,0x0000,0x0000,0x0000,0x0000,0x0000,0x0000,0x0000,0x0000,0x0000,0x0000,0x0000,
 0x08C3,0x65F5,0x6615,0x65F5,0x65F5,0x65F5,0x65F5,0x65F5,0x65F5,0x65F5,0x65F5,0x65F5,
 0x65F5,0x65F5,0x65F5,0x65F5,0x65F5,0x65F5,0x65F5,0x65F5,0x65F5,0x65F5,0x65F5,0x65F5,
 0x65F5,0x65F5,0x65F5,0x65F5,0x65F5,0x65F5,0x65F5,0x65F5,0x5DF5,0x5DF5,0x5DF5,0x5DF5,
 0x5DF5,0x5DF5,0x5DF6,0x5DF6,0x5DF6,0x5DF6,0x5DF6,0x5DF6,0x5DF6,0x5DF6,0x5DF6,0x5DF6,
 0x55F6,0x55F6,0x55F6,0x55F6,0x55F6,0x55F6,0x55F6,0x55F6,0x55F6,0x55F6,0x55F6,0x55F6,
 0x55F6,0x55F6,0x55F6,0x4DF6,0x4DF6,0x4DF7,0x4DF7,0x4DF7,0x4DF7,0x4DF7,0x4DF7,0x45D7,
 0x45D7,0x4DD7,0x45D7,0x5E18,0xF7DF,0xFFFF,0xFFFF,0xFFFF,0x426D,0x1109,0x7BD3,0xCE7B,
 0xFFFF,0xFFFF,0xFFFF,0xFFFF,0xFFFF,0xFFFF,0xFFFF,0xFFFF,0xFFFF,0xFFFF,0xFFFF,0xFFFF,
 0xFFFF,0xFFFF,0xFFFF,0xFFFF,0xDF9E,0x665A,0x25B8,0x35D8,0x2DD8,0x2DD8,0x2DD9,0x2DD9,
 0x2DD9,0x25D9,0x25D9,0x25D9,0x25D9,0x25B9,0x25B9,0x25B9,0x25B9,0x25B9,0x25B9,0x25B9,
 0x25B9,0x25B9,0x2599,0x2599,0x2599,0x2599,0x2599,0x2599,0x2599,0x2599,0x2579,0x2579,
 0x2579,0x2579,0x259A,0x24D6,0x0020,0x0000,0x0000,0x0000,0x0000,0x0000,0x0000,0x0000,
 0x0000,0x0000,0x0000,0x0000,0x0000,0x0000,0x0000,0x0000,0x0000,0x0000,0x0000,0x0000,
 0x0000,0x0000,0x0000,0x0000,0x0000,0x0000,0x0000,0x0000,0x0000,0x0000,0x0000,0x0000,
 0x0000,0x0000,0x0000,0x0000,0x0000,0x0000,0x0000,0x0000,0x0000,0x0000,0x0000,0x0000,
 0x0000,0x0000,0x0000,0x0000,0x0000,0x0000,0x0000,0x0000,0x0000,0x0000,0x0000,0x0000,
 0x0000,0x0000,0x0000,0x0000,0x0000,0x0000,0x0000,0x0000,0x08C3,0x65F5,0x6615,0x65F5,
 0x65F5,0x65F5,0x65F5,0x65F5,0x65F5,0x65F5,0x65F5,0x65F5,0x65F5,0x65F5,0x65F5,0x65F5,
 0x65F5,0x65F5,0x65F5,0x65F5,0x65F5,0x65F5,0x65F5,0x65F5,0x65F5,0x65F5,0x65F5,0x65F5,
 0x65F5,0x65F5,0x65F5,0x5DF5,0x5DF5,0x5DF5,0x5DF5,0x5DF5,0x5DF5,0x5DF6,0x5DF6,0x5DF6,
 0x5DF6,0x5DF6,0x5DF6,0x5DF6,0x5DF6,0x5DF6,0x5DF6,0x5DF6,0x55F6,0x55F6,0x55F6,0x55F6,
 0x55F6,0x55F6,0x55F6,0x55F6,0x55F6,0x55F6,0x55F6,0x55F6,0x55F6,0x55F6,0x55F6,0x4DF6,
 0x4DF7,0x4DF7,0x4DF7,0x4DF7,0x4DF7,0x4DF7,0x4DD7,0x45D7,0x45D7,0x4DF7,0x3DB6,0x8EBA,
 0xFFFF,0xFFFF,0xFFFF,0xD6BC,0x194A,0x1949,0x10E8,0x1929,0x4A8E,0x8454,0xBDF9,0xDEDC,
 0xFFDF,0xFFFF,0xFFFF,0xFFFF,0xFFFF,0xFFFF,0xFFFF,0xFFFF,0xFFFF,0xFFFF,0xDF9E,0x8EBB,
 0x35D8,0x25B8,0x35D9,0x2DD8,0x2DD8,0x2DD9,0x2DD9,0x2DD9,0x25D9,0x25D9,0x25D9,0x25D9,
 0x25D9,0x25B9,0x25B9,0x25B9,0x25B9,0x25B9,0x25B9,0x25B9,0x25B9,0x2599,0x2599,0x2599,
 0x2599,0x2599,0x2599,0x2599,0x2599,0x2579,0x2579,0x2579,0x2579,0x2579,0x259A,0x24D6,
 0x0020,0x0000,0x0000,0x0000,0x0000,0x0000,0x0000,0x0000,0x0000,0x0000,0x0000,0x0000,
 0x0000,0x0000,0x0000,0x0000,0x0000,0x0000,0x0000,0x0000,0x0000,0x0000,0x0000,0x0000,
 0x0000,0x0000,0x0000,0x0000,0x0000,0x0000,0x0000,0x0000,0x0000,0x0000,0x0000,0x0000,
 0x0000,0x0000,0x0000,0x0000,0x0000,0x0000,0x0000,0x0000,0x0000,0x0000,0x0000,0x0000,
 0x0000,0x0000,0x0000,0x0000,0x0000,0x0000,0x0000,0x0000,0x0000,0x0000,0x0000,0x0000,
 0x0000,0x0000,0x0000,0x0000,0x08C3,0x65F5,0x6615,0x65F5,0x65F5,0x65F5,0x65F5,0x65F5,
 0x65F5,0x65F5,0x65F5,0x65F5,0x65F5,0x65F5,0x65F5,0x65F5,0x65F5,0x65F5,0x65F5,0x65F5,
 0x65F5,0x65F5,0x65F5,0x65F5,0x65F5,0x65F5,0x65F5,0x65F5,0x65F5,0x65F5,0x65F5,0x5DF5,
 0x5DF5,0x5DF5,0x5DF5,0x5DF5,0x5DF6,0x5DF6,0x5DF6,0x5DF6,0x5DF6,0x5DF6,0x5DF6,0x5DF6,
 0x5DF6,0x5DF6,0x5DF6,0x55F6,0x55F6,0x55F6,0x55F6,0x55F6,0x55F6,0x55F6,0x55F6,0x55F6,
 0x55F6,0x55F6,0x55F6,0x55F6,0x55F6,0x55F6,0x4DF6,0x4DF6,0x4DF7,0x4DF7,0x4DF7,0x4DF7,
 0x4DF7,0x4DD7,0x45D7,0x45D7,0x45D7,0x45F7,0x3DD7,0xCF5D,0xFFFF,0xFFDF,0xFFFF,0x8C94,
 0x08C8,0x216A,0x216A,0x1949,0x1108,0x10C8,0x10E8,0x298B,0xEF5D,0xFFFF,0xFFFF,0xFFFF,
 0xFFFF,0xFFFF,0xFFFF,0xEFBF,0xBF3D,0x767A,0x35D8,0x25B8,0x35D8,0x35D8,0x2DD8,0x2DD8,
 0x2DD9,0x2DD9,0x2DD9,0x25D9,0x25D9,0x25D9,0x25D9,0x25B9,0x25B9,0x25B9,0x25B9,0x25B9,
 0x25B9,0x25B9,0x25B9,0x25B9,0x25B9,0x2599,0x2599,0x2599,0x2599,0x2599,0x2599,0x2599,
 0x2599,0x2579,0x2579,0x2579,0x2579,0x2579,0x259A,0x24D6,0x0020,0x0000,0x0000,0x0000,
 0x0000,0x0000,0x0000,0x0000,0x0000,0x0000,0x0000,0x0000,0x0000,0x0000,0x0000,0x0000,
 0x0000,0x0000,0x0000,0x0000,0x0000,0x0000,0x0000,0x0000,0x0000,0x0000,0x0000,0x0000,
 0x0000,0x0000,0x0000,0x0000,0x0000,0x0000,0x0000,0x0000,0x0000,0x0000,0x0000,0x0000,
 0x0000,0x0000,0x0000,0x0000,0x0000,0x0000,0x0000,0x0000,0x0000,0x0000,0x0000,0x0000,
 0x0000,0x0000,0x0000,0x0000,0x0000,0x0000,0x0000,0x0000,0x0000,0x0000,0x0000,0x0000,
 0x08C3,0x65F5,0x6615,0x65F5,0x65F5,0x65F5,0x65F5,0x65F5,0x65F5,0x65F5,0x65F5,0x65F5,
 0x65F5,0x65F5,0x65F5,0x65F5,0x65F5,0x65F5,0x65F5,0x65F5,0x65F5,0x65F5,0x65F5,0x65F5,
 0x65F5,0x65F5,0x65F5,0x65F5,0x65F5,0x65F5,0x5DF5,0x5DF5,0x5DF5,0x5DF5,0x5DF5,0x5DF5,
 0x5DF6,0x5DF6,0x5DF6,0x5DF6,0x5DF6,0x5DF6,0x5DF6,0x5DF6,0x5DF6,0x5DF6,0x55F6,0x55F6,
 0x55F6,0x55F6,0x55F6,0x55F6,0x55F6,0x55F6,0x55F6,0x55F6,0x55F6,0x55F6,0x55F6,0x55F6,
 0x55F6,0x4DF6,0x4DF6,0x4DF7,0x4DF7,0x4DF7,0x4DF7,0x4DF7,0x4DF7,0x45D7,0x45D7,0x45D7,
 0x45D7,0x45D7,0x5E18,0xFFFF,0xFFFF,0xFFFF,0xFFFF,0x426D,0x1109,0x214A,0x1949,0x1949,
 0x214A,0x216A,0x10E8,0x5B30,0xFFFF,0xFFFF,0xFFFF,0xF7DF,0x9EFC,0x869B,0x663A,0x45F8,
 0x2DB8,0x25B8,0x35D8,0x35D8,0x35D8,0x2DD8,0x2DD8,0x2DD9,0x2DD9,0x2DD9,0x2DD9,0x25D9,
 0x25D9,0x25D9,0x25D9,0x25B9,0x25B9,0x25B9,0x25B9,0x25B9,0x25B9,0x25B9,0x25B9,0x25B9,
 0x2599,0x2599,0x2599,0x2599,0x2599,0x2599,0x2599,0x2599,0x2579,0x2579,0x2579,0x2579,
 0x2579,0x2579,0x2D9A,0x24D6,0x0020,0x0000,0x0000,0x0000,0x0000,0x0000,0x0000,0x0000,
 0x0000,0x0000,0x0000,0x0000,0x0000,0x0000,0x0000,0x0000,0x0000,0x0000,0x0000,0x0000,
 0x0000,0x0000,0x0000,0x0000,0x0000,0x0000,0x0000,0x0000,0x0000,0x0000,0x0000,0x0000,
 0x0000,0x0000,0x0000,0x0000,0x0000,0x0000,0x0000,0x0000,0x0000,0x0000,0x0000,0x0000,
 0x0000,0x0000,0x0000,0x0000,0x0000,0x0000,0x0000,0x0000,0x0000,0x0000,0x0000,0x0000,
 0x0000,0x0000,0x0000,0x0000,0x0000,0x0000,0x0000,0x0000,0x08C3,0x65F5,0x6615,0x65F5,
 0x65F5,0x65F5,0x65F5,0x65F5,0x65F5,0x65F5,0x65F5,0x65F5,0x65F5,0x65F5,0x65F5,0x65F5,
 0x65F5,0x65F5,0x65F5,0x65F5,0x65F5,0x65F5,0x65F5,0x65F5,0x65F5,0x65F5,0x65F5,0x65F5,
 0x65F5,0x5DF5,0x5DF5,0x5DF5,0x5DF5,0x5DF5,0x5DF5,0x5DF6,0x5DF6,0x5DF6,0x5DF6,0x5DF6,
 0x5DF6,0x5DF6,0x5DF6,0x5DF6,0x5DF6,0x55F6,0x55F6,0x55F6,0x55F6,0x55F6,0x55F6,0x55F6,
 0x55F6,0x55F6,0x55F6,0x55F6,0x55F6,0x55F6,0x55F6,0x55F6,0x4DF6,0x4DF6,0x4DF7,0x4DF7,
 0x4DF7,0x4DF7,0x4DF7,0x4DF7,0x45D7,0x45D7,0x45D7,0x45D7,0x4DF7,0x3DB6,0x96BA,0xFFFF,
 0xFFFF,0xFFFF,0xD69B,0x1929,0x194A,0x1949,0x1949,0x1949,0x1949,0x216A,0x10E8,0xAD78,
 0xFFFF,0xFFDF,0xFFFF,0xAF1C,0x1D97,0x2DB8,0x2DB8,0x35D8,0x35D8,0x35D8,0x35D8,0x35D8,
 0x2DD8,0x2DD8,0x2DD9,0x2DD9,0x2DD9,0x2DD9,0x25D9,0x25D9,0x25D9,0x25D9,0x25B9,0x25B9,
 0x25B9,0x25B9,0x25B9,0x25B9,0x25B9,0x25B9,0x25B9,0x2599,0x2599,0x2599,0x2599,0x2599,
 0x2599,0x2599,0x2599,0x2579,0x2579,0x2579,0x2579,0x2579,0x2579,0x2559,0x2D9A,0x24D6,
 0x0020,0x0000,0x0000,0x0000,0x0000,0x0000,0x0000,0x0000,0x0000,0x0000,0x0000,0x0000,
 0x0000,0x0000,0x0000,0x0000,0x0000,0x0000,0x0000,0x0000,0x0000,0x0000,0x0000,0x0000,
 0x0000,0x0000,0x0000,0x0000,0x0000,0x0000,0x0000,0x0000,0x0000,0x0000,0x0000,0x0000,
 0x0000,0x0000,0x0000,0x0000,0x0000,0x0000,0x0000,0x0000,0x0000,0x0000,0x0000,0x0000,
 0x0000,0x0000,0x0000,0x0000,0x0000,0x0000,0x0000,0x0000,0x0000,0x0000,0x0000,0x0000,
 0x0000,0x0000,0x0000,0x0000,0x08C3,0x65F5,0x6615,0x65F5,0x65F5,0x65F5,0x65F5,0x65F5,
 0x65F5,0x65F5,0x65F5,0x65F5,0x65F5,0x65F5,0x65F5,0x65F5,0x65F5,0x65F5,0x65F5,0x65F5,
 0x65F5,0x65F5,0x65F5,0x65F5,0x65F5,0x65F5,0x65F5,0x65F5,0x5DF5,0x5DF5,0x5DF5,0x5DF5,
 0x5DF5,0x5DF5,0x5DF6,0x5DF6,0x5DF6,0x5DF6,0x5DF6,0x5DF6,0x5DF6,0x5DF6,0x5DF6,0x5DF6,
 0x55F6,0x55F6,0x55F6,0x55F6,0x55F6,0x55F6,0x55F6,0x55F6,0x55F6,0x55F6,0x55F6,0x55F6,
 0x55F6,0x55F6,0x55F6,0x4DF6,0x4DF6,0x4DF7,0x4DF7,0x4DF7,0x4DF7,0x4DF7,0x4DF7,0x45D7,
 0x45D7,0x45D7,0x45D7,0x45D7,0x45D7,0x45D7,0xD77D,0xFFFF,0xFFDF,0xFFFF,0x8454,0x08C8,
 0x216A,0x1949,0x1949,0x1949,0x194A,0x1929,0x29AB,0xEF5E,0xFFFF,0xFFFF,0xFFFF,0x6E5A,
 0x2DD8,0x3DF8,0x35D8,0x35D8,0x35D8,0x35D8,0x35D8,0x2DD8,0x2DD8,0x2DD9,0x2DD9,0x2DD9,
 0x2DD9,0x25D9,0x25D9,0x25D9,0x25D9,0x25B9,0x25B9,0x25B9,0x25B9,0x25B9,0x25B9,0x25B9,
 0x25B9,0x25B9,0x2599,0x2599,0x2599,0x2599,0x2599,0x2599,0x2599,0x2599,0x2579,0x2579,
 0x2579,0x2579,0x2579,0x2579,0x2579,0x2559,0x2D9A,0x24D6,0x0020,0x0000,0x0000,0x0000,
 0x0000,0x0000,0x0000,0x0000,0x0000,0x0000,0x0000,0x0000,0x0000,0x0000,0x0000,0x0000,
 0x0000,0x0000,0x0000,0x0000,0x0000,0x0000,0x0000,0x0000,0x0000,0x0000,0x0000,0x0000,
 0x0000,0x0000,0x0000,0x0000,0x0000,0x0000,0x0000,0x0000,0x0000,0x0000,0x0000,0x0000,
 0x0000,0x0000,0x0000,0x0000,0x0000,0x0000,0x0000,0x0000,0x0000,0x0000,0x0000,0x0000,
 0x0000,0x0000,0x0000,0x0000,0x0000,0x0000,0x0000,0x0000,0x0000,0x0000,0x0000,0x0000,
 0x08C3,0x65F5,0x6615,0x65F5,0x65F5,0x65F5,0x65F5,0x65F5,0x65F5,0x65F5,0x65F5,0x65F5,
 0x65F5,0x65F5,0x65F5,0x65F5,0x65F5,0x65F5,0x65F5,0x65F5,0x65F5,0x65F5,0x65F5,0x65F5,
 0x65F5,0x65F5,0x65F5,0x5DF5,0x5DF5,0x5DF5,0x5DF5,0x5DF5,0x5DF5,0x5DF6,0x5DF6,0x5DF6,
 0x5DF6,0x5DF6,0x5DF6,0x5DF6,0x5DF6,0x5DF6,0x5DF6,0x5DF6,0x55F6,0x55F6,0x55F6,0x55F6,
 0x55F6,0x55F6,0x55F6,0x55F6,0x55F6,0x55F6,0x55F6,0x55F6,0x55F6,0x55F6,0x4DF6,0x4DF6,
 0x4DF7,0x4DF7,0x4DF7,0x4DF7,0x4DF7,0x4DF7,0x45D7,0x45D7,0x45D7,0x45D7,0x45D7,0x45F7,
 0x3DD7,0x6638,0xFFFF,0xFFFF,0xFFFF,0xFFDF,0x422D,0x1109,0x214A,0x1949,0x1949,0x1949,
 0x216A,0x10E8,0x6B71,0xFFFF,0xFFFF,0xFFFF,0xE7BE,0x3DD8,0x35D8,0x35D8,0x35D8,0x35D8,
 0x35D8,0x35D8,0x2DD8,0x2DD8,0x2DD8,0x2DD9,0x2DD9,0x2DD9,0x25D9,0x25D9,0x25D9,0x25D9,
 0x25B9,0x25B9,0x25B9,0x25B9,0x25B9,0x25B9,0x25B9,0x25B9,0x25B9,0x2599,0x2599,0x2599,
 0x2599,0x2599,0x2599,0x2599,0x2599,0x2579,0x2579,0x2579,0x2579,0x2579,0x2579,0x2579,
 0x2579,0x2559,0x2D7A,0x24B6,0x0020,0x0000,0x0000,0x0000,0x0000,0x0000,0x0000,0x0000,
 0x0000,0x0000,0x0000,0x0000,0x0000,0x0000,0x0000,0x0000,0x0000,0x0000,0x0000,0x0000,
 0x0000,0x0000,0x0000,0x0000,0x0000,0x0000,0x0000,0x0000,0x0000,0x0000,0x0000,0x0000,
 0x0000,0x0000,0x0000,0x0000,0x0000,0x0000,0x0000,0x0000,0x0000,0x0000,0x0000,0x0000,
 0x0000,0x0000,0x0000,0x0000,0x0000,0x0000,0x0000,0x0000,0x0000,0x0000,0x0000,0x0000,
 0x0000,0x0000,0x0000,0x0000,0x0000,0x0000,0x0000,0x0000,0x08C3,0x65F5,0x6615,0x65F5,
 0x65F5,0x65F5,0x65F5,0x65F5,0x65F5,0x65F5,0x65F5,0x65F5,0x65F5,0x65F5,0x65F5,0x65F5,
 0x65F5,0x65F5,0x65F5,0x65F5,0x65F5,0x65F5,0x65F5,0x65F5,0x65F5,0x65F5,0x65F5,0x5DF5,
 0x5DF5,0x5DF5,0x5DF5,0x5DF5,0x5DF6,0x5DF6,0x5DF6,0x5DF6,0x5DF6,0x5DF6,0x5DF6,0x5DF6,
 0x5DF6,0x5DF6,0x5DF6,0x55F6,0x55F6,0x55F6,0x55F6,0x55F6,0x55F6,0x55F6,0x55F6,0x55F6,
 0x55F6,0x55F6,0x55F6,0x55F6,0x55F6,0x55F6,0x4DF6,0x4DF6,0x4DF7,0x4DF7,0x4DF7,0x4DF7,
 0x4DF7,0x4DD7,0x45D7,0x45D7,0x45D7,0x45D7,0x45D7,0x4DF7,0x35B7,0x9EDB,0xFFFF,0xFFFF,
 0xFFFF,0xCE5A,0x1109,0x214A,0x1949,0x1949,0x1949,0x1949,0x216A,0x10E8,0xB598,0xFFFF,
 0xFFDF,0xFFFF,0xA6FC,0x2DB8,0x3DD8,0x35D8,0x35D8,0x35D8,0x35D8,0x35D8,0x2DD8,0x2DD8,
 0x2DD9,0x2DD9,0x2DD9,0x25D9,0x25D9,0x25D9,0x25D9,0x25B9,0x25B9,0x25B9,0x25B9,0x25B9,
 0x25B9,0x25B9,0x25B9,0x25B9,0x25B9,0x2599,0x2599,0x2599,0x2599,0x2599,0x2599,0x2599,
 0x2579,0x2579,0x2579,0x2579,0x2579,0x2579,0x2579,0x2579,0x2D59,0x2559,0x2D7A,0x24B6,
 0x0020,0x0000,0x0000,0x0000,0x0000,0x0000,0x0000,0x0000,0x0000,0x0000,0x0000,0x0000,
 0x0000,0x0000,0x0000,0x0000,0x0000,0x0000,0x0000,0x0000,0x0000,0x0000,0x0000,0x0000,
 0x0000,0x0000,0x0000,0x0000,0x0000,0x0000,0x0000,0x0000,0x0000,0x0000,0x0000,0x0000,
 0x0000,0x0000,0x0000,0x0000,0x0000,0x0000,0x0000,0x0000,0x0000,0x0000,0x0000,0x0000,
 0x0000,0x0000,0x0000,0x0000,0x0000,0x0000,0x0000,0x0000,0x0000,0x0000,0x0000,0x0000,
 0x0000,0x0000,0x0000,0x0000,0x08C3,0x65F5,0x6615,0x65F5,0x65F5,0x65F5,0x65F5,0x65F5,
 0x65F5,0x65F5,0x65F5,0x65F5,0x65F5,0x65F5,0x65F5,0x65F5,0x65F5,0x65F5,0x65F5,0x65F5,
 0x65F5,0x65F5,0x65F5,0x65F5,0x65F5,0x65F5,0x5DF5,0x5DF5,0x5DF5,0x5DF5,0x5DF5,0x5DF6,
 0x5DF6,0x5DF6,0x5DF6,0x5DF6,0x5DF6,0x5DF6,0x5DF6,0x5DF6,0x5DF6,0x5DF6,0x55F6,0x55F6,
 0x55F6,0x55F6,0x55F6,0x55F6,0x55F6,0x55F6,0x55F6,0x55F6,0x55F6,0x55F6,0x55F6,0x55F6,
 0x55F6,0x4DF6,0x4DF6,0x4DF7,0x4DF7,0x4DF7,0x4DF7,0x4DF7,0x4DD7,0x45D7,0x45D7,0x45D7,
 0x45D7,0x45D7,0x45D7,0x45D7,0x45D7,0xD77E,0xFFFF,0xFFDF,0xFFFF,0x7C13,0x08C8,0x216A,
 0x1949,0x1949,0x1949,0x194A,0x1929,0x31CB,0xF77E,0xFFFF,0xFFFF,0xFFFF,0x665A,0x2DB8,
 0x35D8,0x35D8,0x35D8,0x35D8,0x35D8,0x2DD8,0x2DD8,0x2DD9,0x2DD9,0x2DD9,0x2DD9,0x25D9,
 0x25D9,0x25D9,0x25D9,0x25B9,0x25B9,0x25B9,0x25B9,0x25B9,0x25B9,0x25B9,0x25B9,0x25B9,
 0x2599,0x2599,0x2599,0x2599,0x2599,0x2599,0x2599,0x2599,0x2579,0x2579,0x2579,0x2579,
 0x2579,0x2579,0x2579,0x2D59,0x2559,0x2D59,0x2D7A,0x24B6,0x0020,0x0000,0x0000,0x0000,
 0x0000,0x0000,0x0000,0x0000,0x0000,0x0000,0x0000,0x0000,0x0000,0x0000,0x0000,0x0000,
 0x0000,0x0000,0x0000,0x0000,0x0000,0x0000,0x0000,0x0000,0x0000,0x0000,0x0000,0x0000,
 0x0000,0x0000,0x0000,0x0000,0x0000,0x0000,0x0000,0x0000,0x0000,0x0000,0x0000,0x0000,
 0x0000,0x0000,0x0000,0x0000,0x0000,0x0000,0x0000,0x0000,0x0000,0x0000,0x0000,0x0000,
 0x0000,0x0000,0x0000,0x0000,0x0000,0x0000,0x0000,0x0000,0x0000,0x0000,0x0000,0x0000,
 0x08C3,0x65F5,0x6615,0x65F5,0x65F5,0x65F5,0x65F5,0x65F5,0x65F5,0x65F5,0x65F5,0x65F5,
 0x65F5,0x65F5,0x65F5,0x65F5,0x65F5,0x65F5,0x65F5,0x65F5,0x65F5,0x65F5,0x65F5,0x65F5,
 0x65F5,0x5DF5,0x5DF5,0x5DF5,0x5DF5,0x5DF5,0x5DF5,0x5DF6,0x5DF6,0x5DF6,0x5DF6,0x5DF6,
 0x5DF6,0x5DF6,0x5DF6,0x5DF6,0x5DF6,0x55F6,0x55F6,0x55F6,0x55F6,0x55F6,0x55F6,0x55F6,
 0x55F6,0x55F6,0x55F6,0x55F6,0x55F6,0x55F6,0x55F6,0x55F6,0x4DF6,0x4DF6,0x4DF7,0x4DF7,
 0x4DF7,0x4DF7,0x4DF7,0x4DD7,0x45D7,0x45D7,0x45D7,0x45D7,0x45D7,0x45D7,0x45F7,0x3DD7,
 0x6639,0xFFFF,0xFFFF,0xFFFF,0xF7BF,0x3A0C,0x1929,0x214A,0x1949,0x1949,0x1949,0x216A,
 0x10E8,0x7392,0xFFFF,0xFFFF,0xFFFF,0xE79E,0x3DD8,0x35D8,0x35D8,0x35D8,0x35D8,0x35D8,
 0x2DD8,0x2DD8,0x2DD9,0x2DD9,0x2DD9,0x2DD9,0x25D9,0x25D9,0x25D9,0x25D9,0x25B9,0x25B9,
 0x25B9,0x25B9,0x25B9,0x25B9,0x25B9,0x25B9,0x25B9,0x2599,0x2599,0x2599,0x2599,0x2599,
 0x2599,0x2599,0x2599,0x2579,0x2579,0x2579,0x2579,0x2579,0x2579,0x2579,0x2D59,0x2559,
 0x2D59,0x2D59,0x2D7A,0x24B6,0x0020,0x0000,0x0000,0x0000,0x0000,0x0000,0x0000,0x0000,
 0x0000,0x0000,0x0000,0x0000,0x0000,0x0000,0x0000,0x0000,0x0000,0x0000,0x0000,0x0000,
 0x0000,0x0000,0x0000,0x0000,0x0000,0x0000,0x0000,0x0000,0x0000,0x0000,0x0000,0x0000,
 0x0000,0x0000,0x0000,0x0000,0x0000,0x0000,0x0000,0x0000,0x0000,0x0000,0x0000,0x0000,
 0x0000,0x0000,0x0000,0x0000,0x0000,0x0000,0x0000,0x0000,0x0000,0x0000,0x0000,0x0000,
 0x0000,0x0000,0x0000,0x0000,0x0000,0x0000,0x0000,0x0000,0x08C3,0x65F5,0x6615,0x65F5,
 0x65F5,0x65F5,0x65F5,0x65F5,0x65F5,0x65F5,0x65F5,0x65F5,0x65F5,0x65F5,0x65F5,0x65F5,
 0x65F5,0x65F5,0x65F5,0x65F5,0x65F5,0x65F5,0x65F5,0x65F5,0x5DF5,0x5DF5,0x5DF5,0x5DF5,
 0x5DF5,0x5DF5,0x5DF6,0x5DF6,0x5DF6,0x5DF6,0x5DF6,0x5DF6,0x5DF6,0x5DF6,0x5DF6,0x5DF6,
 0x55F6,0x55F6,0x55F6,0x55F6,0x55F6,0x55F6,0x55F6,0x55F6,0x55F6,0x55F6,0x55F6,0x55F6,
 0x55F6,0x55F6,0x55F6,0x4DF6,0x4DF6,0x4DF7,0x4DF7,0x4DF7,0x4DF7,0x4DF7,0x4DF7,0x45D7,
 0x45D7,0x45D7,0x45D7,0x45D7,0x45D7,0x45D7,0x45F7,0x35B6,0xA6DB,0xFFFF,0xFFDF,0xFFFF,
 0xC5FA,0x10E9,0x214A,0x1949,0x1949,0x1949,0x1949,0x214A,0x10E8,0xBDD9,0xFFFF,0xFFDF,
 0xFFFF,0xA6FC,0x25B8,0x35D8,0x35D8,0x35D8,0x35D8,0x2DD8,0x2DD8,0x2DD8,0x2DD9,0x2DD9,
 0x2DD9,0x25D9,0x25D9,0x25D9,0x25D9,0x25B9,0x25B9,0x25B9,0x25B9,0x25B9,0x25B9,0x25B9,
 0x25B9,0x25B9,0x2599,0x2599,0x2599,0x2599,0x2599,0x2599,0x2599,0x2599,0x2579,0x2579,
 0x2579,0x2579,0x2579,0x2579,0x2579,0x2D59,0x2559,0x2D59,0x2D59,0x2D59,0x2D7A,0x24B6,
 0x0020,0x0000,0x0000,0x0000,0x0000,0x0000,0x0000,0x0000,0x0000,0x0000,0x0000,0x0000,
 0x0000,0x0000,0x0000,0x0000,0x0000,0x0000,0x0000,0x0000,0x0000,0x0000,0x0000,0x0000,
 0x0000,0x0000,0x0000,0x0000,0x0000,0x0000,0x0000,0x0000,0x0000,0x0000,0x0000,0x0000,
 0x0000,0x0000,0x0000,0x0000,0x0000,0x0000,0x0000,0x0000,0x0000,0x0000,0x0000,0x0000,
 0x0000,0x0000,0x0000,0x0000,0x0000,0x0000,0x0000,0x0000,0x0000,0x0000,0x0000,0x0000,
 0x0000,0x0000,0x0000,0x0000,0x08C3,0x65F5,0x6615,0x65F5,0x65F5,0x65F5,0x65F5,0x65F5,
 0x65F5,0x65F5,0x65F5,0x65F5,0x65F5,0x65F5,0x65F5,0x65F5,0x65F5,0x65F5,0x65F5,0x65F5,
 0x65F5,0x65F5,0x65F5,0x5DF5,0x5DF5,0x5DF5,0x5DF5,0x5DF5,0x5DF5,0x5DF6,0x5DF6,0x5DF6,
 0x5DF6,0x5DF6,0x5DF6,0x5DF6,0x5DF6,0x5DF6,0x5DF6,0x5DF6,0x55F6,0x55F6,0x55F6,0x55F6,
 0x55F6,0x55F6,0x55F6,0x55F6,0x55F6,0x55F6,0x55F6,0x55F6,0x55F6,0x55F6,0x4DF6,0x4DF6,
 0x4DF7,0x4DF7,0x4DF7,0x4DF7,0x4DF7,0x4DF7,0x4DD7,0x45D7,0x45D7,0x45D7,0x45D7,0x45D7,
 0x45D7,0x45D7,0x45D7,0x45D7,0xDF9E,0xFFFF,0xFFFF,0xFFFF,0x73B2,0x08C8,0x216A,0x1949,
 0x1949,0x1949,0x194A,0x1929,0x31EC,0xF79E,0xFFFF,0xFFFF,0xFFFF,0x5E3A,0x2DB8,0x35D8,
 0x35D8,0x35D8,0x2DD8,0x2DD8,0x2DD8,0x2DD9,0x2DD9,0x2DD9,0x25D9,0x25D9,0x25D9,0x25D9,
 0x25B9,0x25B9,0x25B9,0x25B9,0x25B9,0x25B9,0x25B9,0x25B9,0x25B9,0x2599,0x2599,0x2599,
 0x2599,0x2599,0x2599,0x2599,0x2599,0x2579,0x2579,0x2579,0x2579,0x2579,0x2579,0x2579,
 0x2579,0x2559,0x2559,0x2D59,0x2D59,0x2559,0x2D7A,0x24B6,0x0020,0x0000,0x0000,0x0000,
 0x0000,0x0000,0x0000,0x0000,0x0000,0x0000,0x0000,0x0000,0x0000,0x0000,0x0000,0x0000,
 0x0000,0x0000,0x0000,0x0000,0x0000,0x0000,0x0000,0x0000,0x0000,0x0000,0x0000,0x0000,
 0x0000,0x0000,0x0000,0x0000,0x0000,0x0000,0x0000,0x0000,0x0000,0x0000,0x0000,0x0000,
 0x0000,0x0000,0x0000,0x0000,0x0000,0x0000,0x0000,0x0000,0x0000,0x0000,0x0000,0x0000,
 0x0000,0x0000,0x0000,0x0000,0x0000,0x0000,0x0000,0x0000,0x0000,0x0000,0x0000,0x0000,
 0x08C3,0x65F5,0x6615,0x65F5,0x65F5,0x65F5,0x65F5,0x65F5,0x65F5,0x65F5,0x65F5,0x65F5,
 0x65F5,0x65F5,0x65F5,0x65F5,0x65F5,0x65F5,0x65F5,0x65F5,0x65F5,0x65F5,0x5DF5,0x5DF5,
 0x5DF5,0x5DF5,0x5DF5,0x5DF5,0x5DF6,0x5DF6,0x5DF6,0x5DF6,0x5DF6,0x5DF6,0x5DF6,0x5DF6,
 0x5DF6,0x5DF6,0x5DF6,0x55F6,0x55F6,0x55F6,0x55F6,0x55F6,0x55F6,0x55F6,0x55F6,0x55F6,
 0x55F6,0x55F6,0x55F6,0x55F6,0x55F6,0x4DF6,0x4DF6,0x4DF7,0x4DF7,0x4DF7,0x4DF7,0x4DF7,
 0x4DF7,0x4DD7,0x45D7,0x45D7,0x45D7,0x45D7,0x45D7,0x45D7,0x45D7,0x45F7,0x3DD7,0x6E59,
 0xFFFF,0xFFFF,0xFFFF,0xF79E,0x31CC,0x1929,0x194A,0x1949,0x1949,0x1949,0x216A,0x08C8,
 0x73D2,0xFFFF,0xFFFF,0xFFFF,0xDF9E,0x35D8,0x35D8,0x35D8,0x35D8,0x35D8,0x2DD8,0x2DD8,
 0x2DD9,0x2DD9,0x2DD9,0x25D9,0x25D9,0x25D9,0x25D9,0x25B9,0x25B9,0x25B9,0x25B9,0x25B9,
 0x25B9,0x25B9,0x25B9,0x25B9,0x25B9,0x2599,0x2599,0x2599,0x2599,0x2599,0x2599,0x2599,
 0x2579,0x2579,0x2579,0x2579,0x2579,0x2579,0x2579,0x2579,0x2D59,0x2559,0x2D59,0x2D59,
 0x2559,0x2D59,0x2D7A,0x24B6,0x0020,0x0000,0x0000,0x0000,0x0000,0x0000,0x0000,0x0000,
 0x0000,0x0000,0x0000,0x0000,0x0000,0x0000,0x0000,0x0000,0x0000,0x0000,0x0000,0x0000,
 0x0000,0x0000,0x0000,0x0000,0x0000,0x0000,0x0000,0x0000,0x0000,0x0000,0x0000,0x0000,
 0x0000,0x0000,0x0000,0x0000,0x0000,0x0000,0x0000,0x0000,0x0000,0x0000,0x0000,0x0000,
 0x0000,0x0000,0x0000,0x0000,0x0000,0x0000,0x0000,0x0000,0x0000,0x0000,0x0000,0x0000,
 0x0000,0x0000,0x0000,0x0000,0x0000,0x0000,0x0000,0x0000,0x08C3,0x65F5,0x6615,0x65F5,
 0x65F5,0x65F5,0x65F5,0x65F5,0x65F5,0x65F5,0x65F5,0x65F5,0x65F5,0x65F5,0x65F5,0x65F5,
 0x65F5,0x65F5,0x65F5,0x65F5,0x65F5,0x5DF5,0x5DF5,0x5DF5,0x5DF5,0x5DF5,0x5DF5,0x5DF5,
 0x5DF6,0x5DF6,0x5DF6,0x5DF6,0x5DF6,0x5DF6,0x5DF6,0x5DF6,0x5DF6,0x5DF6,0x55F6,0x55F6,
 0x55F6,0x55F6,0x55F6,0x55F6,0x55F6,0x55F6,0x55F6,0x55F6,0x55F6,0x55F6,0x55F6,0x55F6,
 0x55F6,0x4DF6,0x4DF6,0x4DF7,0x4DF7,0x4DF7,0x4DF7,0x4DF7,0x4DD7,0x45D7,0x45D7,0x45D7,
 0x45D7,0x45D7,0x45D7,0x45D7,0x45D7,0x45D7,0x35B7,0xAEFC,0xFFFF,0xFFDF,0xFFFF,0xBDD9,
 0x10E8,0x216A,0x1949,0x1949,0x1949,0x1949,0x214A,0x1109,0xC61A,0xFFFF,0xFFDF,0xFFFF,
 0x9EDC,0x25B8,0x35D8,0x35D8,0x35D8,0x2DD8,0x2DD8,0x2DD9,0x2DD9,0x2DD9,0x25D9,0x25D9,
 0x25D9,0x25D9,0x25D9,0x25B9,0x25B9,0x25B9,0x25B9,0x25B9,0x25B9,0x25B9,0x25B9,0x25B9,
 0x2599,0x2599,0x2599,0x2599,0x2599,0x2599,0x2599,0x2599,0x2579,0x2579,0x2579,0x2579,
 0x2579,0x2579,0x2579,0x2D59,0x2559,0x2D59,0x2D5A,0x2D59,0x2559,0x2D39,0x2D7A,0x24B6,
 0x0020,0x0000,0x0000,0x0000,0x0000,0x0000,0x0000,0x0000,0x0000,0x0000,0x0000,0x0000,
 0x0000,0x0000,0x0000,0x0000,0x0000,0x0000,0x0000,0x0000,0x0000,0x0000,0x0000,0x0000,
 0x0000,0x0000,0x0000,0x0000,0x0000,0x0000,0x0000,0x0000,0x0000,0x0000,0x0000,0x0000,
 0x0000,0x0000,0x0000,0x0000,0x0000,0x0000,0x0000,0x0000,0x0000,0x0000,0x0000,0x0000,
 0x0000,0x0000,0x0000,0x0000,0x0000,0x0000,0x0000,0x0000,0x0000,0x0000,0x0000,0x0000,
 0x0000,0x0000,0x0000,0x0000,0x08C3,0x65F5,0x6615,0x65F5,0x65F5,0x65F5,0x65F5,0x65F5,
 0x65F5,0x65F5,0x65F5,0x65F5,0x65F5,0x65F5,0x65F5,0x65F5,0x65F5,0x65F5,0x65F5,0x65F5,
 0x65F5,0x5DF5,0x5DF5,0x5DF5,0x5DF5,0x5DF5,0x5DF6,0x5DF6,0x5DF6,0x5DF6,0x5DF6,0x5DF6,
 0x5DF6,0x5DF6,0x5DF6,0x5DF6,0x5DF6,0x55F6,0x55F6,0x55F6,0x55F6,0x55F6,0x55F6,0x55F6,
 0x55F6,0x55F6,0x55F6,0x55F6,0x55F6,0x55F6,0x55F6,0x55F6,0x4DF6,0x4DF6,0x4DF7,0x4DF7,
 0x4DF7,0x4DF7,0x4DD7,0x4DD7,0x45D7,0x45D7,0x45D7,0x45D7,0x45D7,0x45D7,0x45D7,0x45D7,
 0x45F7,0x45F7,0x45F8,0xE7BE,0xFFFF,0xFFFF,0xFFFF,0x6B92,0x10E8,0x216A,0x1949,0x1949,
 0x1949,0x214A,0x1109,0x3A0D,0xF7BF,0xFFFF,0xFFFF,0xFFFF,0x5E39,0x2DB8,0x35D8,0x35D8,
 0x2DD8,0x2DD8,0x2DD9,0x2DD9,0x2DD9,0x2DD9,0x25D9,0x25D9,0x25D9,0x25D9,0x25B9,0x25B9,
 0x25B9,0x25B9,0x25B9,0x25B9,0x25B9,0x25B9,0x25B9,0x2599,0x2599,0x2599,0x2599,0x2599,
 0x2599,0x2599,0x2599,0x2579,0x2579,0x2579,0x2579,0x2579,0x2579,0x2579,0x2D59,0x2559,
 0x2D59,0x2D59,0x2559,0x2D59,0x2D59,0x2D39,0x2D7A,0x24B6,0x0020,0x0000,0x0000,0x0000,
 0x0000,0x0000,0x0000,0x0000,0x0000,0x0000,0x0000,0x0000,0x0000,0x0000,0x0000,0x0000,
 0x0000,0x0000,0x0000,0x0000,0x0000,0x0000,0x0000,0x0000,0x0000,0x0000,0x0000,0x0000,
 0x0000,0x0000,0x0000,0x0000,0x0000,0x0000,0x0000,0x0000,0x0000,0x0000,0x0000,0x0000,
 0x0000,0x0000,0x0000,0x0000,0x0000,0x0000,0x0000,0x0000,0x0000,0x0000,0x0000,0x0000,
 0x0000,0x0000,0x0000,0x0000,0x0000,0x0000,0x0000,0x0000,0x0000,0x0000,0x0000,0x0000,
 0x08C3,0x65F5,0x6615,0x65F5,0x65F5,0x65F5,0x65F5,0x65F5,0x65F5,0x65F5,0x65F5,0x65F5,
 0x65F5,0x65F5,0x65F5,0x65F5,0x65F5,0x65F5,0x65F5,0x65F5,0x5DF5,0x5DF5,0x5DF5,0x5DF5,
 0x5DF5,0x5DF5,0x5DF6,0x5DF6,0x5DF6,0x5DF6,0x5DF6,0x5DF6,0x5DF6,0x5DF6,0x5DF6,0x5DF6,
 0x55F6,0x55F6,0x55F6,0x55F6,0x55F6,0x55F6,0x55F6,0x55F6,0x55F6,0x55F6,0x55F6,0x55F6,
 0x55F6,0x55F6,0x4DD6,0x4DD6,0x4DD6,0x4DD6,0x4DD6,0x4DD6,0x4DD6,0x4DF7,0x4DF7,0x4DF7,
 0x4E17,0x4E18,0x4E38,0x4E38,0x4638,0x4618,0x4618,0x45D7,0x45B7,0x2D35,0x6DD8,0xFFFF,
 0xFFFF,0xFFFF,0xEF7E,0x31AB,0x1929,0x194A,0x1949,0x1949,0x1949,0x216A,0x08C8,0x7C13,
 0xFFFF,0xFFDF,0xFFFF,0xD79E,0x2DB8,0x35D8,0x35D8,0x2DD8,0x2DD8,0x2DD9,0x2DD9,0x2DD9,
 0x2DD9,0x25D9,0x25D9,0x25D9,0x25D9,0x25B9,0x25B9,0x25B9,0x25B9,0x25B9,0x25B9,0x25B9,
 0x25B9,0x25B9,0x2599,0x2599,0x2599,0x2599,0x2599,0x2599,0x2599,0x2599,0x2579,0x2579,
 0x2579,0x2579,0x2579,0x2579,0x2579,0x2579,0x2559,0x2D59,0x2D59,0x2D59,0x2559,0x2D59,
 0x2D59,0x2D39,0x2D7A,0x24B6,0x0020,0x0000,0x0000,0x0000,0x0000,0x0000,0x0000,0x0000,
 0x0000,0x0000,0x0000,0x0000,0x0000,0x0000,0x0000,0x0000,0x0000,0x0000,0x0000,0x0000,
 0x0000,0x0000,0x0000,0x0000,0x0000,0x0000,0x0000,0x0000,0x0000,0x0000,0x0000,0x0000,
 0x0000,0x0000,0x0000,0x0000,0x0000,0x0000,0x0000,0x0000,0x0000,0x0000,0x0000,0x0000,
 0x0000,0x0000,0x0000,0x0000,0x0000,0x0000,0x0000,0x0000,0x0000,0x0000,0x0000,0x0000,
 0x0000,0x0000,0x0000,0x0000,0x0000,0x0000,0x0000,0x0000,0x08C3,0x65F5,0x6615,0x65F5,
 0x65F5,0x65F5,0x65F5,0x65F5,0x65F5,0x65F5,0x65F5,0x65F5,0x65F5,0x65F5,0x65F5,0x65F5,
 0x65F5,0x65F5,0x65F5,0x5DF5,0x5DF5,0x5DF5,0x5DF5,0x5DF5,0x5DF5,0x5DF6,0x5DF6,0x5DF6,
 0x5DF6,0x5DF6,0x5DF6,0x5DF6,0x5DF6,0x5DF6,0x5DF6,0x55F6,0x55F6,0x55F6,0x55F6,0x55F6,
 0x55D6,0x55D6,0x55D6,0x55D6,0x55D6,0x55F6,0x55F6,0x55F6,0x5617,0x5617,0x5617,0x5637,
 0x5637,0x4E37,0x4E37,0x4E17,0x4DF7,0x45D7,0x4596,0x3D55,0x3CF4,0x3493,0x2C32,0x2BB1,
 0x2B50,0x22CF,0x226D,0x220C,0x21CC,0x0909,0xA517,0xFFFF,0xFFDF,0xFFFF,0xB598,0x10E8,
 0x216A,0x1949,0x1949,0x1949,0x1949,0x194A,0x1909,0xCE5A,0xFFFF,0xFFDF,0xFFFF,0x96DB,
 0x25B8,0x35D8,0x2DD8,0x2DD8,0x2DD8,0x2DD9,0x2DD9,0x2DD9,0x25D9,0x25D9,0x25D9,0x25D9,
 0x25B9,0x25B9,0x25B9,0x25B9,0x25B9,0x25B9,0x25B9,0x25B9,0x25B9,0x2599,0x2599,0x2599,
 0x2599,0x2599,0x2599,0x2599,0x2599,0x2579,0x2579,0x2579,0x2579,0x2579,0x2579,0x2579,
 0x2579,0x2559,0x2559,0x2D59,0x2D59,0x2559,0x2D59,0x2D59,0x2D59,0x2D39,0x2D5A,0x2CB6,
 0x0020,0x0000,0x0000,0x0000,0x0000,0x0000,0x0000,0x0000,0x0000,0x0000,0x0000,0x0000,
 0x0000,0x0000,0x0000,0x0000,0x0000,0x0000,0x0000,0x0000,0x0000,0x0000,0x0000,0x0000,
 0x0000,0x0000,0x0000,0x0000,0x0000,0x0000,0x0000,0x0000,0x0000,0x0000,0x0000,0x0000,
 0x0000,0x0000,0x0000,0x0000,0x0000,0x0000,0x0000,0x0000,0x0000,0x0000,0x0000,0x0000,
 0x0000,0x0000,0x0000,0x0000,0x0000,0x0000,0x0000,0x0000,0x0000,0x0000,0x0000,0x0000,
 0x0000,0x0000,0x0000,0x0000,0x08C3,0x65F5,0x6615,0x65F5,0x65F5,0x65F5,0x65F5,0x65F5,
 0x65F5,0x65F5,0x65F5,0x65F5,0x65F5,0x65F5,0x65F5,0x65F5,0x65F5,0x65F5,0x65F5,0x5DF5,
 0x5DF5,0x5DF5,0x5DF5,0x5DF5,0x5DF6,0x5DF6,0x5DF6,0x5DF6,0x5DF6,0x5DF6,0x5DF6,0x5DF6,
 0x55D6,0x55D6,0x55F6,0x55F6,0x55F6,0x5DF6,0x5E16,0x5E16,0x5E37,0x5E37,0x5637,0x5637,
 0x5637,0x5617,0x4DF7,0x4DD6,0x4595,0x4535,0x3CD4,0x3473,0x33F2,0x2B90,0x2B2F,0x22AE,
 0x224D,0x19EC,0x19AB,0x196A,0x1929,0x1909,0x1909,0x18E9,0x18E9,0x1909,0x1909,0x1929,
 0x1929,0x216A,0xE73D,0xFFFF,0xFFFF,0xFFFF,0x6351,0x10E8,0x216A,0x1949,0x1949,0x1949,
 0x214A,0x1109,0x422D,0xFFDF,0xFFFF,0xFFFF,0xFFFF,0x5619,0x2DB8,0x35D8,0x2DD8,0x2DD8,
 0x2DD9,0x2DD9,0x2DD9,0x25D9,0x25D9,0x25D9,0x25D9,0x25B9,0x25B9,0x25B9,0x25B9,0x25B9,
 0x25B9,0x25B9,0x25B9,0x25B9,0x25B9,0x2599,0x2599,0x2599,0x2599,0x2599,0x2599,0x2599,
 0x2579,0x2579,0x2579,0x2579,0x2579,0x2579,0x2579,0x2579,0x2D59,0x2559,0x2D59,0x2D59,
 0x2559,0x2D59,0x2D59,0x2D5A,0x2D5A,0x2D39,0x2D5A,0x2496,0x0020,0x0000,0x0000,0x0000,
 0x0000,0x0000,0x0000,0x0000,0x0000,0x0000,0x0000,0x0000,0x0000,0x0000,0x0000,0x0000,
 0x0000,0x0000,0x0000,0x0000,0x0000,0x0000,0x0000,0x0000,0x0000,0x0000,0x0000,0x0000,
 0x0000,0x0000,0x0000,0x0000,0x0000,0x0000,0x0000,0x0000,0x0000,0x0000,0x0000,0x0000,
 0x0000,0x0000,0x0000,0x0000,0x0000,0x0000,0x0000,0x0000,0x0000,0x0000,0x0000,0x0000,
 0x0000,0x0000,0x0000,0x0000,0x0000,0x0000,0x0000,0x0000,0x0000,0x0000,0x0000,0x0000,
 0x08C3,0x65F5,0x6615,0x65F5,0x65F5,0x65F5,0x65F5,0x65F5,0x65F5,0x65F5,0x65F5,0x65F5,
 0x65F5,0x65F5,0x65F5,0x65F5,0x65F5,0x5DF5,0x5DF5,0x5DF5,0x5DF5,0x5DF5,0x5DF5,0x5DF5,
 0x5DF5,0x5DF5,0x5DF6,0x5E16,0x5E16,0x5E36,0x5E36,0x5E37,0x5E57,0x5E37,0x5E37,0x5616,
 0x55F6,0x4DB6,0x4D75,0x4514,0x3CB3,0x3C52,0x33D1,0x2B70,0x2AEF,0x228D,0x222C,0x19CB,
 0x198A,0x194A,0x1929,0x1909,0x18E9,0x18E9,0x18E9,0x1909,0x1909,0x1929,0x1929,0x1949,
 0x1949,0x194A,0x194A,0x194A,0x194A,0x194A,0x194A,0x216A,0x10E8,0x6330,0xFFFF,0xFFFF,
 0xFFFF,0xEF5E,0x298B,0x1929,0x194A,0x1949,0x1949,0x1949,0x216A,0x08C8,0x8434,0xFFFF,
 0xFFDF,0xFFFF,0xCF7E,0x2DB8,0x35D8,0x2DD8,0x2DD8,0x2DD9,0x2DD9,0x2DD9,0x25D9,0x25D9,
 0x25D9,0x25D9,0x25D9,0x25B9,0x25B9,0x25B9,0x25B9,0x25B9,0x25B9,0x25B9,0x25B9,0x25B9,
 0x2599,0x2599,0x2599,0x2599,0x2599,0x2599,0x2599,0x2599,0x2579,0x2579,0x2579,0x2579,
 0x2579,0x2579,0x2579,0x2D59,0x2559,0x2D59,0x2D59,0x2559,0x2D59,0x2D59,0x2D59,0x2D5A,
 0x2D5A,0x2D39,0x2D5A,0x2497,0x0020,0x0000,0x0000,0x0000,0x0000,0x0000,0x0000,0x0000,
 0x0000,0x0000,0x0000,0x0000,0x0000,0x0000,0x0000,0x0000,0x0000,0x0000,0x0000,0x0000,
 0x0000,0x0000,0x0000,0x0000,0x0000,0x0000,0x0000,0x0000,0x0000,0x0000,0x0000,0x0000,
 0x0000,0x0000,0x0000,0x0000,0x0000,0x0000,0x0000,0x0000,0x0000,0x0000,0x0000,0x0000,
 0x0000,0x0000,0x0000,0x0000,0x0000,0x0000,0x0000,0x0000,0x0000,0x0000,0x0000,0x0000,
 0x0000,0x0000,0x0000,0x0000,0x0000,0x0000,0x0000,0x0000,0x08C3,0x65F5,0x6615,0x65F5,
 0x65F5,0x65F5,0x65F5,0x65F5,0x65F5,0x65F5,0x65F5,0x65F5,0x65F5,0x65F5,0x65F5,0x65F5,
 0x6615,0x6616,0x6636,0x6636,0x6636,0x6656,0x6656,0x5E56,0x5E36,0x5E16,0x55D6,0x4DB5,
 0x4D54,0x44F3,0x3C92,0x3C32,0x33B0,0x2B4F,0x2ACE,0x226D,0x220C,0x19CB,0x196A,0x194A,
 0x1909,0x1909,0x18E9,0x18E9,0x18E9,0x1909,0x1909,0x1929,0x1929,0x1949,0x1949,0x194A,
 0x194A,0x194A,0x194A,0x194A,0x194A,0x194A,0x194A,0x1949,0x1949,0x1949,0x1949,0x1949,
 0x1949,0x1949,0x1949,0x216A,0x10C8,0xAD77,0xFFFF,0xFFDF,0xFFFF,0xAD57,0x10E8,0x216A,
 0x1949,0x1949,0x1949,0x1949,0x1949,0x1929,0xD67B,0xFFFF,0xFFFF,0xFFFF,0x8EBB,0x25B8,
 0x35D9,0x2DD8,0x2DD9,0x2DD9,0x2DD9,0x2DD9,0x25D9,0x25D9,0x25D9,0x25D9,0x25B9,0x25B9,
 0x25B9,0x25B9,0x25B9,0x25B9,0x25B9,0x25B9,0x25B9,0x2599,0x2599,0x2599,0x2599,0x2599,
 0x2599,0x2599,0x2599,0x2579,0x2579,0x2579,0x2579,0x2579,0x2579,0x2579,0x2D59,0x2559,
 0x2D59,0x2D59,0x2D59,0x2559,0x2D5A,0x2D5A,0x2D59,0x2D5A,0x2D3A,0x2D39,0x2D5A,0x2497,
 0x0020,0x0000,0x0000,0x0000,0x0000,0x0000,0x0000,0x0000,0x0000,0x0000,0x0000,0x0000,
 0x0000,0x0000,0x0000,0x0000,0x0000,0x0000,0x0000,0x0000,0x0000,0x0000,0x0000,0x0000,
 0x0000,0x0000,0x0000,0x0000,0x0000,0x0000,0x0000,0x0000,0x0000,0x0000,0x0000,0x0000,
 0x0000,0x0000,0x0000,0x0000,0x0000,0x0000,0x0000,0x0000,0x0000,0x0000,0x0000,0x0000,
 0x0000,0x0000,0x0000,0x0000,0x0000,0x0000,0x0000,0x0000,0x0000,0x0000,0x0000,0x0000,
 0x0000,0x0000,0x0000,0x0000,0x08C3,0x65F5,0x6615,0x65F5,0x65F5,0x65F5,0x65F5,0x65F5,
 0x65F5,0x65F5,0x65F5,0x65F5,0x65F5,0x6636,0x6656,0x5E16,0x55D5,0x5594,0x4D34,0x44D3,
 0x3C72,0x3BF1,0x3390,0x2B2F,0x2AAD,0x224C,0x21EB,0x19AB,0x196A,0x1929,0x1909,0x1909,
 0x18E9,0x18E9,0x1909,0x1909,0x1929,0x1929,0x1929,0x1949,0x1949,0x194A,0x194A,0x194A,
 0x194A,0x194A,0x194A,0x194A,0x194A,0x1949,0x1949,0x1949,0x1949,0x1949,0x1949,0x1949,
 0x1949,0x1949,0x1949,0x1949,0x1949,0x1949,0x1949,0x1949,0x1949,0x1949,0x194A,0x1929,
 0x29AB,0xEF5E,0xFFFF,0xFFFF,0xFFFF,0x5B10,0x10E8,0x216A,0x1949,0x1949,0x1949,0x214A,
 0x1109,0x426E,0xFFDF,0xFFFF,0xFFFF,0xFFFF,0x4E3A,0x2DB8,0x2DD8,0x2DD9,0x2DD9,0x2DD9,
 0x2DD9,0x25D9,0x25D9,0x25D9,0x25D9,0x25B9,0x25B9,0x25B9,0x25B9,0x25B9,0x25B9,0x25B9,
 0x25B9,0x25B9,0x2599,0x2599,0x2599,0x2599,0x2599,0x2599,0x2599,0x2599,0x2579,0x2579,
 0x2579,0x2579,0x2579,0x2579,0x2579,0x2579,0x2559,0x2559,0x2D59,0x2D59,0x2559,0x2D59,
 0x2D59,0x2D5A,0x2D5A,0x2D3A,0x2D3A,0x2D39,0x2D5A,0x2497,0x0020,0x0000,0x0000,0x0000,
 0x0000,0x0000,0x0000,0x0000,0x0000,0x0000,0x0000,0x0000,0x0000,0x0000,0x0000,0x0000,
 0x0000,0x0000,0x0000,0x0000,0x0000,0x0000,0x0000,0x0000,0x0000,0x0000,0x0000,0x0000,
 0x0000,0x0000,0x0000,0x0000,0x0000,0x0000,0x0000,0x0000,0x0000,0x0000,0x0000,0x0000,
 0x0000,0x0000,0x0000,0x0000,0x0000,0x0000,0x0000,0x0000,0x0000,0x0000,0x0000,0x0000,
 0x0000,0x0000,0x0000,0x0000,0x0000,0x0000,0x0000,0x0000,0x0000,0x0000,0x0000,0x0000,
 0x08C3,0x65F5,0x6615,0x65F5,0x65F5,0x65F5,0x65F5,0x65F5,0x65F5,0x65F5,0x65F5,0x65F5,
 0x6636,0x4CF3,0x2AEE,0x222C,0x19CB,0x198A,0x194A,0x1929,0x1909,0x18E9,0x18E9,0x18E9,
 0x1909,0x1909,0x1929,0x1929,0x1949,0x1949,0x194A,0x194A,0x194A,0x194A,0x194A,0x194A,
 0x194A,0x194A,0x1949,0x1949,0x1949,0x1949,0x1949,0x1949,0x1949,0x1949,0x1949,0x1949,
 0x1949,0x1949,0x1949,0x1949,0x1949,0x1949,0x1949,0x1949,0x1949,0x1949,0x1949,0x1949,
 0x1949,0x1949,0x1949,0x1949,0x1949,0x1949,0x216A,0x10E8,0x6B71,0xFFFF,0xFFDF,0xFFFF,
 0xE73D,0x216A,0x1929,0x194A,0x1949,0x1949,0x1949,0x216A,0x08C8,0x8C75,0xFFFF,0xFFDF,
 0xFFFF,0xC63A,0x1C74,0x363A,0x2DB8,0x2DD9,0x2DD9,0x2DD9,0x25D9,0x25D9,0x25D9,0x25D9,
 0x25B9,0x25B9,0x25B9,0x25B9,0x25B9,0x25B9,0x25B9,0x25B9,0x25B9,0x2599,0x2599,0x2599,
 0x2599,0x2599,0x2599,0x2599,0x2599,0x2579,0x2579,0x2579,0x2579,0x2579,0x2579,0x2579,
 0x2D79,0x2559,0x2559,0x2D59,0x2D59,0x2559,0x2D59,0x2D59,0x2D59,0x2D5A,0x2D3A,0x2D3A,
 0x2D3A,0x2D39,0x2D5A,0x2497,0x0020,0x0000,0x0000,0x0000,0x0000,0x0000,0x0000,0x0000,
 0x0000,0x0000,0x0000,0x0000,0x0000,0x0000,0x0000,0x0000,0x0000,0x0000,0x0000,0x0000,
 0x0000,0x0000,0x0000,0x0000,0x0000,0x0000,0x0000,0x0000,0x0000,0x0000,0x0000,0x0000,
 0x0000,0x0000,0x0000,0x0000,0x0000,0x0000,0x0000,0x0000,0x0000,0x0000,0x0000,0x0000,
 0x0000,0x0000,0x0000,0x0000,0x0000,0x0000,0x0000,0x0000,0x0000,0x0000,0x0000,0x0000,
 0x0000,0x0000,0x0000,0x0000,0x0000,0x0000,0x0000,0x0000,0x08C3,0x65F5,0x6615,0x65F5,
 0x65F5,0x65F5,0x65F5,0x65F5,0x65F5,0x65F5,0x65F5,0x6636,0x33B0,0x1909,0x18E9,0x1909,
 0x1929,0x1929,0x1949,0x1949,0x194A,0x194A,0x194A,0x194A,0x194A,0x194A,0x194A,0x194A,
 0x1949,0x1949,0x1949,0x1949,0x1949,0x1949,0x1949,0x1949,0x1949,0x1949,0x1949,0x1949,
 0x1949,0x1949,0x1949,0x1949,0x1949,0x1949,0x1949,0x1949,0x1949,0x1949,0x1949,0x1949,
 0x1949,0x1949,0x1949,0x1949,0x1949,0x1949,0x1949,0x1949,0x1949,0x1949,0x1949,0x1949,
 0x1949,0x1949,0x216A,0x10E8,0xB5B8,0xFFFF,0xFFDF,0xFFFF,0xA517,0x10C8,0x216A,0x1949,
 0x1949,0x1949,0x1949,0x1949,0x192A,0xD6BC,0xFFFF,0xFFDF,0xFFFF,0x73B2,0x08E9,0x2CD6,
 0x2E19,0x2DB8,0x2DD9,0x25D9,0x25D9,0x25D9,0x25D9,0x25B9,0x25B9,0x25B9,0x25B9,0x25B9,
 0x25B9,0x25B9,0x25B9,0x25B9,0x25B9,0x2599,0x2599,0x2599,0x2599,0x2599,0x2599,0x2599,
 0x2579,0x2579,0x2579,0x2579,0x2579,0x2579,0x2579,0x2579,0x2D59,0x2559,0x2D59,0x2D59,
 0x2559,0x2D59,0x2D5A,0x2D59,0x2D5A,0x2D3A,0x2D3A,0x2D3A,0x2D3A,0x2D19,0x2D5A,0x2497,
 0x0020,0x0000,0x0000,0x0000,0x0000,0x0000,0x0000,0x0000,0x0000,0x0000,0x0000,0x0000,
 0x0000,0x0000,0x0000,0x0000,0x0000,0x0000,0x0000,0x0000,0x0000,0x0000,0x0000,0x0000,
 0x0000,0x0000,0x0000,0x0000,0x0000,0x0000,0x0000,0x0000,0x0000,0x0000,0x0000,0x0000,
 0x0000,0x0000,0x0000,0x0000,0x0000,0x0000,0x0000,0x0000,0x0000,0x0000,0x0000,0x0000,
 0x0000,0x0000,0x0000,0x0000,0x0000,0x0000,0x0000,0x0000,0x0000,0x0000,0x0000,0x0000,
 0x0000,0x0000,0x0000,0x0000,0x08C3,0x65F5,0x6615,0x65F5,0x65F5,0x65F5,0x65F5,0x65F5,
 0x65F5,0x65F5,0x6636,0x3C52,0x10E9,0x2149,0x196A,0x194A,0x194A,0x1949,0x1949,0x1949,
 0x1949,0x1949,0x1949,0x1949,0x1949,0x1949,0x1949,0x1949,0x1949,0x1949,0x1949,0x1949,
 0x1949,0x1949,0x1949,0x1949,0x1949,0x1949,0x1949,0x1949,0x1949,0x1949,0x1949,0x1949,
 0x1949,0x1949,0x1949,0x1949,0x1949,0x1949,0x1949,0x1949,0x1949,0x1949,0x1949,0x1949,
 0x1949,0x1949,0x1949,0x1949,0x1949,0x1949,0x1949,0x1949,0x1949,0x194A,0x1929,0x31CB,
 0xF77E,0xFFFF,0xFFFF,0xFFFF,0x5AEF,0x10E8,0x214A,0x1949,0x1949,0x1949,0x214A,0x1108,
 0x4A8E,0xFFFF,0xFFFF,0xFFFF,0xF79E,0x31EC,0x1908,0x196A,0x24B6,0x2E1A,0x25B8,0x25D9,
 0x25D9,0x25D9,0x25D9,0x25B9,0x25B9,0x25B9,0x25B9,0x25B9,0x25B9,0x25B9,0x25B9,0x2599,
 0x2599,0x2599,0x2599,0x2599,0x2599,0x2599,0x2599,0x2579,0x2579,0x2579,0x2579,0x2579,
 0x2579,0x2579,0x2579,0x2D59,0x2559,0x2D59,0x2D5A,0x2559,0x2D59,0x2D59,0x2D59,0x2D5A,
 0x2D3A,0x2D3A,0x2D3A,0x2D3A,0x2D3A,0x2D19,0x2D5A,0x2497,0x0020,0x0000,0x0000,0x0000,
 0x0000,0x0000,0x0000,0x0000,0x0000,0x0000,0x0000,0x0000,0x0000,0x0000,0x0000,0x0000,
 0x0000,0x0000,0x0000,0x0000,0x0000,0x0000,0x0000,0x0000,0x0000,0x0000,0x0000,0x0000,
 0x0000,0x0000,0x0000,0x0000,0x0000,0x0000,0x0000,0x0000,0x0000,0x0000,0x0000,0x0000,
 0x0000,0x0000,0x0000,0x0000,0x0000,0x0000,0x0000,0x0000,0x0000,0x0000,0x0000,0x0000,
 0x0000,0x0000,0x0000,0x0000,0x0000,0x0000,0x0000,0x0000,0x0000,0x0000,0x0000,0x0000,
 0x08C3,0x65F5,0x6615,0x65F5,0x65F5,0x65F5,0x65F5,0x65F5,0x65F5,0x65F5,0x5DF5,0x21EB,
 0x1929,0x194A,0x1949,0x1949,0x1949,0x1949,0x1949,0x1949,0x1949,0x1949,0x1949,0x1949,
 0x1949,0x1949,0x1949,0x1949,0x1949,0x1949,0x1949,0x1949,0x1949,0x1949,0x1949,0x1949,
 0x1949,0x1949,0x1949,0x1949,0x1949,0x1949,0x1949,0x1949,0x1949,0x1949,0x1949,0x1949,
 0x1949,0x1949,0x1949,0x1949,0x1949,0x1949,0x1949,0x1949,0x1949,0x1949,0x1949,0x1949,
 0x1949,0x1949,0x1949,0x194A,0x194A,0x216A,0x10E8,0x73B2,0xFFFF,0xFFDF,0xFFFF,0xE6FD,
 0x216A,0x1949,0x1949,0x1949,0x1949,0x1949,0x216A,0x08C8,0x94D5,0xFFFF,0xFFDF,0xFFFF,
 0xBDD9,0x10E9,0x216A,0x1929,0x196A,0x24B6,0x2E1A,0x25B8,0x25D9,0x25D9,0x25B9,0x25B9,
 0x25B9,0x25B9,0x25B9,0x25B9,0x25B9,0x25B9,0x25B9,0x2599,0x2599,0x2599,0x2599,0x2599,
 0x2599,0x2599,0x2599,0x2579,0x2579,0x2579,0x2579,0x2579,0x2579,0x2579,0x2D59,0x2559,
 0x2D59,0x2D59,0x2559,0x2D59,0x2D59,0x2D59,0x2D5A,0x2D3A,0x2D3A,0x2D3A,0x2D3A,0x2D3A,
 0x2D3A,0x2D19,0x2D5A,0x2497,0x0020,0x0000,0x0000,0x0000,0x0000,0x0000,0x0000,0x0000,
 0x0000,0x0000,0x0000,0x0000,0x0000,0x0000,0x0000,0x0000,0x0000,0x0000,0x0000,0x0000,
 0x0000,0x0000,0x0000,0x0000,0x0000,0x0000,0x0000,0x0000,0x0000,0x0000,0x0000,0x0000,
 0x0000,0x0000,0x0000,0x0000,0x0000,0x0000,0x0000,0x0000,0x0000,0x0000,0x0000,0x0000,
 0x0000,0x0000,0x0000,0x0000,0x0000,0x0000,0x0000,0x0000,0x0000,0x0000,0x0000,0x0000,
 0x0000,0x0000,0x0000,0x0000,0x0000,0x0000,0x0000,0x0000,0x08C3,0x65F5,0x6615,0x65F5,
 0x65F5,0x65F5,0x65F5,0x65F5,0x65F5,0x6636,0x4CD3,0x1909,0x194A,0x1949,0x1949,0x1949,
 0x1949,0x1949,0x1949,0x1949,0x1949,0x1949,0x1949,0x1949,0x1949,0x1949,0x1949,0x1949,
 0x1949,0x1949,0x1949,0x1949,0x1949,0x1949,0x1949,0x1949,0x1949,0x1949,0x1949,0x1949,
 0x1949,0x1949,0x1949,0x1949,0x1949,0x1949,0x1949,0x1949,0x1949,0x1949,0x1949,0x1949,
 0x1949,0x194A,0x194A,0x214A,0x214A,0x216A,0x216A,0x216A,0x216A,0x214A,0x1949,0x1949,
 0x1929,0x1929,0x08A8,0xBDD9,0xFFFF,0xFFDF,0xFFFF,0x9CD6,0x08C8,0x216A,0x1949,0x1949,
 0x1949,0x1949,0x1949,0x214A,0xDEFC,0xFFFF,0xFFDF,0xFFFF,0x7392,0x10E8,0x216A,0x194A,
 0x1929,0x194A,0x24B6,0x261A,0x25B9,0x25B9,0x25B9,0x25B9,0x25B9,0x25B9,0x25B9,0x25B9,
 0x25B9,0x25B9,0x2599,0x2599,0x2599,0x2599,0x2599,0x2599,0x2599,0x2599,0x2579,0x2579,
 0x2579,0x2579,0x2579,0x2579,0x2579,0x2579,0x2559,0x2D59,0x2D59,0x2D59,0x2559,0x2D59,
 0x2D5A,0x2D59,0x2D5A,0x2D3A,0x2D3A,0x2D3A,0x2D3A,0x2D3A,0x2D3A,0x2519,0x2D3A,0x2497,
 0x0020,0x0000,0x0000,0x0000,0x0000,0x0000,0x0000,0x0000,0x0000,0x0000,0x0000,0x0000,
 0x0000,0x0000,0x0000,0x0000,0x0000,0x0000,0x0000,0x0000,0x0000,0x0000,0x0000,0x0000,
 0x0000,0x0000,0x0000,0x0000,0x0000,0x0000,0x0000,0x0000,0x0000,0x0000,0x0000,0x0000,
 0x0000,0x0000,0x0000,0x0000,0x0000,0x0000,0x0000,0x0000,0x0000,0x0000,0x0000,0x0000,
 0x0000,0x0000,0x0000,0x0000,0x0000,0x0000,0x0000,0x0000,0x0000,0x0000,0x0000,0x0000,
 0x0000,0x0000,0x0000,0x0000,0x08C3,0x65F5,0x6615,0x65F5,0x65F5,0x65F5,0x65F5,0x65F5,
 0x65F5,0x6656,0x330E,0x18E9,0x194A,0x1949,0x1949,0x1949,0x1949,0x1949,0x1949,0x1949,
 0x1949,0x1949,0x1949,0x1949,0x1949,0x1949,0x1949,0x1949,0x1949,0x1949,0x1949,0x1949,
 0x1949,0x1949,0x1949,0x1949,0x1949,0x1949,0x1949,0x1949,0x1949,0x1949,0x1949,0x194A,
 0x214A,0x214A,0x214A,0x216A,0x216A,0x216A,0x216A,0x214A,0x1949,0x1929,0x1929,0x1109,
 0x10E8,0x10E8,0x08C8,0x08C8,0x10C8,0x10E9,0x1929,0x216A,0x29AB,0x3A0C,0x5B10,0xF79E,
 0xFFFF,0xFFFF,0xFFFF,0x52AF,0x1108,0x214A,0x1949,0x1949,0x1949,0x214A,0x10E8,0x52CF,
 0xFFFF,0xFFFF,0xFFFF,0xF77E,0x31CC,0x1929,0x194A,0x1949,0x194A,0x1929,0x196A,0x24B6,
 0x261A,0x25B9,0x25B9,0x25B9,0x25B9,0x25B9,0x25B9,0x25B9,0x25B9,0x2599,0x2599,0x2599,
 0x2599,0x2599,0x2599,0x2599,0x2599,0x2579,0x2579,0x2579,0x2579,0x2579,0x2579,0x2579,
 0x2579,0x2559,0x2559,0x2D59,0x2D59,0x2559,0x2D59,0x2D5A,0x2D59,0x2D5A,0x2D3A,0x2D3A,
 0x2D3A,0x253A,0x2D3A,0x2D3A,0x2D1A,0x2D19,0x2D3B,0x2497,0x0020,0x0000,0x0000,0x0000,
 0x0000,0x0000,0x0000,0x0000,0x0000,0x0000,0x0000,0x0000,0x0000,0x0000,0x0000,0x0000,
 0x0000,0x0000,0x0000,0x0000,0x0000,0x0000,0x0000,0x0000,0x0000,0x0000,0x0000,0x0000,
 0x0000,0x0000,0x0000,0x0000,0x0000,0x0000,0x0000,0x0000,0x0000,0x0000,0x0000,0x0000,
 0x0000,0x0000,0x0000,0x0000,0x0000,0x0000,0x0000,0x0000,0x0000,0x0000,0x0000,0x0000,
 0x0000,0x0000,0x0000,0x0000,0x0000,0x0000,0x0000,0x0000,0x0000,0x0000,0x0000,0x0000,
 0x08C3,0x65F5,0x6615,0x65F5,0x65F5,0x65F5,0x65F5,0x65F5,0x6615,0x5DB5,0x21AB,0x1929,
 0x1949,0x1949,0x1949,0x1949,0x1949,0x1949,0x1949,0x1949,0x1949,0x1949,0x1949,0x1949,
 0x1949,0x1949,0x1949,0x1949,0x1949,0x1949,0x1949,0x1949,0x194A,0x194A,0x214A,0x214A,
 0x216A,0x216A,0x216A,0x216A,0x216A,0x194A,0x1949,0x1929,0x1929,0x1109,0x10E8,0x10E8,
 0x08C8,0x08C8,0x10E8,0x1109,0x1929,0x218A,0x31EC,0x424D,0x52CF,0x6B71,0x7C13,0x94B5,
 0xAD57,0xBDF9,0xCE7B,0xE6FD,0xEF7E,0xFFDF,0xFFFF,0xFFFF,0xFFFF,0xFFFF,0xDEDC,0x194A,
 0x1949,0x1949,0x1949,0x1949,0x1949,0x216A,0x08C8,0x9D16,0xFFFF,0xFFDF,0xFFFF,0xB5B8,
 0x10E8,0x216A,0x1949,0x1949,0x1949,0x194A,0x1929,0x196A,0x24B6,0x25FA,0x2599,0x25B9,
 0x25B9,0x25B9,0x25B9,0x25B9,0x2599,0x2599,0x2599,0x2599,0x2599,0x2599,0x2599,0x2599,
 0x2579,0x2579,0x2579,0x2579,0x2579,0x2579,0x2579,0x2579,0x2D59,0x2559,0x2D59,0x2D59,
 0x2559,0x2D59,0x2D59,0x2D5A,0x2D5A,0x2D3A,0x2D3A,0x2D3A,0x2D3A,0x2D3A,0x2D3A,0x251A,
 0x2D1A,0x2D19,0x2D3A,0x2497,0x0020,0x0000,0x0000,0x0000,0x0000,0x0000,0x0000,0x0000,
 0x0000,0x0000,0x0000,0x0000,0x0000,0x0000,0x0000,0x0000,0x0000,0x0000,0x0000,0x0000,
 0x0000,0x0000,0x0000,0x0000,0x0000,0x0000,0x0000,0x0000,0x0000,0x0000,0x0000,0x0000,
 0x0000,0x0000,0x0000,0x0000,0x0000,0x0000,0x0000,0x0000,0x0000,0x0000,0x0000,0x0000,
 0x0000,0x0000,0x0000,0x0000,0x0000,0x0000,0x0000,0x0000,0x0000,0x0000,0x0000,0x0000,
 0x0000,0x0000,0x0000,0x0000,0x0000,0x0000,0x0000,0x0000,0x08C3,0x65F5,0x6615,0x65F5,
 0x65F5,0x65F5,0x65F5,0x65F5,0x6656,0x4472,0x1909,0x194A,0x1949,0x1949,0x1949,0x1949,
 0x1949,0x1949,0x1949,0x1949,0x1949,0x1949,0x1949,0x1949,0x1949,0x1949,0x194A,0x216A,
 0x216A,0x216A,0x214A,0x1949,0x1949,0x1929,0x1109,0x1108,0x10E8,0x08C8,0x08C8,0x08C8,
 0x10E8,0x1909,0x214A,0x29AB,0x3A0C,0x4A6E,0x5B10,0x73B2,0x8434,0x9CF6,0xB598,0xC61A,
 0xD6BC,0xE73D,0xF79E,0xFFFF,0xFFFF,0xFFFF,0xFFFF,0xFFFF,0xFFFF,0xFFFF,0xFFFF,0xFFFF,
 0xFFFF,0xFFFF,0xFFFF,0xFFFF,0xFFFF,0xFFFF,0x94B5,0x08C8,0x216A,0x1949,0x1949,0x1949,
 0x1949,0x1949,0x216A,0xE73D,0xFFFF,0xFFFF,0xFFFF,0x6B71,0x10E8,0x216A,0x1949,0x1949,
 0x1949,0x1949,0x194A,0x1929,0x196A,0x24B6,0x25FA,0x2599,0x25B9,0x25B9,0x25B9,0x2599,
 0x2599,0x2599,0x2599,0x2599,0x2599,0x2599,0x2599,0x2579,0x2579,0x2579,0x2579,0x2579,
 0x2579,0x2579,0x2579,0x2D59,0x2559,0x2D59,0x2D59,0x2559,0x2D59,0x2D59,0x2D59,0x2D5A,
 0x2D3A,0x2D3A,0x2D3A,0x2D3A,0x2D3A,0x2D3A,0x2D1A,0x2D1A,0x2D1A,0x2D19,0x2D3A,0x2497,
 0x0020,0x0000,0x0000,0x0000,0x0000,0x0000,0x0000,0x0000,0x0000,0x0000,0x0000,0x0000,
 0x0000,0x0000,0x0000,0x0000,0x0000,0x0000,0x0000,0x0000,0x0000,0x0000,0x0000,0x0000,
 0x0000,0x0000,0x0000,0x0000,0x0000,0x0000,0x0000,0x0000,0x0000,0x0000,0x0000,0x0000,
 0x0000,0x0000,0x0000,0x0000,0x0000,0x0000,0x0000,0x0000,0x0000,0x0000,0x0000,0x0000,
 0x0000,0x0000,0x0000,0x0000,0x0000,0x0000,0x0000,0x0000,0x0000,0x0000,0x0000,0x0000,
 0x0000,0x0000,0x0000,0x0000,0x08C3,0x65F5,0x6615,0x65F5,0x65F5,0x65F5,0x65F5,0x65F5,
 0x6636,0x2ACD,0x1909,0x194A,0x1949,0x1949,0x1949,0x1949,0x1949,0x1949,0x1949,0x1949,
 0x1949,0x1949,0x1949,0x1949,0x1949,0x194A,0x1929,0x08C8,0x08C8,0x10E8,0x10E9,0x1929,
 0x216A,0x31CB,0x3A2D,0x52AF,0x6330,0x7BD2,0x8C75,0xA537,0xB5B9,0xCE5B,0xDEDC,0xEF5E,
 0xF7BF,0xFFFF,0xFFFF,0xFFFF,0xFFFF,0xFFFF,0xFFFF,0xFFFF,0xFFFF,0xFFFF,0xFFFF,0xFFFF,
 0xFFFF,0xFFFF,0xFFFF,0xFFFF,0xFFFF,0xFFFF,0xFFFF,0xFFFF,0xFFFF,0xFFFF,0xFFFF,0xFFFF,
 0xFFFF,0xFFFF,0x4A8E,0x1108,0x214A,0x1949,0x1949,0x1949,0x216A,0x10E8,0x5B10,0xFFFF,
 0xFFFF,0xFFFF,0xEF5E,0x29AB,0x1929,0x194A,0x1949,0x1949,0x1949,0x1949,0x1949,0x194A,
 0x1929,0x194A,0x24B6,0x25FA,0x2599,0x25B9,0x25B9,0x2599,0x2599,0x2599,0x2599,0x2599,
 0x2599,0x2599,0x2599,0x2579,0x2579,0x2579,0x2579,0x2579,0x2579,0x2579,0x2D59,0x2559,
 0x2D59,0x2D59,0x2559,0x2D59,0x2D59,0x2D59,0x2D5A,0x2D3A,0x2D3A,0x2D3A,0x2D3A,0x2D3A,
 0x2D3A,0x2D3A,0x2D1A,0x2D1A,0x2D1A,0x2D19,0x2D3A,0x2477,0x0020,0x0000,0x0000,0x0000,
 0x0000,0x0000,0x0000,0x0000,0x0000,0x0000,0x0000,0x0000,0x0000,0x0000,0x0000,0x0000,
 0x0000,0x0000,0x0000,0x0000,0x0000,0x0000,0x0000,0x0000,0x0000,0x0000,0x0000,0x0000,
 0x0000,0x0000,0x0000,0x0000,0x0000,0x0000,0x0000,0x0000,0x0000,0x0000,0x0000,0x0000,
 0x0000,0x0000,0x0000,0x0000,0x0000,0x0000,0x0000,0x0000,0x0000,0x0000,0x0000,0x0000,
 0x0000,0x0000,0x0000,0x0000,0x0000,0x0000,0x0000,0x0000,0x0000,0x0000,0x0000,0x0000,
 0x08C3,0x65F5,0x6615,0x65F5,0x65F5,0x65F5,0x65F5,0x6616,0x5594,0x198A,0x1929,0x1949,
 0x1949,0x1949,0x1949,0x1949,0x1949,0x1949,0x1949,0x1949,0x1949,0x1949,0x1949,0x1949,
 0x194A,0x1929,0x39EC,0x8C54,0x94B5,0xAD57,0xBDF9,0xD69B,0xE71D,0xF77E,0xFFDF,0xFFFF,
 0xFFFF,0xFFFF,0xFFFF,0xFFFF,0xFFFF,0xFFFF,0xFFFF,0xFFFF,0xFFFF,0xFFFF,0xFFFF,0xFFFF,
 0xFFFF,0xFFFF,0xFFFF,0xFFFF,0xFFFF,0xFFFF,0xFFFF,0xFFFF,0xFFFF,0xFFFF,0xFFFF,0xFFFF,
 0xFFFF,0xFFFF,0xFFFF,0xFFFF,0xFFFF,0xFFFF,0xFFFF,0xFFFF,0xFFFF,0xD6BB,0x1929,0x1949,
 0x1949,0x1949,0x1949,0x1949,0x216A,0x10C8,0xA557,0xFFFF,0xFFDF,0xFFFF,0xAD78,0x10E8,
 0x216A,0x1949,0x1949,0x1949,0x1949,0x1949,0x1949,0x1949,0x194A,0x1929,0x196A,0x24B6,
 0x25FA,0x2599,0x2599,0x2599,0x2599,0x2599,0x2599,0x2599,0x2599,0x2599,0x2579,0x2579,
 0x2579,0x2579,0x2579,0x2579,0x2579,0x2D79,0x2559,0x2D59,0x2D59,0x2D59,0x2D59,0x2D59,
 0x2D59,0x2D5A,0x2D5A,0x2D3A,0x2D3A,0x2D3A,0x2D3A,0x2D3A,0x2D3A,0x2D1A,0x2D1A,0x2D1A,
 0x2D1A,0x2D19,0x2D3A,0x2C77,0x0020,0x0000,0x0000,0x0000,0x0000,0x0000,0x0000,0x0000,
 0x0000,0x0000,0x0000,0x0000,0x0000,0x0000,0x0000,0x0000,0x0000,0x0000,0x0000,0x0000,
 0x0000,0x0000,0x0000,0x0000,0x0000,0x0000,0x0000,0x0000,0x0000,0x0000,0x0000,0x0000,
 0x0000,0x0000,0x0000,0x0000,0x0000,0x0000,0x0000,0x0000,0x0000,0x0000,0x0000,0x0000,
 0x0000,0x0000,0x0000,0x0000,0x0000,0x0000,0x0000,0x0000,0x0000,0x0000,0x0000,0x0000,
 0x0000,0x0000,0x0000,0x0000,0x0000,0x0000,0x0000,0x0000,0x08C3,0x65F5,0x6615,0x65F5,
 0x65F5,0x65F5,0x5DF5,0x6656,0x3C11,0x18E9,0x194A,0x1949,0x1949,0x1949,0x1949,0x1949,
 0x1949,0x1949,0x1949,0x1949,0x1949,0x1949,0x1949,0x1949,0x1949,0x1949,0x214A,0xB598,
 0xFFFF,0xFFFF,0xFFFF,0xFFFF,0xFFFF,0xFFFF,0xFFFF,0xFFFF,0xFFFF,0xFFFF,0xFFFF,0xFFFF,
 0xFFFF,0xFFFF,0xFFFF,0xFFFF,0xFFFF,0xFFFF,0xFFFF,0xFFFF,0xFFFF,0xFFFF,0xFFFF,0xFFFF,
 0xFFFF,0xFFFF,0xFFFF,0xFFFF,0xFFFF,0xFFFF,0xFFFF,0xFFFF,0xFFFF,0xFFFF,0xFFFF,0xFFFF,
 0xFFFF,0xFFFF,0xFFFF,0xFFFF,0xFFFF,0x8C74,0x08C8,0x216A,0x1949,0x1949,0x1949,0x194A,
 0x1929,0x298B,0xEF5D,0xFFFF,0xFFFF,0xFFFF,0x5AEF,0x1108,0x214A,0x1949,0x1949,0x1949,
 0x1949,0x1949,0x1949,0x1949,0x1949,0x194A,0x1929,0x196A,0x24B6,0x25FA,0x2599,0x2599,
 0x2599,0x2599,0x2599,0x2599,0x2599,0x2579,0x2579,0x2579,0x2579,0x2579,0x2579,0x2579,
 0x2579,0x2D59,0x2559,0x2D59,0x2D59,0x2559,0x2D59,0x2D59,0x2D5A,0x2D5A,0x2D3A,0x2D3A,
 0x2D3A,0x253A,0x2D3A,0x2D3A,0x251A,0x2D1A,0x2D1A,0x2D1A,0x2D1A,0x2D19,0x2D3A,0x2C77,
 0x0020,0x0000,0x0000,0x0000,0x0000,0x0000,0x0000,0x0000,0x0000,0x0000,0x0000,0x0000,
 0x0000,0x0000,0x0000,0x0000,0x0000,0x0000,0x0000,0x0000,0x0000,0x0000,0x0000,0x0000,
 0x0000,0x0000,0x0000,0x0000,0x0000,0x0000,0x0000,0x0000,0x0000,0x0000,0x0000,0x0000,
 0x0000,0x0000,0x0000,0x0000,0x0000,0x0000,0x0000,0x0000,0x0000,0x0000,0x0000,0x0000,
 0x0000,0x0000,0x0000,0x0000,0x0000,0x0000,0x0000,0x0000,0x0000,0x0000,0x0000,0x0000,
 0x0000,0x0000,0x0000,0x0000,0x08C3,0x65F5,0x6615,0x65F5,0x65F5,0x65F5,0x65F5,0x5E36,
 0x226D,0x1909,0x194A,0x1949,0x1949,0x1949,0x1949,0x1949,0x1949,0x1949,0x1949,0x1949,
 0x1949,0x1949,0x1949,0x1949,0x1949,0x194A,0x1929,0x10C8,0x9CF6,0xFFFF,0xFFDF,0xFFFF,
 0xFFFF,0xFFFF,0xFFFF,0xFFFF,0xFFFF,0xFFFF,0xFFFF,0xFFFF,0xFFFF,0xFFFF,0xFFFF,0xFFFF,
 0xFFFF,0xFFFF,0xFFFF,0xFFFF,0xFFFF,0xFFFF,0xFFFF,0xFFFF,0xFFFF,0xFFFF,0xFFFF,0xFFFF,
 0xFFFF,0xFFFF,0xFFFF,0xFFFF,0xFFFF,0xFFFF,0xFFFF,0xFFFF,0xFFFF,0xFFFF,0xFFFF,0xFFFF,
 0xFFDF,0x424D,0x1109,0x214A,0x1949,0x1949,0x1949,0x216A,0x10E8,0x6350,0xFFFF,0xFFFF,
 0xFFFF,0xFFFF,0x6351,0x08C8,0x216A,0x1949,0x1949,0x1949,0x1949,0x1949,0x1949,0x1949,
 0x1949,0x1949,0x194A,0x1929,0x196A,0x2496,0x25DA,0x2579,0x2599,0x2599,0x2599,0x2599,
 0x2579,0x2579,0x2579,0x2579,0x2579,0x2579,0x2579,0x2579,0x2D59,0x2559,0x2D59,0x2D59,
 0x2559,0x2D59,0x2D5A,0x2D59,0x2D5A,0x2D3A,0x2D3A,0x2D3A,0x2D3A,0x2D3A,0x2D3A,0x2D1A,
 0x2D1A,0x2D1A,0x2D1A,0x2D1A,0x2D1A,0x2D19,0x2D3B,0x2477,0x0020,0x0000,0x0000,0x0000,
 0x0000,0x0000,0x0000,0x0000,0x0000,0x0000,0x0000,0x0000,0x0000,0x0000,0x0000,0x0000,
 0x0000,0x0000,0x0000,0x0000,0x0000,0x0000,0x0000,0x0000,0x0000,0x0000,0x0000,0x0000,
 0x0000,0x0000,0x0000,0x0000,0x0000,0x0000,0x0000,0x0000,0x0000,0x0000,0x0000,0x0000,
 0x0000,0x0000,0x0000,0x0000,0x0000,0x0000,0x0000,0x0000,0x0000,0x0000,0x0000,0x0000,
 0x0000,0x0000,0x0000,0x0000,0x0000,0x0000,0x0000,0x0000,0x0000,0x0000,0x0000,0x0000,
 0x08C3,0x65F5,0x6615,0x65F5,0x65F5,0x5DF5,0x6636,0x4D54,0x194A,0x1949,0x1949,0x1949,
 0x1949,0x1949,0x1949,0x1949,0x1949,0x1949,0x1949,0x1949,0x1949,0x1949,0x1949,0x1949,
 0x1949,0x1949,0x194A,0x1949,0x10E8,0xA517,0xFFFF,0xFFFF,0xFFFF,0xFFFF,0xFFFF,0xFFFF,
 0xFFFF,0xFFFF,0xFFFF,0xFFFF,0xFFFF,0xFFFF,0xFFFF,0xFFFF,0xFFFF,0xFFFF,0xFFFF,0xFFFF,
 0xFFFF,0xFFFF,0xFFFF,0xFFFF,0xFFFF,0xFFFF,0xFFFF,0xFFFF,0xFFFF,0xFFFF,0xFFFF,0xFFFF,
 0xFFFF,0xFFFF,0xFFFF,0xFFFF,0xFFFF,0xFFFF,0xFFFF,0xFFFF,0xCE7B,0x1909,0x194A,0x1949,
 0x1949,0x1949,0x1949,0x216A,0x10E8,0xAD78,0xFFFF,0xFFFF,0xFFFF,0xFFFF,0xF7BF,0x5B10,
 0x08C8,0x216A,0x1949,0x1949,0x1949,0x1949,0x1949,0x1949,0x1949,0x1949,0x1949,0x194A,
 0x1929,0x196A,0x2496,0x25DA,0x2579,0x2599,0x2599,0x2579,0x2579,0x2579,0x2579,0x2579,
 0x2579,0x2579,0x2579,0x2D59,0x2559,0x2D59,0x2D59,0x2559,0x2D59,0x2D59,0x2D59,0x2D5A,
 0x2D3A,0x2D3A,0x2D3A,0x2D3A,0x2D3A,0x2D3A,0x2D3A,0x2D1A,0x2D1A,0x2D1A,0x2D1A,0x2D1A,
 0x2D1A,0x2D19,0x2D3A,0x2C77,0x0020,0x0000,0x0000,0x0000,0x0000,0x0000,0x0000,0x0000,
 0x0000,0x0000,0x0000,0x0000,0x0000,0x0000,0x0000,0x0000,0x0000,0x0000,0x0000,0x0000,
 0x0000,0x0000,0x0000,0x0000,0x0000,0x0000,0x0000,0x0000,0x0000,0x0000,0x0000,0x0000,
 0x0000,0x0000,0x0000,0x0000,0x0000,0x0000,0x0000,0x0000,0x0000,0x0000,0x0000,0x0000,
 0x0000,0x0000,0x0000,0x0000,0x0000,0x0000,0x0000,0x0000,0x0000,0x0000,0x0000,0x0000,
 0x0000,0x0000,0x0000,0x0000,0x0000,0x0000,0x0000,0x0000,0x08C3,0x65F5,0x6615,0x65F5,
 0x65F5,0x5DF5,0x6656,0x33B0,0x18E9,0x194A,0x1949,0x1949,0x1949,0x1949,0x1949,0x1949,
 0x1949,0x1949,0x1949,0x1949,0x1949,0x1949,0x1949,0x1949,0x1949,0x1949,0x1949,0x214A,
 0x1949,0x10E9,0xA517,0xFFFF,0xFFFF,0xFFFF,0xFFFF,0xFFFF,0xFFFF,0xFFFF,0xFFFF,0xFFFF,
 0xFFFF,0xFFFF,0xFFFF,0xFFFF,0xFFFF,0xFFFF,0xFFFF,0xFFFF,0xFFFF,0xFFFF,0xFFFF,0xFFFF,
 0xFFFF,0xFFFF,0xFFFF,0xFFFF,0xFFFF,0xFFFF,0xFFFF,0xFFFF,0xFFFF,0xFFFF,0xFFFF,0xFFFF,
 0xFFFF,0xFFFF,0xFFFF,0xFFFF,0x8413,0x08C8,0x216A,0x1949,0x1949,0x1949,0x194A,0x1929,
 0x29AB,0xEF7E,0xFFFF,0xFFFF,0xFFFF,0xFFFF,0xFFFF,0xFFBF,0x5AF0,0x08C8,0x216A,0x1949,
 0x1949,0x1949,0x1949,0x1949,0x1949,0x1949,0x1949,0x1949,0x194A,0x1929,0x196A,0x2496,
 0x25DA,0x2579,0x2599,0x2579,0x2579,0x2579,0x2579,0x2579,0x2579,0x2579,0x2D59,0x2559,
 0x2D59,0x2D59,0x2559,0x2D59,0x2D59,0x2D59,0x2D5A,0x2D3A,0x2D3A,0x2D3A,0x2D3A,0x2D3A,
 0x2D3A,0x2D3A,0x2D1A,0x2D1A,0x2D1A,0x2D1A,0x2D1A,0x2D1A,0x2D1A,0x2CF9,0x2D1B,0x2C77,
 0x0020,0x0000,0x0000,0x0000,0x0000,0x0000,0x0000,0x0000,0x0000,0x0000,0x0000,0x0000,
 0x0000,0x0000,0x0000,0x0000,0x0000,0x0000,0x0000,0x0000,0x0000,0x0000,0x0000,0x0000,
 0x0000,0x0000,0x0000,0x0000,0x0000,0x0000,0x0000,0x0000,0x0000,0x0000,0x0000,0x0000,
 0x0000,0x0000,0x0000,0x0000,0x0000,0x0000,0x0000,0x0000,0x0000,0x0000,0x0000,0x0000,
 0x0000,0x0000,0x0000,0x0000,0x0000,0x0000,0x0000,0x0000,0x0000,0x0000,0x0000,0x0000,
 0x0000,0x0000,0x0000,0x0000,0x08C3,0x65F5,0x6615,0x65F5,0x5DF5,0x5DF5,0x5DF6,0x222C,
 0x1909,0x194A,0x1949,0x1949,0x1949,0x1949,0x1949,0x1949,0x1949,0x1949,0x194A,0x1949,
 0x1949,0x1949,0x1949,0x1949,0x1949,0x1949,0x1949,0x1949,0x194A,0x1949,0x10E9,0xA517,
 0xFFFF,0xFFFF,0xFFFF,0xFFFF,0xFFFF,0xFFFF,0xFFFF,0xFFFF,0xFFFF,0xFFFF,0xFFFF,0xFFFF,
 0xFFFF,0xFFFF,0xFFFF,0xFFFF,0xFFFF,0xFFFF,0xFFFF,0xFFFF,0xFFFF,0xFFFF,0xFFFF,0xFFFF,
 0xFFFF,0xFFFF,0xFFFF,0xFFFF,0xFFFF,0xFFFF,0xFFFF,0xFFFF,0xFFFF,0xFFFF,0xFFFF,0xFFDF,
 0x3A0D,0x1109,0x214A,0x1949,0x1949,0x1949,0x216A,0x10E8,0x6B71,0xFFFF,0xFFFF,0xFFFF,
 0xFFFF,0xFFFF,0xFFFF,0xFFFF,0xFFBF,0x5AF0,0x08C8,0x216A,0x1949,0x1949,0x1949,0x1949,
 0x1949,0x1949,0x1949,0x1949,0x1949,0x194A,0x1929,0x196A,0x2496,0x25DA,0x2579,0x2579,
 0x2579,0x2579,0x2579,0x2579,0x2579,0x2D79,0x2559,0x2D59,0x2D59,0x2559,0x2D59,0x2D59,
 0x2D59,0x2D5A,0x2D5A,0x2D3A,0x2D3A,0x2D3A,0x2D3A,0x2D3A,0x2D3A,0x2D1A,0x2D1A,0x2D1A,
 0x2D1A,0x2D1A,0x2D1A,0x2D1A,0x2D1A,0x2CFA,0x2D1B,0x2477,0x0020,0x0000,0x0000,0x0000,
 0x0000,0x0000,0x0000,0x0000,0x0000,0x0000,0x0000,0x0000,0x0000,0x0000,0x0000,0x0000,
 0x0000,0x0000,0x0000,0x0000,0x0000,0x0000,0x0000,0x0000,0x0000,0x0000,0x0000,0x0000,
 0x0000,0x0000,0x0000,0x0000,0x0000,0x0000,0x0000,0x0000,0x0000,0x0000,0x0000,0x0000,
 0x0000,0x0000,0x0000,0x0000,0x0000,0x0000,0x0000,0x0000,0x0000,0x0000,0x0000,0x0000,
 0x0000,0x0000,0x0000,0x0000,0x0000,0x0000,0x0000,0x0000,0x0000,0x0000,0x0000,0x0000,
 0x08C3,0x65F5,0x6615,0x5DF5,0x5DF5,0x6636,0x44F3,0x1929,0x1949,0x1949,0x1949,0x1949,
 0x1949,0x1949,0x1949,0x1949,0x1949,0x214A,0x1929,0x1949,0x194A,0x1949,0x1949,0x1949,
 0x1949,0x1949,0x1949,0x1949,0x1949,0x214A,0x1949,0x10E8,0xA517,0xFFFF,0xFFDF,0xFFFF,
 0xFFFF,0xFFFF,0xFFFF,0xFFFF,0xFFFF,0xFFFF,0xFFFF,0xFFFF,0xFFFF,0xFFFF,0xFFFF,0xFFFF,
 0xFFFF,0xFFFF,0xFFFF,0xFFFF,0xFFFF,0xFFFF,0xFFFF,0xFFFF,0xFFFF,0xFFFF,0xFFFF,0xFFFF,
 0xFFFF,0xFFFF,0xFFFF,0xFFFF,0xFFFF,0xFFFF,0xFFFF,0xC63A,0x1109,0x214A,0x1949,0x1949,
 0x1949,0x1949,0x216A,0x10E8,0xB5B9,0xFFFF,0xFFFF,0xFFFF,0xFFFF,0xFFFF,0xFFFF,0xFFFF,
 0xFFFF,0xFFBF,0x5AF0,0x08C8,0x216A,0x1949,0x1949,0x1949,0x1949,0x1949,0x1949,0x1949,
 0x1949,0x1949,0x194A,0x1929,0x196A,0x2496,0x25DA,0x2579,0x2579,0x2579,0x2579,0x2579,
 0x2559,0x2559,0x2559,0x2D59,0x2D59,0x2559,0x2D59,0x2D59,0x2D59,0x2D5A,0x2D3A,0x2D3A,
 0x2D3A,0x2D3A,0x2D3A,0x2D3A,0x2D1A,0x2D1A,0x2D1A,0x2D1A,0x2D1A,0x2D1A,0x2D1A,0x2D1A,
 0x2CFA,0x2CFA,0x2D1B,0x2C77,0x0020,0x0000,0x0000,0x0000,0x0000,0x0000,0x0000,0x0000,
 0x0000,0x0000,0x0000,0x0000,0x0000,0x0000,0x0000,0x0000,0x0000,0x0000,0x0000,0x0000,
 0x0000,0x0000,0x0000,0x0000,0x0000,0x0000,0x0000,0x0000,0x0000,0x0000,0x0000,0x0000,
 0x0000,0x0000,0x0000,0x0000,0x0000,0x0000,0x0000,0x0000,0x0000,0x0000,0x0000,0x0000,
 0x0000,0x0000,0x0000,0x0000,0x0000,0x0000,0x0000,0x0000,0x0000,0x0000,0x0000,0x0000,
 0x0000,0x0000,0x0000,0x0000,0x0000,0x0000,0x0000,0x0000,0x08C3,0x5DF5,0x6615,0x5DF5,
 0x5DF5,0x6656,0x2B4F,0x18E9,0x194A,0x1949,0x1949,0x1949,0x1949,0x1949,0x1949,0x216A,
 0x08C8,0x7C13,0x9CF6,0x08C8,0x214A,0x194A,0x1949,0x1949,0x1949,0x1949,0x1949,0x1949,
 0x1949,0x1949,0x214A,0x1949,0x10E9,0xA517,0xFFFF,0xFFFF,0xFFFF,0xFFFF,0xFFFF,0xFFFF,
 0xFFFF,0xFFFF,0xFFFF,0xFFFF,0xFFFF,0xFFFF,0xFFFF,0xFFFF,0xFFFF,0xFFFF,0xFFFF,0xFFFF,
 0xFFFF,0xFFFF,0xFFFF,0xFFFF,0xFFFF,0xFFFF,0xFFFF,0xFFFF,0xFFFF,0xFFFF,0xFFFF,0xFFFF,
 0xFFFF,0xFFFF,0xFFFF,0x7BD3,0x08C8,0x216A,0x1949,0x1949,0x1949,0x194A,0x1929,0x31CC,
 0xF79E,0xFFFF,0xFFFF,0xFFFF,0xFFFF,0xFFFF,0xFFFF,0xFFFF,0xFFFF,0xFFFF,0xFFBF,0x5AF0,
 0x08C8,0x216A,0x1949,0x1949,0x1949,0x1949,0x1949,0x1949,0x1949,0x1949,0x1949,0x194A,
 0x1929,0x196A,0x2496,0x25BA,0x2559,0x2579,0x2579,0x2579,0x2D59,0x2D59,0x2D59,0x2D59,
 0x2559,0x2D59,0x2D5A,0x2D59,0x2D5A,0x2D3A,0x2D3A,0x2D3A,0x2D3A,0x2D3A,0x2D3A,0x251A,
 0x2D1A,0x2D1A,0x2D1A,0x2D1A,0x2D1A,0x2D1A,0x2D1A,0x2CFA,0x2CFA,0x2CFA,0x2D1B,0x2C57,
 0x0020,0x0000,0x0000,0x0000,0x0000,0x0000,0x0000,0x0000,0x0000,0x0000,0x0000,0x0000,
 0x0000,0x0000,0x0000,0x0000,0x0000,0x0000,0x0000,0x0000,0x0000,0x0000,0x0000,0x0000,
 0x0000,0x0000,0x0000,0x0000,0x0000,0x0000,0x0000,0x0000,0x0000,0x0000,0x0000,0x0000,
 0x0000,0x0000,0x0000,0x0000,0x0000,0x0000,0x0000,0x0000,0x0000,0x0000,0x0000,0x0000,
 0x0000,0x0000,0x0000,0x0000,0x0000,0x0000,0x0000,0x0000,0x0000,0x0000,0x0000,0x0000,
 0x0000,0x0000,0x0000,0x0000,0x08C3,0x5DF5,0x5E15,0x5DF5,0x5DF5,0x55D5,0x19EB,0x1929,
 0x194A,0x1949,0x1949,0x1949,0x1949,0x1949,0x1949,0x194A,0x1109,0xC63A,0xFFFF,0x8C75,
 0x10C8,0x214A,0x194A,0x1949,0x1949,0x1949,0x1949,0x1949,0x1949,0x1949,0x1949,0x194A,
 0x1949,0x10E9,0xA517,0xFFFF,0xFFFF,0xFFFF,0xFFFF,0xFFFF,0xFFFF,0xFFFF,0xFFFF,0xFFFF,
 0xFFFF,0xFFFF,0xFFFF,0xFFFF,0xFFFF,0xFFFF,0xFFFF,0xFFFF,0xFFFF,0xFFFF,0xFFFF,0xFFFF,
 0xFFFF,0xFFFF,0xFFFF,0xFFFF,0xFFFF,0xFFFF,0xFFFF,0xFFFF,0xFFFF,0xFFFF,0xF7BF,0x39EC,
 0x1929,0x194A,0x1949,0x1949,0x1949,0x216A,0x10E8,0x73B2,0xFFFF,0xFFFF,0xFFFF,0xFFFF,
 0xFFFF,0xFFFF,0xFFFF,0xFFFF,0xFFFF,0xFFFF,0xFFFF,0xFFBF,0x5AF0,0x08C8,0x216A,0x1949,
 0x1949,0x1949,0x1949,0x1949,0x1949,0x1949,0x1949,0x1949,0x194A,0x1929,0x196A,0x2476,
 0x25BA,0x2559,0x2579,0x2D59,0x2559,0x2D59,0x2D59,0x2559,0x2D59,0x2D5A,0x2D59,0x2D5A,
 0x2D3A,0x2D3A,0x2D3A,0x2D3A,0x2D3A,0x2D3A,0x251A,0x2D1A,0x2D1A,0x2D1A,0x2D1A,0x2D1A,
 0x2D1A,0x2D1A,0x2D1A,0x2D1A,0x2CFA,0x2CFA,0x2D1B,0x2C57,0x0020,0x0000,0x0000,0x0000,
 0x0000,0x0000,0x0000,0x0000,0x0000,0x0000,0x0000,0x0000,0x0000,0x0000,0x0000,0x0000,
 0x0000,0x0000,0x0000,0x0000,0x0000,0x0000,0x0000,0x0000,0x0000,0x0000,0x0000,0x0000,
 0x0000,0x0000,0x0000,0x0000,0x0000,0x0000,0x0000,0x0000,0x0000,0x0000,0x0000,0x0000,
 0x0000,0x0000,0x0000,0x0000,0x0000,0x0000,0x0000,0x0000,0x0000,0x0000,0x0000,0x0000,
 0x0000,0x0000,0x0000,0x0000,0x0000,0x0000,0x0000,0x0000,0x0000,0x0000,0x0000,0x0000,
 0x08C3,0x5DF5,0x5E15,0x5DD5,0x6636,0x3C92,0x1909,0x194A,0x1949,0x1949,0x1949,0x1949,
 0x1949,0x1949,0x214A,0x1109,0x424D,0xFFDF,0xFFFF,0xFFFF,0x8C95,0x10C8,0x214A,0x194A,
 0x1949,0x1949,0x1949,0x1949,0x1949,0x1949,0x1949,0x1949,0x194A,0x1949,0x10E9,0xA517,
 0xFFFF,0xFFFF,0xFFFF,0xFFFF,0xFFFF,0xFFFF,0xFFFF,0xFFFF,0xFFFF,0xFFFF,0xFFFF,0xFFFF,
 0xFFFF,0xFFFF,0xFFFF,0xFFFF,0xFFFF,0xFFFF,0xFFFF,0xFFFF,0xFFFF,0xFFFF,0xFFFF,0xFFFF,
 0xFFFF,0xFFFF,0xFFFF,0xFFFF,0xFFFF,0xFFFF,0xBDF9,0x10E9,0x214A,0x1949,0x1949,0x1949,
 0x1949,0x214A,0x10E9,0xBDF9,0xFFFF,0xFFFF,0xFFFF,0xFFFF,0xFFFF,0xFFFF,0xFFFF,0xFFFF,
 0xFFFF,0xFFFF,0xFFFF,0xFFFF,0xFFBF,0x5AF0,0x08C8,0x216A,0x1949,0x1949,0x1949,0x1949,
 0x1949,0x1949,0x1949,0x1949,0x1949,0x194A,0x1929,0x196A,0x2476,0x2DBA,0x2D59,0x2559,
 0x2D59,0x2D59,0x2559,0x2D59,0x2D59,0x2D59,0x2D5A,0x2D3A,0x2D3A,0x2D3A,0x2D3A,0x2D3A,
 0x2D3A,0x2D3A,0x2D1A,0x2D1A,0x2D1A,0x2D1A,0x2D1A,0x2D1A,0x2D1A,0x2D1A,0x2CFA,0x2CFA,
 0x2CFA,0x2CFA,0x2D1B,0x2C57,0x0020,0x0000,0x0000,0x0000,0x0000,0x0000,0x0000,0x0000,
 0x0000,0x0000,0x0000,0x0000,0x0000,0x0000,0x0000,0x0000,0x0000,0x0000,0x0000,0x0000,
 0x0000,0x0000,0x0000,0x0000,0x0000,0x0000,0x0000,0x0000,0x0000,0x0000,0x0000,0x0000,
 0x0000,0x0000,0x0000,0x0000,0x0000,0x0000,0x0000,0x0000,0x0000,0x0000,0x0000,0x0000,
 0x0000,0x0000,0x0000,0x0000,0x0000,0x0000,0x0000,0x0000,0x0000,0x0000,0x0000,0x0000,
 0x0000,0x0000,0x0000,0x0000,0x0000,0x0000,0x0000,0x0000,0x08C3,0x5DF5,0x5DF5,0x5DD5,
 0x5E36,0x2AEE,0x18E9,0x194A,0x1949,0x1949,0x1949,0x1949,0x1949,0x1949,0x216A,0x08C8,
 0x8C74,0xFFFF,0xFFFF,0xFFFF,0xFFFF,0x8C95,0x10C8,0x216A,0x194A,0x1949,0x1949,0x1949,
 0x1949,0x1949,0x1949,0x1949,0x1949,0x194A,0x1949,0x10E9,0xA517,0xFFFF,0xFFFF,0xFFFF,
 0xFFFF,0xFFFF,0xFFFF,0xFFFF,0xFFFF,0xFFFF,0xFFFF,0xFFFF,0xFFFF,0xFFFF,0xFFFF,0xFFFF,
 0xFFFF,0xFFFF,0xFFFF,0xFFFF,0xFFFF,0xFFFF,0xFFFF,0xFFFF,0xFFFF,0xFFFF,0xFFFF,0xFFFF,
 0xFFFF,0xFFFF,0x73B2,0x10E8,0x216A,0x1949,0x1949,0x1949,0x214A,0x1929,0x39EC,0xF7BF,
 0xFFFF,0xFFFF,0xFFFF,0xFFFF,0xFFFF,0xFFFF,0xFFFF,0xFFFF,0xFFFF,0xFFFF,0xFFFF,0xFFFF,
 0xFFFF,0xFFBF,0x5AF0,0x08C8,0x216A,0x1949,0x1949,0x1949,0x1949,0x1949,0x1949,0x1949,
 0x1949,0x1949,0x194A,0x1929,0x196A,0x2476,0x2D9A,0x2D59,0x2D59,0x2D59,0x2559,0x2D59,
 0x2D59,0x2D5A,0x2D3A,0x2D3A,0x2D3A,0x2D3A,0x2D3A,0x2D3A,0x2D3A,0x2D1A,0x2D1A,0x2D1A,
 0x2D1A,0x2D1A,0x2D1A,0x2D1A,0x2D1A,0x2CFA,0x2CFA,0x2CFA,0x2CFA,0x2CFA,0x2D1B,0x2C57,
 0x0020,0x0000,0x0000,0x0000,0x0000,0x0000,0x0000,0x0000,0x0000,0x0000,0x0000,0x0000,
 0x0000,0x0000,0x0000,0x0000,0x0000,0x0000,0x0000,0x0000,0x0000,0x0000,0x0000,0x0000,
 0x0000,0x0000,0x0000,0x0000,0x0000,0x0000,0x0000,0x0000,0x0000,0x0000,0x0000,0x0000,
 0x0000,0x0000,0x0000,0x0000,0x0000,0x0000,0x0000,0x0000,0x0000,0x0000,0x0000,0x0000,
 0x0000,0x0000,0x0000,0x0000,0x0000,0x0000,0x0000,0x0000,0x0000,0x0000,0x0000,0x0000,
 0x0000,0x0000,0x0000,0x0000,0x08C3,0x5DF5,0x5DF5,0x5DF5,0x5595,0x19AB,0x1929,0x194A,
 0x1949,0x1949,0x1949,0x1949,0x1949,0x1949,0x1949,0x1929,0xD6BC,0xFFFF,0xFFFF,0xFFFF,
 0xFFFF,0xFFFF,0x8C95,0x10C8,0x214A,0x194A,0x1949,0x1949,0x1949,0x1949,0x1949,0x1949,
 0x1949,0x1949,0x214A,0x1949,0x10E9,0xA537,0xFFFF,0xFFDF,0xFFFF,0xFFFF,0xFFFF,0xFFFF,
 0xFFFF,0xFFFF,0xFFFF,0xFFFF,0xFFFF,0xFFFF,0xFFFF,0xFFFF,0xFFFF,0xFFFF,0xFFFF,0xFFFF,
 0xFFFF,0xFFFF,0xFFFF,0xFFFF,0xFFFF,0xFFFF,0xFFFF,0xFFFF,0xFFFF,0xF79E,0x31CC,0x1929,
 0x194A,0x1949,0x1949,0x1949,0x216A,0x08C8,0x7BF3,0xFFFF,0xFFFF,0xFFFF,0xFFFF,0xFFFF,
 0xFFFF,0xFFFF,0xFFFF,0xFFFF,0xFFFF,0xFFFF,0xFFFF,0xFFFF,0xFFFF,0xFFFF,0xF7BF,0x5AF0,
 0x08C8,0x216A,0x1949,0x1949,0x1949,0x1949,0x1949,0x1949,0x1949,0x1949,0x1949,0x194A,
 0x1929,0x196A,0x2476,0x2D9A,0x2539,0x2559,0x2D59,0x2D59,0x2D59,0x2D5A,0x2D3A,0x2D3A,
 0x2D3A,0x253A,0x2D3A,0x2D3A,0x2D1A,0x2D1A,0x2D1A,0x2D1A,0x2D1A,0x2D1A,0x2D1A,0x2D1A,
 0x2CFA,0x2CFA,0x2CFA,0x2CFA,0x2CFA,0x2CFA,0x2D1B,0x2C57,0x0020,0x0000,0x0000,0x0000,
 0x0000,0x0000,0x0000,0x0000,0x0000,0x0000,0x0000,0x0000,0x0000,0x0000,0x0000,0x0000,
 0x0000,0x0000,0x0000,0x0000,0x0000,0x0000,0x0000,0x0000,0x0000,0x0000,0x0000,0x0000,
 0x0000,0x0000,0x0000,0x0000,0x0000,0x0000,0x0000,0x0000,0x0000,0x0000,0x0000,0x0000,
 0x0000,0x0000,0x0000,0x0000,0x0000,0x0000,0x0000,0x0000,0x0000,0x0000,0x0000,0x0000,
 0x0000,0x0000,0x0000,0x0000,0x0000,0x0000,0x0000,0x0000,0x0000,0x0000,0x0000,0x0000,
 0x08C3,0x5DF5,0x5DF5,0x6636,0x3C32,0x1909,0x194A,0x1949,0x1949,0x1949,0x1949,0x1949,
 0x1949,0x214A,0x1108,0x52AF,0xFFFF,0xFFFF,0xFFFF,0xFFFF,0xFFFF,0xFFFF,0xFFFF,0x8C75,
 0x08C8,0x214A,0x194A,0x1949,0x1949,0x1949,0x1949,0x1949,0x1949,0x1949,0x1949,0x194A,
 0x1949,0x10E9,0xA517,0xFFFF,0xFFFF,0xFFFF,0xFFFF,0xFFFF,0xFFFF,0xFFFF,0xFFFF,0xFFFF,
 0xFFFF,0xFFFF,0xFFFF,0xFFFF,0xFFFF,0xFFFF,0xFFFF,0xFFFF,0xFFFF,0xFFFF,0xFFFF,0xFFFF,
 0xFFFF,0xFFFF,0xFFFF,0xFFFF,0xFFFF,0xB5B9,0x1109,0x216A,0x1949,0x1949,0x1949,0x1949,
 0x214A,0x1109,0xC61A,0xFFFF,0xFFFF,0xFFFF,0xFFFF,0xFFFF,0xFFFF,0xFFFF,0xFFFF,0xFFFF,
 0xFFFF,0xFFFF,0xFFFF,0xFFFF,0xFFFF,0xFFFF,0xFFFF,0xF7BF,0x5AF0,0x08C8,0x216A,0x1949,
 0x1949,0x1949,0x1949,0x1949,0x1949,0x1949,0x1949,0x1949,0x194A,0x1929,0x196A,0x2476,
 0x2D9A,0x2D39,0x2D5A,0x2D5A,0x2D5A,0x2D3A,0x2D3A,0x2D3A,0x253A,0x2D3A,0x2D3A,0x251A,
 0x2D1A,0x2D1A,0x2D1A,0x2D1A,0x2D1A,0x2D1A,0x2D1A,0x2CFA,0x2CFA,0x2CFA,0x2CFA,0x2CFA,
 0x2CFA,0x2CFA,0x2D1B,0x2C57,0x0020,0x0000,0x0000,0x0000,0x0000,0x0000,0x0000,0x0000,
 0x0000,0x0000,0x0000,0x0000,0x0000,0x0000,0x0000,0x0000,0x0000,0x0000,0x0000,0x0000,
 0x0000,0x0000,0x0000,0x0000,0x0000,0x0000,0x0000,0x0000,0x0000,0x0000,0x0000,0x0000,
 0x0000,0x0000,0x0000,0x0000,0x0000,0x0000,0x0000,0x0000,0x0000,0x0000,0x0000,0x0000,
 0x0000,0x0000,0x0000,0x0000,0x0000,0x0000,0x0000,0x0000,0x0000,0x0000,0x0000,0x0000,
 0x0000,0x0000,0x0000,0x0000,0x0000,0x0000,0x0000,0x0000,0x08C3,0x5DD5,0x5DF5,0x5E16,
 0x22AD,0x1909,0x194A,0x1949,0x1949,0x1949,0x1949,0x1949,0x1949,0x216A,0x08C8,0x9CF6,
 0xFFFF,0xFFFF,0xFFFF,0xFFFF,0xFFFF,0xFFFF,0xFFFF,0xFFFF,0x8C75,0x08C8,0x214A,0x194A,
 0x1949,0x1949,0x1949,0x1949,0x1949,0x1949,0x1949,0x1949,0x194A,0x1949,0x10E9,0xA517,
 0xFFFF,0xFFDF,0xFFFF,0xFFFF,0xFFFF,0xFFFF,0xFFFF,0xFFFF,0xFFFF,0xFFFF,0xFFFF,0xFFFF,
 0xFFFF,0xFFFF,0xFFFF,0xFFFF,0xFFFF,0xFFFF,0xFFFF,0xFFFF,0xFFFF,0xFFFF,0xFFFF,0xFFFF,
 0xFFFF,0x6331,0x0067,0x1929,0x194A,0x216A,0x214A,0x214A,0x1109,0x3A0D,0xFFBF,0xFFFF,
 0xFFFF,0xFFFF,0xFFFF,0xFFFF,0xFFFF,0xFFFF,0xFFFF,0xFFFF,0xFFFF,0xFFFF,0xFFFF,0xFFFF,
 0xFFFF,0xFFFF,0xFFFF,0xFFFF,0xFFBF,0x5AF0,0x08C8,0x216A,0x1949,0x1949,0x1949,0x1949,
 0x1949,0x1949,0x1949,0x1949,0x1949,0x194A,0x1929,0x196A,0x2477,0x2D9A,0x2D39,0x2D5A,
 0x2D3A,0x2D3A,0x2D3A,0x2D3A,0x2D3A,0x2D3A,0x251A,0x2D1A,0x2D1A,0x2D1A,0x2D1A,0x2D1A,
 0x2D1A,0x2D1A,0x2D1A,0x2D1A,0x2CFA,0x2CFA,0x2CFA,0x2CFA,0x2CFA,0x2CDA,0x2D1B,0x2C57,
 0x0020,0x0000,0x0000,0x0000,0x0000,0x0000,0x0000,0x0000,0x0000,0x0000,0x0000,0x0000,
 0x0000,0x0000,0x0000,0x0000,0x0000,0x0000,0x0000,0x0000,0x0000,0x0000,0x0000,0x0000,
 0x0000,0x0000,0x0000,0x0000,0x0000,0x0000,0x0000,0x0000,0x0000,0x0000,0x0000,0x0000,
 0x0000,0x0000,0x0000,0x0000,0x0000,0x0000,0x0000,0x0000,0x0000,0x0000,0x0000,0x0000,
 0x0000,0x0000,0x0000,0x0000,0x0000,0x0000,0x0000,0x0000,0x0000,0x0000,0x0000,0x0000,
 0x0000,0x0000,0x0000,0x0000,0x08C3,0x5DD5,0x6616,0x4D54,0x196A,0x1949,0x1949,0x1949,
 0x1949,0x1949,0x1949,0x1949,0x1949,0x1949,0x216A,0xE71D,0xFFFF,0xFFFF,0xFFFF,0xFFFF,
 0xFFFF,0xFFFF,0xFFFF,0xFFFF,0xFFFF,0x8C75,0x08C8,0x214A,0x194A,0x1949,0x1949,0x1949,
 0x1949,0x1949,0x1949,0x1949,0x1949,0x194A,0x1949,0x10E9,0xA537,0xFFFF,0xFFDF,0xFFFF,
 0xFFFF,0xFFFF,0xFFFF,0xFFFF,0xFFFF,0xFFFF,0xFFFF,0xFFFF,0xFFFF,0xFFFF,0xFFFF,0xFFFF,
 0xFFFF,0xFFFF,0xFFFF,0xFFFF,0xFFFF,0xFFFF,0xFFFF,0xFFFF,0xFFFF,0xCE7B,0x8433,0x422D,
 0x1909,0x08C8,0x1109,0x216A,0x10E8,0x8434,0xFFFF,0xFFFF,0xFFFF,0xFFFF,0xFFFF,0xFFFF,
 0xFFFF,0xFFFF,0xFFFF,0xFFFF,0xFFFF,0xFFFF,0xFFFF,0xFFFF,0xFFFF,0xFFFF,0xFFFF,0xFFFF,
 0xFFFF,0xF7BF,0x5AF0,0x08C8,0x216A,0x1949,0x1949,0x1949,0x1949,0x1949,0x1949,0x1949,
 0x1949,0x1949,0x194A,0x1929,0x196A,0x2477,0x2D9A,0x2D39,0x2D3A,0x2D3A,0x2D3A,0x2D3A,
 0x2D3A,0x2D3A,0x2D1A,0x2D1A,0x2D1A,0x2D1A,0x2D1A,0x2D1A,0x2D1A,0x2D1A,0x2CFA,0x2CFA,
 0x2CFA,0x2CFA,0x2CFA,0x2CFA,0x2CFA,0x2CDA,0x2CFB,0x2C57,0x0020,0x0000,0x0000,0x0000,
 0x0000,0x0000,0x0000,0x0000,0x0000,0x0000,0x0000,0x0000,0x0000,0x0000,0x0000,0x0000,
 0x0000,0x0000,0x0000,0x0000,0x0000,0x0000,0x0000,0x0000,0x0000,0x0000,0x0000,0x0000,
 0x0000,0x0000,0x0000,0x0000,0x0000,0x0000,0x0000,0x0000,0x0000,0x0000,0x0000,0x0000,
 0x0000,0x0000,0x0000,0x0000,0x0000,0x0000,0x0000,0x0000,0x0000,0x0000,0x0000,0x0000,
 0x0000,0x0000,0x0000,0x0000,0x0000,0x0000,0x0000,0x0000,0x0000,0x0000,0x0000,0x0000,
 0x08C3,0x5DD5,0x6656,0x33D1,0x18E9,0x194A,0x1949,0x1949,0x1949,0x1949,0x1949,0x1949,
 0x216A,0x10E8,0x5B10,0xFFFF,0xFFFF,0xFFFF,0xFFFF,0xFFFF,0xFFFF,0xFFFF,0xFFFF,0xFFFF,
 0xFFFF,0xFFFF,0x8C75,0x08C8,0x214A,0x194A,0x1949,0x1949,0x1949,0x1949,0x1949,0x1949,
 0x1949,0x1949,0x194A,0x1949,0x10E9,0xA537,0xFFFF,0xFFFF,0xFFFF,0xFFFF,0xFFFF,0xFFFF,
 0xFFFF,0xFFFF,0xFFFF,0xFFFF,0xFFFF,0xFFFF,0xFFFF,0xFFFF,0xFFFF,0xFFFF,0xFFFF,0xFFFF,
 0xFFFF,0xFFFF,0xFFFF,0xFFFF,0xFFFF,0xFFFF,0xFFFF,0xFFDF,0xC63A,0x7C13,0x3A0C,0x1109,
 0x08A8,0xCE5B,0xFFFF,0xFFFF,0xFFFF,0xFFFF,0xFFFF,0xFFFF,0xFFFF,0xFFFF,0xFFFF,0xFFFF,
 0xFFFF,0xFFFF,0xFFFF,0xFFFF,0xFFFF,0xFFFF,0xFFFF,0xFFFF,0xFFFF,0xFFFF,0xF7BF,0x5AF0,
 0x08C8,0x216A,0x1949,0x1949,0x1949,0x1949,0x1949,0x1949,0x1949,0x1949,0x1949,0x194A,
 0x1929,0x196A,0x2477,0x2D7A,0x2D39,0x2D3A,0x2D3A,0x2D3A,0x2D3A,0x2D1A,0x2D1A,0x2D1A,
 0x2D1A,0x2D1A,0x2D1A,0x2D1A,0x2D1A,0x2CFA,0x2CFA,0x2CFA,0x2CFA,0x2CFA,0x2CFA,0x2CFA,
 0x2CFA,0x2CDA,0x2CFB,0x2C57,0x0020,0x0000,0x0000,0x0000,0x0000,0x0000,0x0000,0x0000,
 0x0000,0x0000,0x0000,0x0000,0x0000,0x0000,0x0000,0x0000,0x0000,0x0000,0x0000,0x0000,
 0x0000,0x0000,0x0000,0x0000,0x0000,0x0000,0x0000,0x0000,0x0000,0x0000,0x0000,0x0000,
 0x0000,0x0000,0x0000,0x0000,0x0000,0x0000,0x0000,0x0000,0x0000,0x0000,0x0000,0x0000,
 0x0000,0x0000,0x0000,0x0000,0x0000,0x0000,0x0000,0x0000,0x0000,0x0000,0x0000,0x0000,
 0x0000,0x0000,0x0000,0x0000,0x0000,0x0000,0x0000,0x0000,0x08C3,0x5DD5,0x5E16,0x224C,
 0x1909,0x194A,0x1949,0x1949,0x1949,0x1949,0x1949,0x1949,0x216A,0x10E8,0xAD78,0xFFFF,
 0xFFFF,0xFFFF,0xFFFF,0xFFFF,0xFFFF,0xFFFF,0xFFFF,0xFFFF,0xFFFF,0xFFFF,0xFFFF,0x8C74,
 0x08C8,0x214A,0x194A,0x1949,0x1949,0x1949,0x1949,0x1949,0x1949,0x1949,0x1949,0x214A,
 0x1949,0x10E9,0xA537,0xFFFF,0xFFDF,0xFFFF,0xFFFF,0xFFFF,0xFFFF,0xFFFF,0xFFFF,0xFFFF,
 0xFFFF,0xFFFF,0xFFFF,0xFFFF,0xFFFF,0xFFFF,0xFFFF,0xFFFF,0xFFFF,0xFFFF,0xFFFF,0xFFFF,
 0xFFFF,0xFFFF,0xFFFF,0xFFFF,0xFFFF,0xFFFF,0xFFBF,0xBE19,0x8C95,0xFFBF,0xFFFF,0xFFFF,
 0xFFFF,0xFFFF,0xFFFF,0xFFFF,0xFFFF,0xFFFF,0xFFFF,0xFFFF,0xFFFF,0xFFFF,0xFFFF,0xFFFF,
 0xFFFF,0xFFFF,0xFFFF,0xFFFF,0xFFFF,0xFFFF,0xFFFF,0xF7BF,0x5AF0,0x08C8,0x216A,0x1949,
 0x1949,0x1949,0x1949,0x1949,0x1949,0x1949,0x1949,0x1949,0x194A,0x1929,0x196A,0x2477,
 0x2D7B,0x2519,0x2D3A,0x2D3A,0x251A,0x2D1A,0x2D1A,0x2D1A,0x2D1A,0x2D1A,0x2D1A,0x2D1A,
 0x2CFA,0x2CFA,0x2CFA,0x2CFA,0x2CFA,0x2CFA,0x2CFA,0x2CFA,0x2CFA,0x2CDA,0x2CFB,0x2C57,
 0x0020,0x0000,0x0000,0x0000,0x0000,0x0000,0x0000,0x0000,0x0000,0x0000,0x0000,0x0000,
 0x0000,0x0000,0x0000,0x0000,0x0000,0x0000,0x0000,0x0000,0x0000,0x0000,0x0000,0x0000,
 0x0000,0x0000,0x0000,0x0000,0x0000,0x0000,0x0000,0x0000,0x0000,0x0000,0x0000,0x0000,
 0x0000,0x0000,0x0000,0x0000,0x0000,0x0000,0x0000,0x0000,0x0000,0x0000,0x0000,0x0000,
 0x0000,0x0000,0x0000,0x0000,0x0000,0x0000,0x0000,0x0000,0x0000,0x0000,0x0000,0x0000,
 0x0000,0x0000,0x0000,0x0000,0x08C2,0x5E16,0x4D14,0x192A,0x1949,0x1949,0x1949,0x1949,
 0x1949,0x1949,0x1949,0x194A,0x1929,0x29AB,0xEF7E,0xFFFF,0xFFFF,0xFFFF,0xFFFF,0xFFFF,
 0xFFFF,0xFFFF,0xFFFF,0xFFFF,0xFFFF,0xFFFF,0xFFFF,0xFFFF,0x8C74,0x08C8,0x214A,0x194A,
 0x1949,0x1949,0x1949,0x1949,0x1949,0x1949,0x1949,0x1949,0x194A,0x1949,0x10E9,0xA537,
 0xFFFF,0xFFDF,0xFFFF,0xFFFF,0xFFFF,0xFFFF,0xFFFF,0xFFFF,0xFFFF,0xFFFF,0xFFFF,0xFFFF,
 0xFFFF,0xFFFF,0xFFFF,0xFFFF,0xFFFF,0xFFFF,0xFFFF,0xFFFF,0xFFFF,0xFFFF,0xFFFF,0xFFFF,
 0xFFFF,0xFFFF,0xFFFF,0xFFFF,0xFFFF,0xFFFF,0xFFFF,0xFFFF,0xFFFF,0xFFFF,0xFFFF,0xFFFF,
 0xFFFF,0xFFFF,0xFFFF,0xFFFF,0xFFFF,0xFFFF,0xFFFF,0xFFFF,0xFFFF,0xFFFF,0xFFFF,0xFFFF,
 0xFFFF,0xFFFF,0xFFFF,0xFFFF,0xF7BF,0x5AEF,0x08C8,0x216A,0x1949,0x1949,0x1949,0x1949,
 0x1949,0x1949,0x1949,0x1949,0x1949,0x194A,0x1929,0x196A,0x2457,0x2D7B,0x2D19,0x2D3A,
 0x2D1A,0x2D1A,0x2D1A,0x2D1A,0x2D1A,0x2D1A,0x2D1A,0x2D1A,0x2CFA,0x2CFA,0x2CFA,0x2CFA,
 0x2CFA,0x2CFA,0x2CFA,0x2CFA,0x2CDA,0x2CDA,0x2CFB,0x2C57,0x0020,0x0000,0x0000,0x0000,
 0x0000,0x0000,0x0000,0x0000,0x0000,0x0000,0x0000,0x0000,0x0000,0x0000,0x0000,0x0000,
 0x0000,0x0000,0x0000,0x0000,0x0000,0x0000,0x0000,0x0000,0x0000,0x0000,0x0000,0x0000,
 0x0000,0x0000,0x0000,0x0000,0x0000,0x0000,0x0000,0x0000,0x0000,0x0000,0x0000,0x0000,
 0x0000,0x0000,0x0000,0x0000,0x0000,0x0000,0x0000,0x0000,0x0000,0x0000,0x0000,0x0000,
 0x0000,0x0000,0x0000,0x0000,0x0000,0x0000,0x0000,0x0000,0x0000,0x0000,0x0000,0x0000,
 0x08C2,0x5E36,0x3390,0x18E9,0x194A,0x1949,0x1949,0x1949,0x1949,0x1949,0x1949,0x216A,
 0x10E8,0x6B91,0xFFFF,0xFFFF,0xFFFF,0xFFFF,0xFFFF,0xFFFF,0xFFFF,0xFFFF,0xFFFF,0xFFFF,
 0xFFFF,0xFFFF,0xFFFF,0xFFFF,0xFFFF,0x8C74,0x08C8,0x216A,0x194A,0x1949,0x1949,0x1949,
 0x1949,0x1949,0x1949,0x1949,0x1949,0x194A,0x1949,0x10E9,0xA537,0xFFFF,0xFFFF,0xFFFF,
 0xFFFF,0xFFFF,0xFFFF,0xFFFF,0xFFFF,0xFFFF,0xFFFF,0xFFFF,0xFFFF,0xFFFF,0xFFFF,0xFFFF,
 0xFFFF,0xFFFF,0xFFFF,0xFFFF,0xFFFF,0xFFFF,0xFFFF,0xFFFF,0xFFFF,0xFFFF,0xFFFF,0xFFFF,
 0xFFFF,0xFFFF,0xFFFF,0xFFFF,0xFFFF,0xFFFF,0xFFFF,0xFFFF,0xFFFF,0xFFFF,0xFFFF,0xFFFF,
 0xFFFF,0xFFFF,0xFFFF,0xFFFF,0xFFFF,0xFFFF,0xFFFF,0xFFFF,0xFFFF,0xFFFF,0xFFFF,0xFFFF,
 0xFFFF,0xF7BF,0x5AEF,0x08C8,0x216A,0x1949,0x1949,0x1949,0x1949,0x1949,0x1949,0x1949,
 0x1949,0x1949,0x194A,0x1929,0x196A,0x2457,0x2D5B,0x2D19,0x2D1A,0x2D1A,0x2D1A,0x2D1A,
 0x2D1A,0x2D1A,0x2D1A,0x2CFA,0x2CFA,0x2CFA,0x2CFA,0x2CFA,0x2CFA,0x2CFA,0x2CFA,0x2CDA,
 0x2CDA,0x2CDA,0x2CFB,0x2C57,0x0020,0x0000,0x0000,0x0000,0x0000,0x0000,0x0000,0x0000,
 0x0000,0x0000,0x0000,0x0000,0x0000,0x0000,0x0000,0x0000,0x0000,0x0000,0x0000,0x0000,
 0x0000,0x0000,0x0000,0x0000,0x0000,0x0000,0x0000,0x0000,0x0000,0x0000,0x0000,0x0000,
 0x0000,0x0000,0x0000,0x0000,0x0000,0x0000,0x0000,0x0000,0x0000,0x0000,0x0000,0x0000,
 0x0000,0x0000,0x0000,0x0000,0x0000,0x0000,0x0000,0x0000,0x0000,0x0000,0x0000,0x0000,
 0x0000,0x0000,0x0000,0x0000,0x0000,0x0000,0x0000,0x0000,0x08C3,0x55D5,0x220C,0x1929,
 0x194A,0x1949,0x1949,0x1949,0x1949,0x1949,0x1949,0x214A,0x10E8,0xBDF9,0xFFFF,0xFFFF,
 0xFFFF,0xFFFF,0xFFFF,0xFFFF,0xFFFF,0xFFFF,0xFFFF,0xFFFF,0xFFFF,0xFFFF,0xFFFF,0xFFFF,
 0xFFFF,0xFFFF,0x8C74,0x08C8,0x214A,0x194A,0x1949,0x1949,0x1949,0x1949,0x1949,0x1949,
 0x1949,0x1949,0x214A,0x1949,0x10E9,0xA537,0xFFFF,0xFFDF,0xFFFF,0xFFFF,0xFFFF,0xFFFF,
 0xFFFF,0xFFFF,0xFFFF,0xFFFF,0xFFFF,0xFFFF,0xFFFF,0xFFFF,0xFFFF,0xFFFF,0xFFFF,0xFFFF,
 0xFFFF,0xFFFF,0xFFFF,0xFFFF,0xFFFF,0xFFFF,0xFFFF,0xFFFF,0xFFFF,0xFFFF,0xFFFF,0xFFFF,
 0xFFFF,0xFFFF,0xFFFF,0xFFFF,0xFFFF,0xFFFF,0xFFFF,0xFFFF,0xFFFF,0xFFFF,0xFFFF,0xFFFF,
 0xFFFF,0xFFFF,0xFFFF,0xFFFF,0xFFFF,0xFFFF,0xFFFF,0xFFFF,0xFFFF,0xFFFF,0xF7BF,0x5AF0,
 0x08C8,0x216A,0x1949,0x1949,0x1949,0x1949,0x1949,0x1949,0x1949,0x1949,0x1949,0x194A,
 0x1929,0x196A,0x2457,0x2D5B,0x2D19,0x2D1A,0x2D1A,0x2D1A,0x2D1A,0x2D1A,0x2D1A,0x2CFA,
 0x2CFA,0x2CFA,0x2CFA,0x2CFA,0x2CFA,0x2CFA,0x2CDA,0x2CDA,0x2CDA,0x2CDA,0x2CFB,0x2C57,
 0x0020,0x0000,0x0000,0x0000,0x0000,0x0000,0x0000,0x0000,0x0000,0x0000,0x0000,0x0000,
 0x0000,0x0000,0x0000,0x0000,0x0000,0x0000,0x0000,0x0000,0x0000,0x0000,0x0000,0x0000,
 0x0000,0x0000,0x0000,0x0000,0x0000,0x0000,0x0000,0x0000,0x0000,0x0000,0x0000,0x0000,
 0x0000,0x0000,0x0000,0x0000,0x0000,0x0000,0x0000,0x0000,0x0000,0x0000,0x0000,0x0000,
 0x0000,0x0000,0x0000,0x0000,0x0000,0x0000,0x0000,0x0000,0x0000,0x0000,0x0000,0x0000,
 0x0000,0x0000,0x0000,0x0000,0x1103,0x44B3,0x1929,0x1949,0x1949,0x1949,0x1949,0x1949,
 0x1949,0x1949,0x214A,0x1929,0x3A0C,0xF7BF,0xFFFF,0xFFFF,0xFFFF,0xFFFF,0xFFFF,0xFFFF,
 0xFFFF,0xFFFF,0xFFFF,0xFFFF,0xFFFF,0xFFFF,0xFFFF,0xFFFF,0xFFFF,0xFFFF,0xFFFF,0x8C74,
 0x08C8,0x216A,0x194A,0x1949,0x1949,0x1949,0x1949,0x1949,0x1949,0x1949,0x1949,0x194A,
 0x1949,0x10E9,0xA537,0xFFFF,0xFFDF,0xFFFF,0xFFFF,0xFFFF,0xFFFF,0xFFFF,0xFFFF,0xFFFF,
 0xFFFF,0xFFFF,0xFFFF,0xFFFF,0xFFFF,0xFFFF,0xFFFF,0xFFFF,0xFFFF,0xFFFF,0xFFFF,0xFFFF,
 0xFFFF,0xFFFF,0xFFFF,0xFFFF,0xFFFF,0xFFFF,0xFFFF,0xFFFF,0xFFFF,0xFFFF,0xFFFF,0xFFFF,
 0xFFFF,0xFFFF,0xFFFF,0xFFFF,0xFFFF,0xFFFF,0xFFFF,0xFFFF,0xFFFF,0xFFFF,0xFFFF,0xFFFF,
 0xFFFF,0xFFFF,0xFFFF,0xFFFF,0xFFFF,0xFFFF,0xFFFF,0xF7BF,0x5AEF,0x08C8,0x216A,0x1949,
 0x1949,0x1949,0x1949,0x1949,0x1949,0x1949,0x1949,0x1949,0x194A,0x1929,0x196A,0x2457,
 0x2D5B,0x2CF9,0x2D1A,0x2D1A,0x2D1A,0x2CFA,0x2CFA,0x2CFA,0x2CFA,0x2CFA,0x2CFA,0x2CFA,
 0x2CFA,0x2CFA,0x2CDA,0x2CDA,0x2CDA,0x2CDA,0x2CFB,0x2C57,0x0020,0x0000,0x0000,0x0000,
 0x0000,0x0000,0x0000,0x0000,0x0000,0x0000,0x0000,0x0000,0x0000,0x0000,0x0000,0x0000,
 0x0000,0x0000,0x0000,0x0000,0x0000,0x0000,0x0000,0x0000,0x0000,0x0000,0x0000,0x0000,
 0x0000,0x0000,0x0000,0x0000,0x0000,0x0000,0x0000,0x0000,0x0000,0x0000,0x0000,0x0000,
 0x0000,0x0000,0x0000,0x0000,0x0000,0x0000,0x0000,0x0000,0x0000,0x0000,0x0000,0x0000,
 0x0000,0x0000,0x0000,0x0000,0x0000,0x0000,0x0000,0x0000,0x0000,0x0000,0x0000,0x0000,
 0x1123,0x2B0E,0x1909,0x194A,0x1949,0x1949,0x1949,0x1949,0x1949,0x1949,0x216A,0x08C8,
 0x7C13,0xFFFF,0xFFFF,0xFFFF,0xFFFF,0xFFFF,0xFFFF,0xFFFF,0xFFFF,0xFFFF,0xFFFF,0xFFFF,
 0xFFFF,0xFFFF,0xFFFF,0xFFFF,0xFFFF,0xFFFF,0xFFFF,0xFFFF,0x8C74,0x08C8,0x216A,0x194A,
 0x1949,0x1949,0x1949,0x1949,0x1949,0x1949,0x1949,0x1949,0x214A,0x1949,0x10E9,0xA537,
 0xFFFF,0xFFFF,0xFFFF,0xFFFF,0xFFFF,0xFFFF,0xFFFF,0xFFFF,0xFFFF,0xFFFF,0xFFFF,0xFFFF,
 0xFFFF,0xFFFF,0xFFFF,0xFFFF,0xFFFF,0xFFFF,0xFFFF,0xFFFF,0xFFFF,0xFFFF,0xFFFF,0xFFFF,
 0xFFFF,0xFFFF,0xFFFF,0xFFFF,0xFFFF,0xFFFF,0xFFFF,0xFFFF,0xFFFF,0xFFFF,0xFFFF,0xFFFF,
 0xFFFF,0xFFFF,0xFFFF,0xFFFF,0xFFFF,0xFFFF,0xFFFF,0xFFFF,0xFFFF,0xFFFF,0xFFFF,0xFFFF,
 0xFFFF,0xFFFF,0xFFFF,0xFFFF,0xF7BF,0x5AEF,0x08C8,0x216A,0x1949,0x1949,0x1949,0x1949,
 0x1949,0x1949,0x1949,0x1949,0x1949,0x194A,0x1929,0x196A,0x2457,0x2D5B,0x2CF9,0x2D1A,
 0x2CFA,0x2CFA,0x2CFA,0x2CFA,0x2CFA,0x2CFA,0x2CFA,0x2CFA,0x2CFA,0x2CDA,0x2CDA,0x2CDA,
 0x2CDA,0x2CDA,0x2CFB,0x2C37,0x0020,0x0000,0x0000,0x0000,0x0000,0x0000,0x0000,0x0000,
 0x0000,0x0000,0x0000,0x0000,0x0000,0x0000,0x0000,0x0000,0x0000,0x0000,0x0000,0x0000,
 0x0000,0x0000,0x0000,0x0000,0x0000,0x0000,0x0000,0x0000,0x0000,0x0000,0x0000,0x0000,
 0x0000,0x0000,0x0000,0x0000,0x0000,0x0000,0x0000,0x0000,0x0000,0x0000,0x0000,0x0000,
 0x0000,0x0000,0x0000,0x0000,0x0000,0x0000,0x0000,0x0000,0x0000,0x0000,0x0000,0x0000,
 0x0000,0x0000,0x0000,0x0000,0x0000,0x0000,0x0000,0x0000,0x0082,0x19AB,0x1929,0x1949,
 0x1949,0x1949,0x1949,0x1949,0x1949,0x1949,0x194A,0x1909,0xCE7B,0xFFFF,0xFFFF,0xFFFF,
 0xFFFF,0xFFFF,0xFFFF,0xFFFF,0xFFFF,0xFFFF,0xFFFF,0xFFFF,0xFFFF,0xFFFF,0xFFFF,0xFFFF,
 0xFFFF,0xFFFF,0xFFFF,0xFFFF,0xFFFF,0x8C74,0x08C8,0x214A,0x194A,0x1949,0x1949,0x1949,
 0x1949,0x1949,0x1949,0x1949,0x1949,0x194A,0x1949,0x10E9,0xA537,0xFFFF,0xFFFF,0xFFFF,
 0xFFFF,0xFFFF,0xFFFF,0xFFFF,0xFFFF,0xFFFF,0xFFFF,0xFFFF,0xFFFF,0xFFFF,0xFFFF,0xFFFF,
 0xFFFF,0xFFFF,0xFFFF,0xFFFF,0xFFFF,0xFFFF,0xFFFF,0xFFFF,0xFFFF,0xFFFF,0xFFFF,0xFFFF,
 0xFFFF,0xFFFF,0xFFFF,0xFFFF,0xFFFF,0xFFFF,0xFFFF,0xFFFF,0xFFFF,0xFFFF,0xFFFF,0xFFFF,
 0xFFFF,0xFFFF,0xFFFF,0xFFFF,0xFFFF,0xFFFF,0xFFFF,0xFFFF,0xFFFF,0xFFFF,0xFFFF,0xFFFF,
 0xFFFF,0xF7BF,0x5AEF,0x08C8,0x216A,0x1949,0x1949,0x1949,0x1949,0x1949,0x1949,0x1949,
 0x1949,0x1949,0x194A,0x1929,0x196A,0x2457,0x2D5B,0x2CF9,0x2CFA,0x2CFA,0x2CFA,0x2CFA,
 0x2CFA,0x2CFA,0x2CFA,0x2CFA,0x2CDA,0x2CDA,0x2CDA,0x2CDA,0x2CDA,0x2CDA,0x2CFB,0x2C37,
 0x0020,0x0000,0x0000,0x0000,0x0000,0x0000,0x0000,0x0000,0x0000,0x0000,0x0000,0x0000,
 0x0000,0x0000,0x0000,0x0000,0x0000,0x0000,0x0000,0x0000,0x0000,0x0000,0x0000,0x0000,
 0x0000,0x0000,0x0000,0x0000,0x0000,0x0000,0x0000,0x0000,0x0000,0x0000,0x0000,0x0000,
 0x0000,0x0000,0x0000,0x0000,0x0000,0x0000,0x0000,0x0000,0x0000,0x0000,0x0000,0x0000,
 0x0000,0x0000,0x0000,0x0000,0x0000,0x0000,0x0000,0x0000,0x0000,0x0000,0x0000,0x0000,
 0x0000,0x0000,0x0000,0x0000,0x0863,0x194A,0x1949,0x1949,0x1949,0x1949,0x1949,0x1949,
 0x1949,0x214A,0x1109,0x426D,0xFFFF,0xFFFF,0xFFFF,0xFFFF,0xFFFF,0xFFFF,0xFFFF,0xFFFF,
 0xFFFF,0xFFFF,0xFFFF,0xFFFF,0xFFFF,0xFFFF,0xFFFF,0xFFFF,0xFFFF,0xFFFF,0xFFFF,0xFFFF,
 0xFFFF,0xFFFF,0x8C74,0x08C8,0x216A,0x194A,0x1949,0x1949,0x1949,0x1949,0x1949,0x1949,
 0x1949,0x1949,0x214A,0x1949,0x10E9,0xA537,0xFFFF,0xFFDF,0xFFFF,0xFFFF,0xFFFF,0xFFFF,
 0xFFFF,0xFFFF,0xFFFF,0xFFFF,0xFFFF,0xFFFF,0xFFFF,0xFFFF,0xFFFF,0xFFFF,0xFFFF,0xFFFF,
 0xFFFF,0xFFFF,0xFFFF,0xFFFF,0xFFFF,0xFFFF,0xFFFF,0xFFFF,0xFFFF,0xFFFF,0xFFFF,0xFFFF,
 0xFFFF,0xFFFF,0xFFFF,0xFFFF,0xFFFF,0xFFFF,0xFFFF,0xFFFF,0xFFFF,0xFFFF,0xFFFF,0xFFFF,
 0xFFFF,0xFFFF,0xFFFF,0xFFFF,0xFFFF,0xFFFF,0xFFFF,0xFFFF,0xFFFF,0xFFFF,0xF7BF,0x5AEF,
 0x08C8,0x216A,0x1949,0x1949,0x1949,0x1949,0x1949,0x1949,0x1949,0x1949,0x1949,0x194A,
 0x1929,0x196A,0x2437,0x2D3B,0x2CFA,0x2CFA,0x2CFA,0x2CFA,0x2CFA,0x2CFA,0x2CFA,0x2CDA,
 0x2CDA,0x2CDA,0x2CDA,0x2CDA,0x2CDA,0x2CBA,0x2CFB,0x2C37,0x0020,0x0000,0x0000,0x0000,
 0x0000,0x0000,0x0000,0x0000,0x0000,0x0000,0x0000,0x0000,0x0000,0x0000,0x0000,0x0000,
 0x0000,0x0000,0x0000,0x0000,0x0000,0x0000,0x0000,0x0000,0x0000,0x0000,0x0000,0x0000,
 0x0000,0x0000,0x0000,0x0000,0x0000,0x0000,0x0000,0x0000,0x0000,0x0000,0x0000,0x0000,
 0x0000,0x0000,0x0000,0x0000,0x0000,0x0000,0x0000,0x0000,0x0000,0x0000,0x0000,0x0000,
 0x0000,0x0000,0x0000,0x0000,0x0000,0x0000,0x0000,0x0000,0x0000,0x0000,0x0000,0x0000,
 0x10E6,0x216A,0x1929,0x1949,0x1949,0x1949,0x1949,0x1949,0x1949,0x216A,0x08C8,0x8C95,
 0xFFFF,0xFFFF,0xFFFF,0xFFFF,0xFFFF,0xFFFF,0xFFFF,0xFFFF,0xFFFF,0xFFFF,0xFFFF,0xFFFF,
 0xFFFF,0xFFFF,0xFFFF,0xFFFF,0xFFFF,0xFFFF,0xFFFF,0xFFFF,0xFFFF,0xFFFF,0xFFFF,0x8C54,
 0x08C8,0x214A,0x194A,0x1949,0x1949,0x1949,0x1949,0x1949,0x1949,0x1949,0x1949,0x214A,
 0x1949,0x10E9,0xA537,0xFFFF,0xFFDF,0xFFFF,0xFFFF,0xFFFF,0xFFFF,0xFFFF,0xFFFF,0xFFFF,
 0xFFFF,0xFFFF,0xFFFF,0xFFFF,0xFFFF,0xFFFF,0xFFFF,0xFFFF,0xFFFF,0xFFFF,0xFFFF,0xFFFF,
 0xFFFF,0xFFFF,0xFFFF,0xFFFF,0xFFFF,0xFFFF,0xFFFF,0xFFFF,0xFFFF,0xFFFF,0xFFFF,0xFFFF,
 0xFFFF,0xFFFF,0xFFFF,0xFFFF,0xFFFF,0xFFFF,0xFFFF,0xFFFF,0xFFFF,0xFFFF,0xFFFF,0xFFFF,
 0xFFFF,0xFFFF,0xFFFF,0xFFFF,0xFFFF,0xFFFF,0xFFFF,0xF7BF,0x52CF,0x08C8,0x216A,0x1949,
 0x1949,0x1949,0x1949,0x1949,0x1949,0x1949,0x1949,0x1949,0x194A,0x1929,0x196B,0x2437,
 0x2D3B,0x2CFA,0x2CFA,0x2CFA,0x2CFA,0x2CFA,0x2CDA,0x2CDA,0x2CDA,0x2CDA,0x2CDA,0x2CDA,
 0x2CDA,0x2CBA,0x34DB,0x2C37,0x0020,0x0000,0x0000,0x0000,0x0000,0x0000,0x0000,0x0000,
 0x0000,0x0000,0x0000,0x0000,0x0000,0x0000,0x0000,0x0000,0x0000,0x0000,0x0000,0x0000,
 0x0000,0x0000,0x0000,0x0000,0x0000,0x0000,0x0000,0x0000,0x0000,0x0000,0x0000,0x0000,
 0x0000,0x0000,0x0000,0x0000,0x0000,0x0000,0x0000,0x0000,0x0000,0x0000,0x0000,0x0000,
 0x0000,0x0000,0x0000,0x0000,0x0000,0x0000,0x0000,0x0000,0x0000,0x0000,0x0000,0x0000,
 0x0000,0x0000,0x0000,0x0000,0x0000,0x0000,0x0000,0x0020,0x1929,0x194A,0x1949,0x1949,
 0x1949,0x1949,0x1949,0x1949,0x1949,0x1949,0x194A,0xDEDC,0xFFFF,0xFFFF,0xFFFF,0xFFFF,
 0xFFFF,0xFFFF,0xFFFF,0xFFFF,0xFFFF,0xFFFF,0xFFFF,0xFFFF,0xFFFF,0xFFFF,0xFFFF,0xFFFF,
 0xFFFF,0xFFFF,0xFFFF,0xFFFF,0xFFFF,0xFFFF,0xFFFF,0xFFFF,0x8C54,0x08C8,0x216A,0x194A,
 0x1949,0x1949,0x1949,0x1949,0x1949,0x1949,0x1949,0x1949,0x194A,0x1949,0x10E9,0xA537,
 0xFFFF,0xFFDF,0xFFFF,0xFFFF,0xFFFF,0xFFFF,0xFFFF,0xFFFF,0xFFFF,0xFFFF,0xFFFF,0xFFFF,
 0xFFFF,0xFFFF,0xFFFF,0xFFFF,0xFFFF,0xFFFF,0xFFFF,0xFFFF,0xFFFF,0xFFFF,0xFFFF,0xFFFF,
 0xFFFF,0xFFFF,0xFFFF,0xFFFF,0xFFFF,0xFFFF,0xFFFF,0xFFFF,0xFFFF,0xFFFF,0xFFFF,0xFFFF,
 0xFFFF,0xFFFF,0xFFFF,0xFFFF,0xFFFF,0xFFFF,0xFFFF,0xFFFF,0xFFFF,0xFFFF,0xFFFF,0xFFFF,
 0xFFFF,0xFFFF,0xFFFF,0xFFFF,0xF7BF,0x5AEF,0x08C8,0x216A,0x1949,0x1949,0x1949,0x1949,
 0x1949,0x1949,0x1949,0x1949,0x1949,0x194A,0x1929,0x196A,0x2C37,0x2D3B,0x2CDA,0x2CFA,
 0x2CFA,0x2CFA,0x2CDA,0x2CDA,0x2CDA,0x2CDA,0x2CDA,0x2CDA,0x2CDA,0x2CBA,0x34DB,0x2C37,
 0x0020,0x0000,0x0000,0x0000,0x0000,0x0000,0x0000,0x0000,0x0000,0x0000,0x0000,0x0000,
 0x0000,0x0000,0x0000,0x0000,0x0000,0x0000,0x0000,0x0000,0x0000,0x0000,0x0000,0x0000,
 0x0000,0x0000,0x0000,0x0000,0x0000,0x0000,0x0000,0x0000,0x0000,0x0000,0x0000,0x0000,
 0x0000,0x0000,0x0000,0x0000,0x0000,0x0000,0x0000,0x0000,0x0000,0x0000,0x0000,0x0000,
 0x0000,0x0000,0x0000,0x0000,0x0000,0x0000,0x0000,0x0000,0x0000,0x0000,0x0000,0x0000,
 0x0000,0x0000,0x0000,0x0883,0x216A,0x1949,0x1949,0x1949,0x1949,0x1949,0x1949,0x1949,
 0x214A,0x10E8,0x52CF,0xFFFF,0xFFFF,0xFFFF,0xFFFF,0xFFFF,0xFFFF,0xFFFF,0xFFFF,0xFFFF,
 0xFFFF,0xFFFF,0xFFFF,0xFFFF,0xFFFF,0xFFFF,0xFFFF,0xFFFF,0xFFFF,0xFFFF,0xFFFF,0xFFFF,
 0xFFFF,0xFFFF,0xFFFF,0xFFFF,0xFFFF,0x8C54,0x08C8,0x216A,0x194A,0x1949,0x1949,0x1949,
 0x1949,0x1949,0x1949,0x1949,0x1949,0x214A,0x1949,0x10E9,0xA537,0xFFFF,0xFFFF,0xFFFF,
 0xFFFF,0xFFFF,0xFFFF,0xFFFF,0xFFFF,0xFFFF,0xFFFF,0xFFFF,0xFFFF,0xFFFF,0xFFFF,0xFFFF,
 0xFFFF,0xFFFF,0xFFFF,0xFFFF,0xFFFF,0xFFFF,0xFFFF,0xFFFF,0xFFFF,0xFFFF,0xFFFF,0xFFFF,
 0xFFFF,0xFFFF,0xFFFF,0xFFFF,0xFFFF,0xFFFF,0xFFFF,0xFFFF,0xFFFF,0xFFFF,0xFFFF,0xFFFF,
 0xFFFF,0xFFFF,0xFFFF,0xFFFF,0xFFFF,0xFFFF,0xFFFF,0xFFFF,0xFFFF,0xFFFF,0xFFFF,0xFFFF,
 0xFFFF,0xF7BF,0x5ACF,0x08C8,0x216A,0x1949,0x1949,0x1949,0x1949,0x1949,0x1949,0x1949,
 0x1949,0x1949,0x194A,0x1929,0x196A,0x2C37,0x2D3B,0x2CDA,0x2CFA,0x2CDA,0x2CDA,0x2CDA,
 0x2CDA,0x2CDA,0x2CDA,0x2CDA,0x2CBA,0x2CBA,0x34DB,0x2C37,0x0020,0x0000,0x0000,0x0000,
 0x0000,0x0000,0x0000,0x0000,0x0000,0x0000,0x0000,0x0000,0x0000,0x0000,0x0000,0x0000,
 0x0000,0x0000,0x0000,0x0000,0x0000,0x0000,0x0000,0x0000,0x0000,0x0000,0x0000,0x0000,
 0x0000,0x0000,0x0000,0x0000,0x0000,0x0000,0x0000,0x0000,0x0000,0x0000,0x0000,0x0000,
 0x0000,0x0000,0x0000,0x0000,0x0000,0x0000,0x0000,0x0000,0x0000,0x0000,0x0000,0x0000,
 0x0000,0x0000,0x0000,0x0000,0x0000,0x0000,0x0000,0x0000,0x0000,0x0000,0x0000,0x10E7,
 0x214A,0x1949,0x1949,0x1949,0x1949,0x1949,0x1949,0x1949,0x216A,0x08C8,0xA516,0xFFFF,
 0xFFFF,0xFFFF,0xFFFF,0xFFFF,0xFFFF,0xFFFF,0xFFFF,0xFFFF,0xFFFF,0xFFFF,0xFFFF,0xFFFF,
 0xFFFF,0xFFFF,0xFFFF,0xFFFF,0xFFFF,0xFFFF,0xFFFF,0xFFFF,0xFFFF,0xFFFF,0xFFFF,0xFFFF,
 0xFFFF,0xFFFF,0x8C54,0x08C8,0x216A,0x194A,0x1949,0x1949,0x1949,0x1949,0x1949,0x1949,
 0x1949,0x1949,0x194A,0x1949,0x10E9,0xA537,0xFFFF,0xFFFF,0xFFFF,0xFFFF,0xFFFF,0xFFFF,
 0xFFFF,0xFFFF,0xFFFF,0xFFFF,0xFFFF,0xFFFF,0xFFFF,0xFFFF,0xFFFF,0xFFFF,0xFFFF,0xFFFF,
 0xFFFF,0xFFFF,0xFFFF,0xFFFF,0xFFFF,0xFFFF,0xFFFF,0xFFFF,0xFFFF,0xFFFF,0xFFFF,0xFFFF,
 0xFFFF,0xFFFF,0xFFFF,0xFFFF,0xFFFF,0xFFFF,0xFFFF,0xFFFF,0xFFFF,0xFFFF,0xFFFF,0xFFFF,
 0xFFFF,0xFFFF,0xFFFF,0xFFFF,0xFFFF,0xFFFF,0xFFFF,0xFFFF,0xFFFF,0xFFFF,0xF7BF,0x52CF,
 0x08C8,0x216A,0x1949,0x1949,0x1949,0x1949,0x1949,0x1949,0x1949,0x1949,0x1949,0x194A,
 0x1929,0x196B,0x2C37,0x2D1B,0x2CDA,0x2CDA,0x2CDA,0x2CDA,0x2CDA,0x2CDA,0x2CDA,0x2CBA,
 0x2CBA,0x2CBA,0x34DB,0x2C37,0x0020,0x0000,0x0000,0x0000,0x0000,0x0000,0x0000,0x0000,
 0x0000,0x0000,0x0000,0x0000,0x0000,0x0000,0x0000,0x0000,0x0000,0x0000,0x0000,0x0000,
 0x0000,0x0000,0x0000,0x0000,0x0000,0x0000,0x0000,0x0000,0x0000,0x0000,0x0000,0x0000,
 0x0000,0x0000,0x0000,0x0000,0x0000,0x0000,0x0000,0x0000,0x0000,0x0000,0x0000,0x0000,
 0x0000,0x0000,0x0000,0x0000,0x0000,0x0000,0x0000,0x0000,0x0000,0x0000,0x0000,0x0000,
 0x0000,0x0000,0x0000,0x0000,0x0000,0x0000,0x0021,0x1949,0x1949,0x1949,0x1949,0x1949,
 0x1949,0x1949,0x1949,0x194A,0x1949,0x216A,0xE73D,0xFFFF,0xFFFF,0xFFFF,0xFFFF,0xFFFF,
 0xFFFF,0xFFFF,0xFFFF,0xFFFF,0xFFFF,0xFFFF,0xFFFF,0xFFFF,0xFFFF,0xFFFF,0xFFFF,0xFFFF,
 0xFFFF,0xFFFF,0xFFFF,0xFFFF,0xFFFF,0xFFFF,0xFFFF,0xFFFF,0xFFFF,0xFFFF,0xFFFF,0x8C54,
 0x08C8,0x216A,0x194A,0x1949,0x1949,0x1949,0x1949,0x1949,0x1949,0x1949,0x1949,0x214A,
 0x1949,0x10E9,0xA537,0xFFFF,0xFFDF,0xFFFF,0xFFFF,0xFFFF,0xFFFF,0xFFFF,0xFFFF,0xFFFF,
 0xFFFF,0xFFFF,0xFFFF,0xFFFF,0xFFFF,0xFFFF,0xFFFF,0xFFFF,0xFFFF,0xFFFF,0xFFFF,0xFFFF,
 0xFFFF,0xFFFF,0xFFFF,0xFFFF,0xFFFF,0xFFFF,0xFFFF,0xFFFF,0xFFFF,0xFFFF,0xFFFF,0xFFFF,
 0xFFFF,0xFFFF,0xFFFF,0xFFFF,0xFFFF,0xFFFF,0xFFFF,0xFFFF,0xFFFF,0xFFFF,0xFFFF,0xFFFF,
 0xFFFF,0xFFFF,0xFFFF,0xFFFF,0xFFFF,0xFFFF,0xFFFF,0xF79F,0x52CF,0x08C8,0x216A,0x1949,
 0x1949,0x1949,0x1949,0x1949,0x1949,0x1949,0x1949,0x1949,0x194A,0x1929,0x196B,0x2C37,
 0x2D1B,0x2CDA,0x2CDA,0x2CDA,0x2CDA,0x2CDA,0x2CDA,0x2CBA,0x2CBA,0x34BA,0x34DB,0x2C37,
 0x0020,0x0000,0x0000,0x0000,0x0000,0x0000,0x0000,0x0000,0x0000,0x0000,0x0000,0x0000,
 0x0000,0x0000,0x0000,0x0000,0x0000,0x0000,0x0000,0x0000,0x0000,0x0000,0x0000,0x0000,
 0x0000,0x0000,0x0000,0x0000,0x0000,0x0000,0x0000,0x0000,0x0000,0x0000,0x0000,0x0000,
 0x0000,0x0000,0x0000,0x0000,0x0000,0x0000,0x0000,0x0000,0x0000,0x0000,0x0000,0x0000,
 0x0000,0x0000,0x0000,0x0000,0x0000,0x0000,0x0000,0x0000,0x0000,0x0000,0x0000,0x0000,
 0x0000,0x0000,0x0884,0x216A,0x1929,0x1949,0x1949,0x1949,0x1949,0x1949,0x1949,0x216A,
 0x10E8,0x6330,0xFFFF,0xFFFF,0xFFFF,0xFFFF,0xFFFF,0xFFFF,0xFFFF,0xFFFF,0xFFFF,0xFFFF,
 0xFFFF,0xFFFF,0xFFFF,0xFFFF,0xFFFF,0xFFFF,0xFFFF,0xFFFF,0xFFFF,0xFFFF,0xFFFF,0xFFFF,
 0xFFFF,0xFFFF,0xFFFF,0xFFFF,0xFFFF,0xFFFF,0xFFFF,0xFFFF,0x8C54,0x08C8,0x216A,0x194A,
 0x1949,0x1949,0x1949,0x1949,0x1949,0x1949,0x1949,0x1949,0x214A,0x1949,0x10E9,0xA537,
 0xFFFF,0xFFDF,0xFFFF,0xFFFF,0xFFFF,0xFFFF,0xFFFF,0xFFFF,0xFFFF,0xFFFF,0xFFFF,0xFFFF,
 0xFFFF,0xFFFF,0xFFFF,0xFFFF,0xFFFF,0xFFFF,0xFFFF,0xFFFF,0xFFFF,0xFFFF,0xFFFF,0xFFFF,
 0xFFFF,0xFFFF,0xFFFF,0xFFFF,0xFFFF,0xFFFF,0xFFFF,0xFFFF,0xFFFF,0xFFFF,0xFFFF,0xFFFF,
 0xFFFF,0xFFFF,0xFFFF,0xFFFF,0xFFFF,0xFFFF,0xFFFF,0xFFFF,0xFFFF,0xFFFF,0xFFFF,0xFFFF,
 0xFFFF,0xFFFF,0xFFFF,0xFFFF,0xFFDF,0x5B10,0x1108,0x214A,0x1949,0x1949,0x1949,0x1949,
 0x1949,0x1949,0x1949,0x1949,0x1949,0x194A,0x1929,0x196B,0x2C17,0x2D1B,0x2CBA,0x2CDA,
 0x2CDA,0x2CDA,0x2CBA,0x2CBA,0x34BA,0x34BA,0x34DB,0x2C37,0x0020,0x0000,0x0000,0x0000,
 0x0000,0x0000,0x0000,0x0000,0x0000,0x0000,0x0000,0x0000,0x0000,0x0000,0x0000,0x0000,
 0x0000,0x0000,0x0000,0x0000,0x0000,0x0000,0x0000,0x0000,0x0000,0x0000,0x0000,0x0000,
 0x0000,0x0000,0x0000,0x0000,0x0000,0x0000,0x0000,0x0000,0x0000,0x0000,0x0000,0x0000,
 0x0000,0x0000,0x0000,0x0000,0x0000,0x0000,0x0000,0x0000,0x0000,0x0000,0x0000,0x0000,
 0x0000,0x0000,0x0000,0x0000,0x0000,0x0000,0x0000,0x0000,0x0000,0x0000,0x1107,0x194A,
 0x1949,0x1949,0x1949,0x1949,0x1949,0x1949,0x1949,0x216A,0x10E8,0xB578,0xFFFF,0xFFFF,
 0xFFFF,0xFFFF,0xFFFF,0xFFFF,0xFFFF,0xFFFF,0xFFDF,0xFFFF,0xFFFF,0xFFFF,0xFFFF,0xFFFF,
 0xFFFF,0xFFFF,0xFFFF,0xFFFF,0xFFFF,0xFFFF,0xFFFF,0xFFFF,0xFFFF,0xFFFF,0xFFFF,0xFFFF,
 0xFFFF,0xFFFF,0xFFFF,0xFFFF,0xFFFF,0x8C54,0x08C8,0x216A,0x194A,0x1949,0x1949,0x1949,
 0x1949,0x1949,0x1949,0x1949,0x1949,0x214A,0x1949,0x10E9,0xA537,0xFFFF,0xFFDF,0xFFFF,
 0xFFFF,0xFFFF,0xFFFF,0xFFFF,0xFFFF,0xFFFF,0xFFFF,0xFFFF,0xFFFF,0xFFFF,0xFFFF,0xFFFF,
 0xFFFF,0xFFFF,0xFFFF,0xFFFF,0xFFFF,0xFFFF,0xFFFF,0xFFFF,0xFFFF,0xFFFF,0xFFFF,0xFFFF,
 0xFFFF,0xFFFF,0xFFFF,0xFFFF,0xFFFF,0xFFFF,0xFFFF,0xFFFF,0xFFFF,0xFFFF,0xFFFF,0xFFFF,
 0xFFFF,0xFFFF,0xFFFF,0xFFFF,0xFFFF,0xFFFF,0xFFFF,0xFFFF,0xFFFF,0xFFFF,0xFFFF,0xFFDF,
 0xF79E,0xDEDC,0x3A0D,0x1929,0x194A,0x1949,0x1949,0x1949,0x1949,0x1949,0x1949,0x1949,
 0x1949,0x1949,0x194A,0x1929,0x196B,0x2C37,0x2CFB,0x2CBA,0x2CDA,0x2CBA,0x2CBA,0x34BA,
 0x34BA,0x34BA,0x34DB,0x2C17,0x0020,0x0000,0x0000,0x0000,0x0000,0x0000,0x0000,0x0000,
 0x0000,0x0000,0x0000,0x0000,0x0000,0x0000,0x0000,0x0000,0x0000,0x0000,0x0000,0x0000,
 0x0000,0x0000,0x0000,0x0000,0x0000,0x0000,0x0000,0x0000,0x0000,0x0000,0x0000,0x0000,
 0x0000,0x0000,0x0000,0x0000,0x0000,0x0000,0x0000,0x0000,0x0000,0x0000,0x0000,0x0000,
 0x0000,0x0000,0x0000,0x0000,0x0000,0x0000,0x0000,0x0000,0x0000,0x0000,0x0000,0x0000,
 0x0000,0x0000,0x0000,0x0000,0x0000,0x0042,0x1949,0x1949,0x1949,0x1949,0x1949,0x1949,
 0x1949,0x1949,0x194A,0x1929,0x31AB,0xF77E,0xFFFF,0xFFFF,0xFFFF,0xFFFF,0xFFFF,0xE6FD,
 0x8433,0x4A8E,0x422D,0x52AF,0x8C54,0xE73D,0xFFFF,0xFFFF,0xFFFF,0xFFFF,0xFFFF,0xFFFF,
 0xFFFF,0xFFFF,0xFFFF,0xFFFF,0xFFFF,0xFFFF,0xFFFF,0xFFFF,0xFFFF,0xFFFF,0xFFFF,0xFFFF,
 0xFFFF,0xFFFF,0x8C54,0x08C8,0x216A,0x1949,0x1949,0x1949,0x1949,0x1949,0x1949,0x1949,
 0x1949,0x1949,0x214A,0x1949,0x10E9,0xA537,0xFFFF,0xFFDF,0xFFFF,0xFFFF,0xFFFF,0xFFFF,
 0xFFFF,0xFFFF,0xFFFF,0xFFFF,0xFFFF,0xFFFF,0xFFFF,0xFFFF,0xFFFF,0xFFFF,0xFFFF,0xFFFF,
 0xFFFF,0xFFFF,0xFFFF,0xFFFF,0xFFFF,0xFFFF,0xFFFF,0xFFFF,0xFFFF,0xFFFF,0xFFFF,0xFFFF,
 0xFFFF,0xFFFF,0xFFFF,0xFFFF,0xFFFF,0xFFFF,0xFFFF,0xFFFF,0xFFFF,0xFFDF,0xEF7E,0xDEFC,
 0xCE7B,0xBDF9,0xA557,0x94B5,0x7C13,0x6B71,0x52CF,0x424D,0x31CC,0x298B,0x216A,0x1949,
 0x1949,0x1949,0x1949,0x1949,0x1949,0x1949,0x1949,0x1949,0x1949,0x1949,0x1949,0x194A,
 0x1929,0x19AC,0x2CBA,0x2CDA,0x2CBA,0x2CBA,0x2CBA,0x34BA,0x34BA,0x34BA,0x34DB,0x2C17,
 0x0020,0x0000,0x0000,0x0000,0x0000,0x0000,0x0000,0x0000,0x0000,0x0000,0x0000,0x0000,
 0x0000,0x0000,0x0000,0x0000,0x0000,0x0000,0x0000,0x0000,0x0000,0x0000,0x0000,0x0000,
 0x0000,0x0000,0x0000,0x0000,0x0000,0x0000,0x0000,0x0000,0x0000,0x0000,0x0000,0x0000,
 0x0000,0x0000,0x0000,0x0000,0x0000,0x0000,0x0000,0x0000,0x0000,0x0000,0x0000,0x0000,
 0x0000,0x0000,0x0000,0x0000,0x0000,0x0000,0x0000,0x0000,0x0000,0x0000,0x0000,0x0000,
 0x0000,0x10A5,0x216A,0x1929,0x1949,0x1949,0x1949,0x1949,0x1949,0x1949,0x216A,0x08C8,
 0x73B2,0xFFFF,0xFFFF,0xFFFF,0xFFFF,0xFFFF,0xAD57,0x214A,0x08C8,0x1108,0x1109,0x1108,
 0x08C8,0x298B,0xBDD9,0xFFFF,0xFFFF,0xFFFF,0xFFFF,0xFFFF,0xFFFF,0xFFFF,0xFFFF,0xFFFF,
 0xFFFF,0xFFFF,0xFFFF,0xFFFF,0xFFFF,0xFFFF,0xFFFF,0xFFFF,0xFFFF,0xFFFF,0xFFFF,0x8C54,
 0x08C8,0x216A,0x194A,0x1949,0x1949,0x1949,0x1949,0x1949,0x1949,0x1949,0x1949,0x214A,
 0x1949,0x10E9,0xAD57,0xFFFF,0xFFDF,0xFFFF,0xFFFF,0xFFFF,0xFFFF,0xFFFF,0xFFFF,0xFFFF,
 0xFFFF,0xFFFF,0xFFFF,0xFFFF,0xFFFF,0xFFFF,0xFFFF,0xFFFF,0xFFFF,0xFFFF,0xFFFF,0xFFFF,
 0xFFFF,0xFFFF,0xFFFF,0xFFFF,0xFFFF,0xFFFF,0xFFFF,0xF7BF,0xEF5D,0xDEDC,0xC63A,0xB5B8,
 0xA516,0x8C74,0x73D2,0x6330,0x4A8E,0x3A2D,0x29AB,0x216A,0x1929,0x10E9,0x10C8,0x08C8,
 0x08C8,0x10E8,0x10E8,0x1109,0x1929,0x1929,0x1949,0x1949,0x1949,0x1949,0x1949,0x1949,
 0x1949,0x1949,0x1949,0x1949,0x1949,0x1949,0x1949,0x1949,0x196A,0x1908,0x2354,0x34FB,
 0x2CBA,0x2CBA,0x34BA,0x34BA,0x34BA,0x349A,0x34DB,0x2C17,0x0020,0x0000,0x0000,0x0000,
 0x0000,0x0000,0x0000,0x0000,0x0000,0x0000,0x0000,0x0000,0x0000,0x0000,0x0000,0x0000,
 0x0000,0x0000,0x0000,0x0000,0x0000,0x0000,0x0000,0x0000,0x0000,0x0000,0x0000,0x0000,
 0x0000,0x0000,0x0000,0x0000,0x0000,0x0000,0x0000,0x0000,0x0000,0x0000,0x0000,0x0000,
 0x0000,0x0000,0x0000,0x0000,0x0000,0x0000,0x0000,0x0000,0x0000,0x0000,0x0000,0x0000,
 0x0000,0x0000,0x0000,0x0000,0x0000,0x0000,0x0000,0x0000,0x0000,0x1908,0x194A,0x1949,
 0x1949,0x1949,0x1949,0x1949,0x1949,0x1949,0x214A,0x10E9,0xC5F9,0xFFFF,0xFFFF,0xFFFF,
 0xFFFF,0xB5B9,0x10E8,0x1929,0x216A,0x214A,0x214A,0x214A,0x216A,0x1929,0x1909,0xC63A,
 0xFFFF,0xFFFF,0xFFFF,0xFFFF,0xFFFF,0xFFFF,0xFFFF,0xFFFF,0xFFFF,0xFFFF,0xFFFF,0xFFFF,
 0xFFFF,0xFFFF,0xFFFF,0xFFFF,0xFFFF,0xFFFF,0xFFFF,0xFFFF,0x8454,0x08C8,0x216A,0x194A,
 0x1949,0x1949,0x1949,0x1949,0x1949,0x1949,0x1949,0x1949,0x214A,0x1949,0x10E9,0xAD37,
 0xFFFF,0xFFDF,0xFFFF,0xFFFF,0xFFFF,0xFFFF,0xFFFF,0xFFFF,0xFFFF,0xFFFF,0xFFFF,0xFFFF,
 0xFFFF,0xFFFF,0xFFFF,0xFFFF,0xFFDF,0xF79E,0xE71D,0xD69B,0xC619,0xAD78,0x94D5,0x8434,
 0x6B91,0x5AEF,0x426E,0x31EC,0x298B,0x194A,0x1109,0x10E8,0x08C8,0x08C8,0x08C8,0x10E8,
 0x1108,0x1109,0x1929,0x1949,0x1949,0x214A,0x216A,0x216A,0x216A,0x216A,0x214A,0x214A,
 0x194A,0x194A,0x1949,0x1949,0x1949,0x1949,0x1949,0x1949,0x1949,0x1949,0x1949,0x1949,
 0x1949,0x1949,0x1949,0x1949,0x194A,0x1908,0x2270,0x34FB,0x2CBA,0x34BA,0x34BA,0x34BA,
 0x34BA,0x349A,0x34BA,0x2C17,0x0020,0x0000,0x0000,0x0000,0x0000,0x0000,0x0000,0x0000,
 0x0000,0x0000,0x0000,0x0000,0x0000,0x0000,0x0000,0x0000,0x0000,0x0000,0x0000,0x0000,
 0x0000,0x0000,0x0000,0x0000,0x0000,0x0000,0x0000,0x0000,0x0000,0x0000,0x0000,0x0000,
 0x0000,0x0000,0x0000,0x0000,0x0000,0x0000,0x0000,0x0000,0x0000,0x0000,0x0000,0x0000,
 0x0000,0x0000,0x0000,0x0000,0x0000,0x0000,0x0000,0x0000,0x0000,0x0000,0x0000,0x0000,
 0x0000,0x0000,0x0000,0x0000,0x0842,0x194A,0x1949,0x1949,0x1949,0x1949,0x1949,0x1949,
 0x1949,0x214A,0x1109,0x3A0D,0xF7BF,0xFFFF,0xFFFF,0xFFFF,0xF79E,0x31EC,0x1109,0x216A,
 0x1949,0x1949,0x1949,0x1949,0x1949,0x216A,0x1108,0x4A6E,0xFFDF,0xFFFF,0xFFFF,0xFFFF,
 0xFFFF,0xFFFF,0xFFFF,0xFFFF,0xFFFF,0xFFFF,0xFFFF,0xFFFF,0xFFFF,0xFFFF,0xFFFF,0xFFFF,
 0xFFFF,0xFFFF,0xFFFF,0xFFFF,0xFFFF,0x8454,0x08C8,0x216A,0x194A,0x1949,0x1949,0x1949,
 0x1949,0x1949,0x1949,0x1949,0x1949,0x214A,0x1949,0x10E9,0xA537,0xFFFF,0xFFFF,0xFFFF,
 0xFFFF,0xFFFF,0xFFBF,0xEF5E,0xDEFC,0xCE7B,0xBDD9,0xA537,0x8C95,0x7BF3,0x6351,0x52CF,
 0x422D,0x31CC,0x216A,0x1929,0x10E9,0x10E8,0x08C8,0x08C8,0x10E8,0x10E8,0x1109,0x1929,
 0x1929,0x1949,0x194A,0x216A,0x216A,0x216A,0x216A,0x216A,0x214A,0x214A,0x194A,0x194A,
 0x1949,0x1949,0x1949,0x1949,0x1949,0x1949,0x1949,0x1949,0x1949,0x1949,0x1949,0x1949,
 0x1949,0x1949,0x1949,0x1949,0x1949,0x1949,0x1949,0x1949,0x1949,0x1949,0x1949,0x1949,
 0x194A,0x1908,0x224F,0x2CFB,0x34BA,0x34BA,0x34BA,0x34BA,0x34BA,0x3499,0x34BA,0x2C17,
 0x0020,0x0000,0x0000,0x0000,0x0000,0x0000,0x0000,0x0000,0x0000,0x0000,0x0000,0x0000,
 0x0000,0x0000,0x0000,0x0000,0x0000,0x0000,0x0000,0x0000,0x0000,0x0000,0x0000,0x0000,
 0x0000,0x0000,0x0000,0x0000,0x0000,0x0000,0x0000,0x0000,0x0000,0x0000,0x0000,0x0000,
 0x0000,0x0000,0x0000,0x0000,0x0000,0x0000,0x0000,0x0000,0x0000,0x0000,0x0000,0x0000,
 0x0000,0x0000,0x0000,0x0000,0x0000,0x0000,0x0000,0x0000,0x0000,0x0000,0x0000,0x0000,
 0x10C6,0x216A,0x1929,0x1949,0x1949,0x1949,0x1949,0x1949,0x1949,0x216A,0x08C8,0x8434,
 0xFFFF,0xFFFF,0xFFFF,0xFFFF,0xB5B8,0x10E8,0x216A,0x1949,0x1949,0x1949,0x1949,0x1949,
 0x1949,0x1949,0x214A,0x1109,0xCE5A,0xFFFF,0xFFFF,0xFFFF,0xFFFF,0xFFFF,0xFFFF,0xFFFF,
 0xFFFF,0xFFFF,0xFFFF,0xFFFF,0xFFFF,0xFFFF,0xFFFF,0xFFFF,0xFFFF,0xFFFF,0xFFFF,0xFFFF,
 0xFFFF,0xFFFF,0x8454,0x08C8,0x216A,0x194A,0x1949,0x1949,0x1949,0x1949,0x1949,0x1949,
 0x1949,0x1949,0x214A,0x1949,0x1929,0x8434,0x8C74,0x73B2,0x5B10,0x4A8E,0x3A0C,0x29AB,
 0x214A,0x1909,0x10E8,0x10C8,0x08C8,0x08C8,0x10E8,0x10E8,0x1109,0x1929,0x1949,0x1949,
 0x214A,0x216A,0x216A,0x216A,0x216A,0x214A,0x214A,0x194A,0x194A,0x1949,0x1949,0x1949,
 0x1949,0x1949,0x1949,0x1949,0x1949,0x1949,0x1949,0x1949,0x1949,0x1949,0x1949,0x1949,
 0x1949,0x1949,0x1949,0x1949,0x1949,0x1949,0x1949,0x1949,0x1949,0x1949,0x1949,0x1949,
 0x1949,0x1949,0x1949,0x1949,0x1949,0x1949,0x1949,0x1949,0x194A,0x1908,0x22D1,0x34FB,
 0x34BA,0x34BA,0x34BA,0x34BA,0x34BA,0x3499,0x34BA,0x2C17,0x0020,0x0000,0x0000,0x0000,
 0x0000,0x0000,0x0000,0x0000,0x0000,0x0000,0x0000,0x0000,0x0000,0x0000,0x0000,0x0000,
 0x0000,0x0000,0x0000,0x0000,0x0000,0x0000,0x0000,0x0000,0x0000,0x0000,0x0000,0x0000,
 0x0000,0x0000,0x0000,0x0000,0x0000,0x0000,0x0000,0x0000,0x0000,0x0000,0x0000,0x0000,
 0x0000,0x0000,0x0000,0x0000,0x0000,0x0000,0x0000,0x0000,0x0000,0x0000,0x0000,0x0000,
 0x0000,0x0000,0x0000,0x0000,0x0000,0x0000,0x0000,0x0000,0x1928,0x194A,0x1949,0x1949,
 0x1949,0x1949,0x1949,0x1949,0x1949,0x1949,0x1909,0xCE7B,0xFFFF,0xFFFF,0xFFFF,0xFFFF,
 0x8C74,0x08C8,0x216A,0x1949,0x1949,0x1949,0x1949,0x1949,0x1949,0x1949,0x216A,0x10C8,
 0x9D16,0xFFFF,0xFFFF,0xFFFF,0xFFFF,0xFFFF,0xFFFF,0xFFFF,0xFFFF,0xFFFF,0xFFFF,0xFFFF,
 0xFFFF,0xFFFF,0xFFFF,0xFFFF,0xFFFF,0xFFFF,0xFFFF,0xFFFF,0xFFFF,0xFFFF,0xFFFF,0x8434,
 0x08C8,0x216A,0x194A,0x1949,0x1949,0x1949,0x1949,0x1949,0x1949,0x1949,0x1949,0x194A,
 0x1949,0x10E8,0x08C8,0x08C8,0x10E8,0x1108,0x1109,0x1929,0x1949,0x194A,0x214A,0x216A,
 0x216A,0x216A,0x216A,0x214A,0x214A,0x194A,0x194A,0x1949,0x1949,0x1949,0x1949,0x1949,
 0x1949,0x1949,0x1949,0x1949,0x1949,0x1949,0x1949,0x1949,0x1949,0x1949,0x1949,0x1949,
 0x1949,0x1949,0x1949,0x1949,0x1949,0x1949,0x1949,0x1949,0x1949,0x1949,0x1949,0x1949,
 0x1949,0x1949,0x1949,0x1949,0x1949,0x1949,0x1949,0x1949,0x1949,0x1949,0x1949,0x1949,
 0x1949,0x1949,0x1949,0x1949,0x1949,0x1929,0x2BF7,0x34DB,0x34BA,0x34BA,0x34BA,0x34BA,
 0x349A,0x3499,0x34BA,0x2C17,0x0020,0x0000,0x0000,0x0000,0x0000,0x0000,0x0000,0x0000,
 0x0000,0x0000,0x0000,0x0000,0x0000,0x0000,0x0000,0x0000,0x0000,0x0000,0x0000,0x0000,
 0x0000,0x0000,0x0000,0x0000,0x0000,0x0000,0x0000,0x0000,0x0000,0x0000,0x0000,0x0000,
 0x0000,0x0000,0x0000,0x0000,0x0000,0x0000,0x0000,0x0000,0x0000,0x0000,0x0000,0x0000,
 0x0000,0x0000,0x0000,0x0000,0x0000,0x0000,0x0000,0x0000,0x0000,0x0000,0x0000,0x0000,
 0x0000,0x0000,0x0000,0x0863,0x214A,0x1949,0x1949,0x1949,0x1949,0x1949,0x1949,0x1949,
 0x214A,0x1109,0x4A6E,0xFFDF,0xFFFF,0xFFFF,0xFFFF,0xFFFF,0x8434,0x08C8,0x216A,0x1949,
 0x1949,0x1949,0x1949,0x1949,0x1949,0x1949,0x216A,0x10C8,0x9CD6,0xFFFF,0xFFFF,0xFFFF,
 0xFFFF,0xFFFF,0xFFFF,0xFFFF,0xFFFF,0xFFFF,0xFFFF,0xFFFF,0xFFFF,0xFFFF,0xFFFF,0xFFFF,
 0xFFFF,0xFFFF,0xFFFF,0xFFFF,0xFFFF,0xFFFF,0xFFFF,0xFFFF,0x8434,0x08C8,0x216A,0x194A,
 0x1949,0x1949,0x1949,0x1949,0x1949,0x1949,0x1949,0x1949,0x1949,0x216A,0x216A,0x216A,
 0x216A,0x214A,0x214A,0x194A,0x1949,0x1949,0x1949,0x1949,0x1949,0x1949,0x1949,0x1949,
 0x1949,0x1949,0x1949,0x1949,0x1949,0x1949,0x1949,0x1949,0x1949,0x1949,0x1949,0x1949,
 0x1949,0x1949,0x1949,0x1949,0x1949,0x1949,0x1949,0x1949,0x1949,0x1949,0x1949,0x1949,
 0x1949,0x1949,0x1949,0x1949,0x1949,0x1949,0x1949,0x1949,0x1949,0x1949,0x1949,0x1949,
 0x1949,0x1949,0x1949,0x1949,0x1949,0x1949,0x1949,0x1949,0x1949,0x1949,0x1949,0x194A,
 0x1929,0x21CC,0x2CBA,0x34BA,0x34BA,0x34BA,0x34BA,0x349A,0x349A,0x3499,0x34BA,0x2C17,
 0x0020,0x0000,0x0000,0x0000,0x0000,0x0000,0x0000,0x0000,0x0000,0x0000,0x0000,0x0000,
 0x0000,0x0000,0x0000,0x0000,0x0000,0x0000,0x0000,0x0000,0x0000,0x0000,0x0000,0x0000,
 0x0000,0x0000,0x0000,0x0000,0x0000,0x0000,0x0000,0x0000,0x0000,0x0000,0x0000,0x0000,
 0x0000,0x0000,0x0000,0x0000,0x0000,0x0000,0x0000,0x0000,0x0000,0x0000,0x0000,0x0000,
 0x0000,0x0000,0x0000,0x0000,0x0000,0x0000,0x0000,0x0000,0x0000,0x0000,0x0000,0x10E6,
 0x214A,0x1929,0x1949,0x1949,0x1949,0x1949,0x1949,0x1949,0x216A,0x08C8,0x94B5,0xFFFF,
 0xFFFF,0xFFFF,0xFFFF,0xFFFF,0xA516,0x08C8,0x216A,0x1949,0x1949,0x1949,0x1949,0x1949,
 0x1949,0x1949,0x216A,0x10E8,0xBDD9,0xFFFF,0xFFFF,0xFFFF,0xFFFF,0xFFFF,0xFFFF,0xFFFF,
 0xFFFF,0xFFFF,0xFFFF,0xFFFF,0xFFFF,0xFFFF,0xFFFF,0xFFFF,0xFFFF,0xFFFF,0xFFFF,0xFFFF,
 0xFFFF,0xFFFF,0xFFFF,0xFFFF,0xFFFF,0x8454,0x08C8,0x216A,0x194A,0x1949,0x1949,0x1949,
 0x1949,0x1949,0x1949,0x1949,0x1949,0x1949,0x1949,0x1949,0x1949,0x1949,0x1949,0x1949,
 0x1949,0x1949,0x1949,0x1949,0x1949,0x1949,0x1949,0x1949,0x1949,0x1949,0x1949,0x1949,
 0x1949,0x1949,0x1949,0x1949,0x1949,0x1949,0x1949,0x1949,0x1949,0x1949,0x1949,0x1949,
 0x1949,0x1949,0x1949,0x1949,0x1949,0x1949,0x1949,0x1949,0x1949,0x1949,0x1949,0x1949,
 0x1949,0x1949,0x1949,0x1949,0x1949,0x1949,0x1949,0x1949,0x1949,0x1949,0x1949,0x1949,
 0x1949,0x1949,0x1949,0x1949,0x1949,0x1949,0x1949,0x194A,0x1908,0x22F2,0x34FB,0x349A,
 0x34BA,0x34BA,0x349A,0x349A,0x349A,0x3499,0x34BA,0x2C16,0x0020,0x0000,0x0000,0x0000,
 0x0000,0x0000,0x0000,0x0000,0x0000,0x0000,0x0000,0x0000,0x0000,0x0000,0x0000,0x0000,
 0x0000,0x0000,0x0000,0x0000,0x0000,0x0000,0x0000,0x0000,0x0000,0x0000,0x0000,0x0000,
 0x0000,0x0000,0x0000,0x0000,0x0000,0x0000,0x0000,0x0000,0x0000,0x0000,0x0000,0x0000,
 0x0000,0x0000,0x0000,0x0000,0x0000,0x0000,0x0000,0x0000,0x0000,0x0000,0x0000,0x0000,
 0x0000,0x0000,0x0000,0x0000,0x0000,0x0000,0x0021,0x1929,0x194A,0x1949,0x1949,0x1949,
 0x1949,0x1949,0x1949,0x1949,0x1949,0x214A,0xDEDC,0xFFFF,0xFFFF,0xFFFF,0xFFFF,0xFFFF,
 0xE71D,0x216A,0x1949,0x194A,0x1949,0x1949,0x1949,0x1949,0x1949,0x214A,0x1929,0x31CC,
 0xF77E,0xFFFF,0xFFFF,0xFFFF,0xFFFF,0xFFFF,0xFFFF,0xFFFF,0xFFFF,0xFFFF,0xFFFF,0xFFFF,
 0xFFFF,0xFFFF,0xFFFF,0xFFFF,0xFFFF,0xFFFF,0xFFFF,0xFFFF,0xFFFF,0xFFFF,0xFFFF,0xFFFF,
 0xFFFF,0xFFFF,0x8434,0x08C8,0x216A,0x194A,0x1949,0x1949,0x1949,0x1949,0x1949,0x1949,
 0x1949,0x1949,0x1949,0x1949,0x1949,0x1949,0x1949,0x1949,0x1949,0x1949,0x1949,0x1949,
 0x1949,0x1949,0x1949,0x1949,0x1949,0x1949,0x1949,0x1949,0x1949,0x1949,0x1949,0x1949,
 0x1949,0x1949,0x1949,0x1949,0x1949,0x1949,0x1949,0x1949,0x1949,0x1949,0x1949,0x1949,
 0x1949,0x1949,0x1949,0x1949,0x1949,0x1949,0x1949,0x1949,0x194A,0x214A,0x214A,0x216A,
 0x216A,0x216A,0x216A,0x216A,0x194A,0x1949,0x1949,0x1949,0x1949,0x1949,0x1949,0x1949,
 0x1949,0x1949,0x1949,0x1949,0x1949,0x2C17,0x34DB,0x349A,0x34BA,0x349A,0x349A,0x349A,
 0x349A,0x3499,0x34BA,0x2C16,0x0020,0x0000,0x0000,0x0000,0x0000,0x0000,0x0000,0x0000,
 0x0000,0x0000,0x0000,0x0000,0x0000,0x0000,0x0000,0x0000,0x0000,0x0000,0x0000,0x0000,
 0x0000,0x0000,0x0000,0x0000,0x0000,0x0000,0x0000,0x0000,0x0000,0x0000,0x0000,0x0000,
 0x0000,0x0000,0x0000,0x0000,0x0000,0x0000,0x0000,0x0000,0x0000,0x0000,0x0000,0x0000,
 0x0000,0x0000,0x0000,0x0000,0x0000,0x0000,0x0000,0x0000,0x0000,0x0000,0x0000,0x0000,
 0x0000,0x0000,0x0884,0x216A,0x1949,0x1949,0x1949,0x1949,0x1949,0x1949,0x1949,0x214A,
 0x10E8,0x52CF,0xFFFF,0xFFFF,0xFFFF,0xFFFF,0xFFFF,0xFFFF,0xFFFF,0x8C95,0x08A7,0x216A,
 0x214A,0x1949,0x1949,0x194A,0x216A,0x216A,0x08A8,0xA537,0xFFFF,0xFFFF,0xFFFF,0xFFFF,
 0xFFFF,0xFFFF,0xFFFF,0xFFFF,0xFFFF,0xFFFF,0xFFFF,0xFFFF,0xFFFF,0xFFFF,0xFFFF,0xFFFF,
 0xFFFF,0xFFFF,0xFFFF,0xFFFF,0xFFFF,0xFFFF,0xFFFF,0xFFFF,0xFFFF,0xFFFF,0xFFFF,0x8434,
 0x08C8,0x1949,0x1949,0x1949,0x1949,0x1949,0x1949,0x1949,0x1949,0x1949,0x1949,0x1949,
 0x1949,0x1949,0x1949,0x1949,0x1949,0x1949,0x1949,0x1949,0x1949,0x1949,0x1949,0x1949,
 0x1949,0x1949,0x1949,0x1949,0x1949,0x1949,0x1949,0x1949,0x1949,0x1949,0x1949,0x1949,
 0x1949,0x1949,0x1949,0x1949,0x1949,0x194A,0x194A,0x214A,0x214A,0x216A,0x216A,0x216A,
 0x216A,0x214A,0x1949,0x1949,0x1929,0x1109,0x1108,0x10E8,0x08C8,0x08C8,0x08C8,0x10E8,
 0x1909,0x214A,0x1949,0x1949,0x1949,0x1949,0x1949,0x1949,0x1949,0x1949,0x194A,0x1929,
 0x21ED,0x34BA,0x34BA,0x34BA,0x34BA,0x349A,0x349A,0x349A,0x349A,0x3499,0x34BA,0x2C16,
 0x0020,0x0000,0x0000,0x0000,0x0000,0x0000,0x0000,0x0000,0x0000,0x0000,0x0000,0x0000,
 0x0000,0x0000,0x0000,0x0000,0x0000,0x0000,0x0000,0x0000,0x0000,0x0000,0x0000,0x0000,
 0x0000,0x0000,0x0000,0x0000,0x0000,0x0000,0x0000,0x0000,0x0000,0x0000,0x0000,0x0000,
 0x0000,0x0000,0x0000,0x0000,0x0000,0x0000,0x0000,0x0000,0x0000,0x0000,0x0000,0x0000,
 0x0000,0x0000,0x0000,0x0000,0x0000,0x0000,0x0000,0x0000,0x0000,0x0000,0x10E7,0x194A,
 0x1949,0x1949,0x1949,0x1949,0x1949,0x1949,0x1949,0x216A,0x10C8,0xA537,0xFFFF,0xFFFF,
 0xFFFF,0xFFFF,0xFFFF,0xFFFF,0xFFFF,0xFFDF,0x6B71,0x08A8,0x1109,0x1949,0x1949,0x1929,
 0x10E8,0x08C8,0x8433,0xFFFF,0xFFFF,0xFFFF,0xFFFF,0xFFFF,0xFFFF,0xFFFF,0xFFFF,0xFFFF,
 0xFFFF,0xFFFF,0xFFFF,0xFFFF,0xFFFF,0xFFFF,0xFFFF,0xFFFF,0xFFFF,0xFFFF,0xFFFF,0xFFFF,
 0xFFFF,0xFFFF,0xFFFF,0xFFFF,0xFFFF,0xFFFF,0xFFFF,0xFFFF,0x8434,0x1109,0x214A,0x1949,
 0x1949,0x1949,0x1949,0x1949,0x1949,0x1949,0x1949,0x1949,0x1949,0x1949,0x1949,0x1949,
 0x1949,0x1949,0x1949,0x1949,0x1949,0x1949,0x1949,0x1949,0x1949,0x1949,0x1949,0x1949,
 0x1949,0x1949,0x1949,0x194A,0x194A,0x214A,0x214A,0x216A,0x216A,0x216A,0x216A,0x214A,
 0x1949,0x1949,0x1929,0x1109,0x10E8,0x10E8,0x08C8,0x08C8,0x10C8,0x10E8,0x1909,0x214A,
 0x29AB,0x3A0C,0x4A8E,0x5B30,0x73B2,0x8C54,0x9CF6,0xB598,0xCE5B,0x4A8E,0x1109,0x214A,
 0x1949,0x1949,0x1949,0x1949,0x1949,0x1949,0x194A,0x1908,0x2333,0x34FB,0x349A,0x34BA,
 0x349A,0x349A,0x349A,0x349A,0x349A,0x3499,0x34BA,0x2C16,0x0020,0x0000,0x0000,0x0000,
 0x0000,0x0000,0x0000,0x0000,0x0000,0x0000,0x0000,0x0000,0x0000,0x0000,0x0000,0x0000,
 0x0000,0x0000,0x0000,0x0000,0x0000,0x0000,0x0000,0x0000,0x0000,0x0000,0x0000,0x0000,
 0x0000,0x0000,0x0000,0x0000,0x0000,0x0000,0x0000,0x0000,0x0000,0x0000,0x0000,0x0000,
 0x0000,0x0000,0x0000,0x0000,0x0000,0x0000,0x0000,0x0000,0x0000,0x0000,0x0000,0x0000,
 0x0000,0x0000,0x0000,0x0000,0x0000,0x0021,0x1949,0x1949,0x1949,0x1949,0x1949,0x1949,
 0x1949,0x1949,0x194A,0x1929,0x298B,0xEF3D,0xFFFF,0xFFFF,0xFFFF,0xFFFF,0xFFFF,0xFFFF,
 0xFFFF,0xFFFF,0xFFFF,0xA537,0x4A6E,0x216A,0x1929,0x298B,0x52CF,0xB598,0xFFFF,0xFFFF,
 0xFFFF,0xFFFF,0xFFFF,0xFFFF,0xFFFF,0xFFFF,0xFFFF,0xFFFF,0xFFFF,0xFFFF,0xFFFF,0xFFFF,
 0xFFFF,0xFFFF,0xFFFF,0xFFFF,0xFFFF,0xFFFF,0xFFFF,0xFFFF,0xFFFF,0xFFFF,0xFFFF,0xFFFF,
 0xFFFF,0xFFFF,0xFFFF,0xFFFF,0xFFFF,0x5AEF,0x10E8,0x214A,0x1949,0x1949,0x1949,0x1949,
 0x1949,0x1949,0x1949,0x1949,0x1949,0x1949,0x1949,0x1949,0x1949,0x1949,0x1949,0x1949,
 0x1949,0x194A,0x214A,0x214A,0x216A,0x216A,0x216A,0x216A,0x216A,0x194A,0x1949,0x1929,
 0x1929,0x1109,0x10E8,0x10E8,0x08C8,0x08C8,0x10E8,0x10E9,0x1929,0x216A,0x31CB,0x422D,
 0x52AF,0x6351,0x7BF3,0x8C95,0xA537,0xBDD9,0xCE7B,0xDEFC,0xEF5E,0xFFBF,0xFFFF,0xFFFF,
 0xFFFF,0xFFFF,0xFFFF,0xFFFF,0xEF7E,0x218A,0x1929,0x194A,0x1949,0x1949,0x1949,0x1949,
 0x1949,0x1949,0x1949,0x194A,0x2C38,0x34DA,0x349A,0x349A,0x349A,0x349A,0x349A,0x349A,
 0x349A,0x3479,0x349A,0x3416,0x0020,0x0000,0x0000,0x0000,0x0000,0x0000,0x0000,0x0000,
 0x0000,0x0000,0x0000,0x0000,0x0000,0x0000,0x0000,0x0000,0x0000,0x0000,0x0000,0x0000,
 0x0000,0x0000,0x0000,0x0000,0x0000,0x0000,0x0000,0x0000,0x0000,0x0000,0x0000,0x0000,
 0x0000,0x0000,0x0000,0x0000,0x0000,0x0000,0x0000,0x0000,0x0000,0x0000,0x0000,0x0000,
 0x0000,0x0000,0x0000,0x0000,0x0000,0x0000,0x0000,0x0000,0x0000,0x0000,0x0000,0x0000,
 0x0000,0x10A5,0x216A,0x1929,0x1949,0x1949,0x1949,0x1949,0x1949,0x1949,0x216A,0x10E8,
 0x6351,0xFFFF,0xFFFF,0xFFFF,0xFFFF,0xFFFF,0xFFFF,0xFFFF,0xFFFF,0xFFFF,0xFFFF,0xFFFF,
 0xFFFF,0xE6FD,0xD69B,0xE73D,0xFFFF,0xFFFF,0xFFFF,0xFFFF,0xFFFF,0xFFFF,0xFFFF,0xFFFF,
 0xFFFF,0xFFFF,0xFFFF,0xFFFF,0xFFFF,0xFFFF,0xFFFF,0xFFFF,0xFFFF,0xFFFF,0xFFFF,0xFFFF,
 0xFFFF,0xFFFF,0xFFFF,0xFFFF,0xFFFF,0xFFFF,0xFFFF,0xFFFF,0xFFFF,0xFFFF,0xFFFF,0xFFFF,
 0xF79E,0x3A0C,0x1929,0x194A,0x1949,0x1949,0x1949,0x1949,0x1949,0x1949,0x1949,0x194A,
 0x214A,0x214A,0x216A,0x216A,0x216A,0x216A,0x214A,0x194A,0x1949,0x1929,0x1109,0x1108,
 0x10E8,0x10C8,0x08C8,0x08C8,0x10E8,0x1109,0x192A,0x298B,0x31EC,0x426E,0x5AEF,0x6B91,
 0x8433,0x94B5,0xAD77,0xBDF9,0xD69B,0xE71D,0xF77E,0xFFDF,0xFFFF,0xFFFF,0xFFFF,0xFFFF,
 0xFFFF,0xFFFF,0xFFFF,0xFFFF,0xFFFF,0xFFFF,0xFFFF,0xFFFF,0xFFFF,0xFFFF,0xFFDF,0xFFFF,
 0x9CD6,0x08C8,0x216A,0x1949,0x1949,0x1949,0x1949,0x1949,0x1949,0x194A,0x1908,0x222E,
 0x34DB,0x349A,0x349A,0x349A,0x349A,0x349A,0x349A,0x349A,0x3499,0x3479,0x349A,0x33F6,
 0x0020,0x0000,0x0000,0x0000,0x0000,0x0000,0x0000,0x0000,0x0000,0x0000,0x0000,0x0000,
 0x0000,0x0000,0x0000,0x0000,0x0000,0x0000,0x0000,0x0000,0x0000,0x0000,0x0000,0x0000,
 0x0000,0x0000,0x0000,0x0000,0x0000,0x0000,0x0000,0x0000,0x0000,0x0000,0x0000,0x0000,
 0x0000,0x0000,0x0000,0x0000,0x0000,0x0000,0x0000,0x0000,0x0000,0x0000,0x0000,0x0000,
 0x0000,0x0000,0x0000,0x0000,0x0000,0x0000,0x0000,0x0000,0x0000,0x1908,0x194A,0x1949,
 0x1949,0x1949,0x1949,0x1949,0x1949,0x1949,0x216A,0x10E8,0xB5B8,0xFFFF,0xFFFF,0xFFFF,
 0xFFFF,0xFFFF,0xFFFF,0xFFFF,0xFFFF,0xFFFF,0xFFFF,0xFFFF,0xFFFF,0xFFFF,0xFFFF,0xFFFF,
 0xFFFF,0xFFFF,0xFFFF,0xFFFF,0xFFFF,0xFFFF,0xFFFF,0xFFFF,0xFFFF,0xFFFF,0xFFFF,0xFFFF,
 0xFFFF,0xFFFF,0xFFFF,0xFFFF,0xFFFF,0xFFFF,0xFFFF,0xFFFF,0xFFFF,0xFFFF,0xFFFF,0xFFFF,
 0xFFFF,0xFFFF,0xFFFF,0xFFFF,0xFFFF,0xFFFF,0xFFFF,0xFFFF,0xB5B8,0x10E8,0x216A,0x1949,
 0x1949,0x1949,0x1949,0x1949,0x1949,0x1949,0x194A,0x1929,0x1109,0x1108,0x10E8,0x08C8,
 0x08C8,0x10C8,0x10E8,0x1909,0x214A,0x29AB,0x3A0C,0x4A8E,0x5B10,0x73B2,0x8454,0x9CF6,
 0xB598,0xC63A,0xDEBC,0xE73D,0xF79F,0xFFFF,0xFFFF,0xFFFF,0xFFFF,0xFFFF,0xFFFF,0xFFFF,
 0xFFFF,0xFFFF,0xFFFF,0xFFFF,0xFFFF,0xFFFF,0xFFFF,0xFFFF,0xFFFF,0xFFFF,0xFFFF,0xFFFF,
 0xFFFF,0xFFFF,0xFFFF,0xFFFF,0xFFFF,0xFFFF,0xFFFF,0xFFFF,0x4AAE,0x1108,0x214A,0x1949,
 0x1949,0x1949,0x1949,0x1949,0x1949,0x194A,0x1909,0x2B54,0x34DB,0x349A,0x349A,0x349A,
 0x349A,0x349A,0x349A,0x3499,0x3499,0x3479,0x349A,0x33F6,0x0020,0x0000,0x0000,0x0000,
 0x0000,0x0000,0x0000,0x0000,0x0000,0x0000,0x0000,0x0000,0x0000,0x0000,0x0000,0x0000,
 0x0000,0x0000,0x0000,0x0000,0x0000,0x0000,0x0000,0x0000,0x0000,0x0000,0x0000,0x0000,
 0x0000,0x0000,0x0000,0x0000,0x0000,0x0000,0x0000,0x0000,0x0000,0x0000,0x0000,0x0000,
 0x0000,0x0000,0x0000,0x0000,0x0000,0x0000,0x0000,0x0000,0x0000,0x0000,0x0000,0x0000,
 0x0000,0x0000,0x0000,0x0000,0x0042,0x194A,0x1949,0x1949,0x1949,0x1949,0x1949,0x1949,
 0x1949,0x194A,0x1929,0x31CC,0xF79E,0xFFFF,0xFFFF,0xFFFF,0xFFFF,0xFFFF,0xFFFF,0xFFFF,
 0xFFFF,0xFFFF,0xFFFF,0xFFFF,0xFFFF,0xFFFF,0xFFFF,0xFFFF,0xFFFF,0xFFFF,0xFFFF,0xFFFF,
 0xFFFF,0xFFFF,0xFFFF,0xFFFF,0xFFFF,0xFFFF,0xFFFF,0xFFFF,0xFFFF,0xFFFF,0xFFFF,0xFFFF,
 0xFFFF,0xFFFF,0xFFFF,0xFFFF,0xFFFF,0xFFFF,0xFFFF,0xFFFF,0xFFFF,0xFFFF,0xFFFF,0xFFFF,
 0xFFFF,0xFFFF,0xFFFF,0xFFFF,0x6351,0x10E8,0x216A,0x1949,0x1949,0x1949,0x1949,0x1949,
 0x1949,0x1949,0x1929,0x298B,0x422D,0x52AF,0x6350,0x7BF2,0x8C95,0xA537,0xBDD9,0xCE5B,
 0xDEFC,0xEF5E,0xFFBF,0xFFFF,0xFFFF,0xFFFF,0xFFFF,0xFFFF,0xFFFF,0xFFFF,0xFFFF,0xFFFF,
 0xFFFF,0xFFFF,0xFFFF,0xFFFF,0xFFFF,0xFFFF,0xFFFF,0xFFFF,0xFFFF,0xFFFF,0xFFFF,0xFFFF,
 0xFFFF,0xFFFF,0xFFFF,0xFFFF,0xFFFF,0xFFFF,0xFFFF,0xFFFF,0xFFFF,0xFFFF,0xFFFF,0xFFFF,
 0xFFFF,0xFFFF,0xFFFF,0xD6BB,0x1929,0x1949,0x1949,0x1949,0x1949,0x1949,0x1949,0x1949,
 0x194A,0x1949,0x196B,0x2C59,0x34BA,0x349A,0x349A,0x349A,0x349A,0x349A,0x349A,0x3499,
 0x3479,0x3479,0x349A,0x33F6,0x0020,0x0000,0x0000,0x0000,0x0000,0x0000,0x0000,0x0000,
 0x0000,0x0000,0x0000,0x0000,0x0000,0x0000,0x0000,0x0000,0x0000,0x0000,0x0000,0x0000,
 0x0000,0x0000,0x0000,0x0000,0x0000,0x0000,0x0000,0x0000,0x0000,0x0000,0x0000,0x0000,
 0x0000,0x0000,0x0000,0x0000,0x0000,0x0000,0x0000,0x0000,0x0000,0x0000,0x0000,0x0000,
 0x0000,0x0000,0x0000,0x0000,0x0000,0x0000,0x0000,0x0000,0x0000,0x0000,0x0000,0x0000,
 0x10C5,0x216A,0x1929,0x1949,0x1949,0x1949,0x1949,0x1949,0x1949,0x216A,0x08C8,0x73D2,
 0xFFFF,0xFFFF,0xFFFF,0xFFFF,0xFFFF,0xFFFF,0xFFFF,0xFFFF,0xFFFF,0xFFFF,0xFFFF,0xFFFF,
 0xFFFF,0xFFFF,0xFFFF,0xFFFF,0xFFFF,0xFFFF,0xFFFF,0xFFFF,0xFFFF,0xFFFF,0xFFFF,0xFFFF,
 0xFFFF,0xFFFF,0xFFFF,0xFFFF,0xFFFF,0xFFFF,0xFFFF,0xFFFF,0xFFFF,0xFFFF,0xFFFF,0xFFFF,
 0xFFFF,0xFFFF,0xFFFF,0xFFFF,0xFFFF,0xFFFF,0xFFFF,0xFFFF,0xFFFF,0xFFFF,0xFFFF,0xEF3D,
 0x298B,0x1929,0x194A,0x1949,0x1949,0x1949,0x1949,0x1949,0x1949,0x1949,0x214A,0xD67B,
 0xFFDF,0xFFFF,0xFFFF,0xFFFF,0xFFFF,0xFFFF,0xFFFF,0xFFFF,0xFFFF,0xFFFF,0xFFFF,0xFFFF,
 0xFFFF,0xFFFF,0xFFFF,0xFFFF,0xFFFF,0xFFFF,0xFFFF,0xFFFF,0xFFFF,0xFFFF,0xFFFF,0xFFFF,
 0xFFFF,0xFFFF,0xFFFF,0xFFFF,0xFFFF,0xFFFF,0xFFFF,0xFFFF,0xFFFF,0xFFFF,0xFFFF,0xFFFF,
 0xFFFF,0xFFFF,0xFFFF,0xFFFF,0xFFFF,0xFFFF,0xFFFF,0xFFFF,0xFFFF,0xFFFF,0xFFFF,0x8C74,
 0x08C8,0x216A,0x1949,0x1949,0x1949,0x1949,0x1949,0x1949,0x194A,0x1908,0x2270,0x34DB,
 0x3499,0x349A,0x349A,0x349A,0x349A,0x349A,0x3499,0x3479,0x3479,0x3479,0x349A,0x33F6,
 0x0020,0x0000,0x0000,0x0000,0x0000,0x0000,0x0000,0x0000,0x0000,0x0000,0x0000,0x0000,
 0x0000,0x0000,0x0000,0x0000,0x0000,0x0000,0x0000,0x0000,0x0000,0x0000,0x0000,0x0000,
 0x0000,0x0000,0x0000,0x0000,0x0000,0x0000,0x0000,0x0000,0x0000,0x0000,0x0000,0x0000,
 0x0000,0x0000,0x0000,0x0000,0x0000,0x0000,0x0000,0x0000,0x0000,0x0000,0x0000,0x0000,
 0x0000,0x0000,0x0000,0x0000,0x0000,0x0000,0x0000,0x0000,0x1908,0x194A,0x1949,0x1949,
 0x1949,0x1949,0x1949,0x1949,0x1949,0x214A,0x1109,0xC63A,0xFFFF,0xFFFF,0xFFFF,0xFFFF,
 0xFFFF,0xFFFF,0xFFFF,0xFFFF,0xFFFF,0xFFFF,0xFFFF,0xFFFF,0xFFFF,0xFFFF,0xFFFF,0xFFFF,
 0xFFFF,0xFFFF,0xFFFF,0xFFFF,0xFFFF,0xFFFF,0xFFFF,0xFFFF,0xFFFF,0xFFFF,0xFFFF,0xFFFF,
 0xFFFF,0xFFFF,0xFFFF,0xF7BF,0xDEFC,0xDEFC,0xF79E,0xFFFF,0xFFFF,0xFFFF,0xFFFF,0xFFFF,
 0xFFFF,0xFFFF,0xFFFF,0xFFFF,0xFFFF,0xFFFF,0xFFFF,0xA537,0x10C8,0x216A,0x1949,0x1949,
 0x1949,0x1949,0x1949,0x1949,0x214A,0x10E8,0x52CF,0xFFFF,0xFFFF,0xFFFF,0xFFFF,0xFFFF,
 0xFFFF,0xFFFF,0xFFFF,0xFFFF,0xFFFF,0xFFFF,0xFFFF,0xFFFF,0xFFFF,0xFFFF,0xFFFF,0xFFFF,
 0xFFFF,0xFFFF,0xFFFF,0xFFFF,0xFFFF,0xFFFF,0xFFFF,0xFFFF,0xFFFF,0xFFFF,0xFFFF,0xFFFF,
 0xFFFF,0xFFFF,0xFFFF,0xFFFF,0xFFFF,0xFFFF,0xFFFF,0xFFFF,0xFFFF,0xFFFF,0xFFFF,0xFFFF,
 0xFFFF,0xFFFF,0xFFFF,0xFFFF,0xFFFF,0xFFFF,0xFFDF,0x424D,0x1109,0x214A,0x1949,0x1949,
 0x1949,0x1949,0x1949,0x1949,0x194A,0x1909,0x2B95,0x34DB,0x3499,0x349A,0x349A,0x349A,
 0x349A,0x3499,0x3499,0x3479,0x3479,0x3479,0x349A,0x33F6,0x0020,0x0000,0x0000,0x0000,
 0x0000,0x0000,0x0000,0x0000,0x0000,0x0000,0x0000,0x0000,0x0000,0x0000,0x0000,0x0000,
 0x0000,0x0000,0x0000,0x0000,0x0000,0x0000,0x0000,0x0000,0x0000,0x0000,0x0000,0x0000,
 0x0000,0x0000,0x0000,0x0000,0x0000,0x0000,0x0000,0x0000,0x0000,0x0000,0x0000,0x0000,
 0x0000,0x0000,0x0000,0x0000,0x0000,0x0000,0x0000,0x0000,0x0000,0x0000,0x0000,0x0000,
 0x0000,0x0000,0x0000,0x0863,0x194A,0x1949,0x1949,0x1949,0x1949,0x1949,0x1949,0x1949,
 0x214A,0x1109,0x422D,0xFFDF,0xFFFF,0xFFFF,0xFFFF,0xFFFF,0xFFFF,0xFFFF,0xFFFF,0xFFFF,
 0xFFFF,0xFFFF,0xFFFF,0xFFFF,0xFFFF,0xFFFF,0xFFFF,0xFFFF,0xFFFF,0xFFFF,0xFFFF,0xFFFF,
 0xFFFF,0xFFFF,0xFFFF,0xFFFF,0xFFFF,0xFFFF,0xFFFF,0xFFFF,0xFFFF,0xF77E,0x8413,0x31EC,
 0x214A,0x214A,0x31CC,0x73D2,0xE73D,0xFFFF,0xFFFF,0xFFFF,0xFFFF,0xFFFF,0xFFFF,0xFFFF,
 0xFFFF,0xFFFF,0xFFFF,0x52CF,0x10E8,0x214A,0x1949,0x1949,0x1949,0x1949,0x1949,0x1949,
 0x216A,0x10C8,0xA517,0xFFFF,0xFFDF,0xFFFF,0xFFFF,0xFFFF,0xFFFF,0xFFFF,0xFFFF,0xFFFF,
 0xFFFF,0xFFFF,0xFFFF,0xFFFF,0xFFFF,0xFFFF,0xFFFF,0xFFFF,0xFFFF,0xFFFF,0xFFFF,0xFFFF,
 0xFFFF,0xFFFF,0xFFFF,0xFFFF,0xFFFF,0xFFFF,0xFFFF,0xFFFF,0xFFFF,0xFFFF,0xFFFF,0xFFFF,
 0xFFFF,0xFFFF,0xFFFF,0xFFFF,0xFFFF,0xFFFF,0xFFFF,0xFFFF,0xFFFF,0xFFFF,0xFFFF,0xFFFF,
 0xFFFF,0xFFFF,0xC63A,0x1109,0x194A,0x1949,0x1949,0x1949,0x1949,0x1949,0x1949,0x194A,
 0x1929,0x198C,0x2C79,0x34BA,0x349A,0x349A,0x349A,0x349A,0x3499,0x3499,0x3479,0x3479,
 0x3479,0x3479,0x349A,0x33F6,0x0020,0x0000,0x0000,0x0000,0x0000,0x0000,0x0000,0x0000,
 0x0000,0x0000,0x0000,0x0000,0x0000,0x0000,0x0000,0x0000,0x0000,0x0000,0x0000,0x0000,
 0x0000,0x0000,0x0000,0x0000,0x0000,0x0000,0x0000,0x0000,0x0000,0x0000,0x0000,0x0000,
 0x0000,0x0000,0x0000,0x0000,0x0000,0x0000,0x0000,0x0000,0x0000,0x0000,0x0000,0x0000,
 0x0000,0x0000,0x0000,0x0000,0x0000,0x0000,0x0000,0x0000,0x0000,0x0000,0x0000,0x10C6,
 0x216A,0x1929,0x1949,0x1949,0x1949,0x1949,0x1949,0x1949,0x216A,0x08C8,0x8454,0xFFFF,
 0xFFFF,0xFFFF,0xFFFF,0xFFFF,0xFFFF,0xFFFF,0xFFFF,0xFFFF,0xFFFF,0xFFFF,0xFFFF,0xFFFF,
 0xFFFF,0xFFFF,0xFFFF,0xFFFF,0xFFFF,0xFFFF,0xFFFF,0xFFFF,0xFFFF,0xFFFF,0xFFFF,0xFFFF,
 0xFFFF,0xFFFF,0xFFFF,0xFFFF,0xDEDC,0x3A0D,0x08C8,0x1929,0x1949,0x1949,0x1929,0x08C8,
 0x29AB,0xCE5B,0xFFFF,0xFFFF,0xFFFF,0xFFFF,0xFFFF,0xFFFF,0xFFFF,0xFFFF,0xDEDC,0x214A,
 0x1949,0x1949,0x1949,0x1949,0x1949,0x1949,0x1949,0x194A,0x1929,0x298B,0xEF3D,0xFFFF,
 0xFFFF,0xFFFF,0xFFFF,0xFFFF,0xFFFF,0xFFFF,0xFFFF,0xFFFF,0xFFFF,0xFFFF,0xFFFF,0xFFFF,
 0xFFFF,0xFFFF,0xFFFF,0xFFFF,0xFFFF,0xFFFF,0xFFFF,0xFFFF,0xFFFF,0xFFFF,0xFFFF,0xFFFF,
 0xFFFF,0xFFFF,0xFFFF,0xFFFF,0xFFFF,0xFFFF,0xFFFF,0xFFFF,0xFFFF,0xFFFF,0xFFFF,0xFFFF,
 0xFFFF,0xFFFF,0xFFFF,0xFFFF,0xFFFF,0xFFFF,0xFFFF,0xFFFF,0xFFFF,0xFFFF,0x7BD3,0x08C8,
 0x216A,0x1949,0x1949,0x1949,0x1949,0x1949,0x1949,0x194A,0x1908,0x2291,0x34DB,0x3499,
 0x349A,0x349A,0x349A,0x3499,0x3499,0x3479,0x3479,0x3479,0x3479,0x3479,0x349A,0x33F6,
 0x0020,0x0000,0x0000,0x0000,0x0000,0x0000,0x0000,0x0000,0x0000,0x0000,0x0000,0x0000,
 0x0000,0x0000,0x0000,0x0000,0x0000,0x0000,0x0000,0x0000,0x0000,0x0000,0x0000,0x0000,
 0x0000,0x0000,0x0000,0x0000,0x0000,0x0000,0x0000,0x0000,0x0000,0x0000,0x0000,0x0000,
 0x0000,0x0000,0x0000,0x0000,0x0000,0x0000,0x0000,0x0000,0x0000,0x0000,0x0000,0x0000,
 0x0000,0x0000,0x0000,0x0000,0x0000,0x0000,0x0020,0x1929,0x194A,0x1949,0x1949,0x1949,
 0x1949,0x1949,0x1949,0x1949,0x1949,0x1929,0xD6BB,0xFFFF,0xFFFF,0xFFFF,0xFFFF,0xFFFF,
 0xFFFF,0xFFFF,0xFFFF,0xFFFF,0xFFFF,0xFFFF,0xFFFF,0xFFFF,0xFFFF,0xFFFF,0xFFFF,0xFFFF,
 0xFFFF,0xFFFF,0xFFFF,0xFFFF,0xFFFF,0xFFFF,0xFFFF,0xFFFF,0xFFFF,0xFFFF,0xFFFF,0xF77E,
 0x3A0D,0x10E8,0x216A,0x194A,0x194A,0x1949,0x194A,0x216A,0x1108,0x29AB,0xE73D,0xFFFF,
 0xFFFF,0xFFFF,0xFFFF,0xFFFF,0xFFFF,0xFFFF,0x94B5,0x08C8,0x216A,0x1949,0x1949,0x1949,
 0x1949,0x1949,0x1949,0x216A,0x10E8,0x6351,0xFFFF,0xFFFF,0xFFFF,0xFFFF,0xFFFF,0xFFFF,
 0xFFFF,0xFFFF,0xFFFF,0xFFFF,0xFFFF,0xFFFF,0xFFFF,0xFFFF,0xFFFF,0xFFFF,0xFFFF,0xFFFF,
 0xFFFF,0xFFFF,0xFFFF,0xFFFF,0xFFFF,0xFFFF,0xFFFF,0xFFFF,0xFFFF,0xFFFF,0xFFFF,0xFFFF,
 0xFFFF,0xFFFF,0xFFFF,0xFFFF,0xFFFF,0xFFFF,0xFFFF,0xFFFF,0xFFFF,0xFFFF,0xFFFF,0xFFFF,
 0xFFFF,0xFFFF,0xFFFF,0xFFFF,0xFFFF,0xF79E,0x31EC,0x1929,0x194A,0x1949,0x1949,0x1949,
 0x1949,0x1949,0x1949,0x1949,0x1929,0x2BD6,0x34DA,0x349A,0x349A,0x349A,0x349A,0x3499,
 0x3479,0x3479,0x3479,0x3479,0x3479,0x3479,0x349A,0x33F6,0x0020,0x0000,0x0000,0x0000,
 0x0000,0x0000,0x0000,0x0000,0x0000,0x0000,0x0000,0x0000,0x0000,0x0000,0x0000,0x0000,
 0x0000,0x0000,0x0000,0x0000,0x0000,0x0000,0x0000,0x0000,0x0000,0x0000,0x0000,0x0000,
 0x0000,0x0000,0x0000,0x0000,0x0000,0x0000,0x0000,0x0000,0x0000,0x0000,0x0000,0x0000,
 0x0000,0x0000,0x0000,0x0000,0x0000,0x0000,0x0000,0x0000,0x0000,0x0000,0x0000,0x0000,
 0x0000,0x0000,0x0883,0x216A,0x1949,0x1949,0x1949,0x1949,0x1949,0x1949,0x1949,0x214A,
 0x1108,0x4A8E,0xFFFF,0xFFFF,0xFFFF,0xFFFF,0xFFFF,0xFFFF,0xFFFF,0xFFFF,0xFFFF,0xFFFF,
 0xFFFF,0xFFFF,0xFFFF,0xFFFF,0xFFFF,0xFFFF,0xFFFF,0xFFFF,0xFFFF,0xFFFF,0xFFFF,0xFFFF,
 0xFFFF,0xFFFF,0xFFFF,0xFFFF,0xFFFF,0xFFFF,0xFFFF,0x9CD6,0x08C8,0x216A,0x1949,0x1949,
 0x1949,0x1949,0x1949,0x1949,0x216A,0x08C8,0x8434,0xFFFF,0xFFFF,0xFFFF,0xFFFF,0xFFFF,
 0xFFFF,0xFFDF,0x4A6E,0x1109,0x214A,0x1949,0x1949,0x1949,0x1949,0x1949,0x1949,0x216A,
 0x10E8,0xB598,0xFFFF,0xFFFF,0xFFFF,0xFFFF,0xFFFF,0xFFFF,0xFFFF,0xFFFF,0xFFFF,0xFFFF,
 0xFFFF,0xFFFF,0xFFFF,0xFFFF,0xFFFF,0xFFFF,0xFFFF,0xFFFF,0xFFFF,0xFFFF,0xFFFF,0xFFFF,
 0xFFFF,0xFFFF,0xFFFF,0xFFFF,0xFFFF,0xFFFF,0xFFFF,0xFFFF,0xFFFF,0xFFFF,0xFFFF,0xFFFF,
 0xFFFF,0xFFFF,0xFFFF,0xFFFF,0xFFFF,0xFFFF,0xFFFF,0xFFFF,0xFFFF,0xFFFF,0xFFFF,0xFFFF,
 0xFFFF,0xB5B9,0x10E8,0x216A,0x1949,0x1949,0x1949,0x1949,0x1949,0x1949,0x194A,0x1929,
 0x19CD,0x349A,0x349A,0x349A,0x349A,0x349A,0x3499,0x3479,0x3479,0x3479,0x3479,0x3479,
 0x3479,0x3479,0x349A,0x33D6,0x0020,0x0000,0x0000,0x0000,0x0000,0x0000,0x0000,0x0000,
 0x0000,0x0000,0x0000,0x0000,0x0000,0x0000,0x0000,0x0000,0x0000,0x0000,0x0000,0x0000,
 0x0000,0x0000,0x0000,0x0000,0x0000,0x0000,0x0000,0x0000,0x0000,0x0000,0x0000,0x0000,
 0x0000,0x0000,0x0000,0x0000,0x0000,0x0000,0x0000,0x0000,0x0000,0x0000,0x0000,0x0000,
 0x0000,0x0000,0x0000,0x0000,0x0000,0x0000,0x0000,0x0000,0x0000,0x0000,0x10E7,0x214A,
 0x1949,0x1949,0x1949,0x1949,0x1949,0x1949,0x1949,0x216A,0x08C8,0x9CD5,0xFFFF,0xFFFF,
 0xFFFF,0xFFFF,0xFFFF,0xFFFF,0xFFFF,0xFFFF,0xFFFF,0xFFFF,0xFFFF,0xFFFF,0xFFFF,0xFFFF,
 0xFFFF,0xFFFF,0xFFFF,0xFFFF,0xFFFF,0xFFFF,0xFFFF,0xFFFF,0xFFFF,0xFFFF,0xFFFF,0xFFFF,
 0xFFFF,0xFFFF,0xFFFF,0x4AAF,0x1108,0x214A,0x1949,0x1949,0x1949,0x1949,0x1949,0x1949,
 0x214A,0x1109,0x422D,0xFFDF,0xFFFF,0xFFFF,0xFFFF,0xFFFF,0xFFFF,0xCE7B,0x1909,0x1949,
 0x1949,0x1949,0x1949,0x1949,0x1949,0x1949,0x194A,0x1929,0x31CC,0xF79E,0xFFFF,0xFFFF,
 0xFFFF,0xFFFF,0xFFFF,0xFFFF,0xFFFF,0xFFFF,0xFFFF,0xFFFF,0xFFFF,0xFFFF,0xFFFF,0xFFFF,
 0xFFFF,0xFFFF,0xFFFF,0xFFFF,0xFFFF,0xFFFF,0xFFFF,0xFFFF,0xFFFF,0xFFFF,0xFFFF,0xFFFF,
 0xFFFF,0xFFFF,0xFFFF,0xFFFF,0xFFFF,0xFFFF,0xFFFF,0xFFFF,0xFFFF,0xFFFF,0xFFFF,0xFFFF,
 0xFFFF,0xFFFF,0xFFFF,0xFFFF,0xFFFF,0xFFFF,0xFFFF,0xFFFF,0xFFFF,0x6B71,0x10E8,0x216A,
 0x1949,0x1949,0x1949,0x1949,0x1949,0x1949,0x194A,0x1908,0x22D2,0x34DB,0x3499,0x349A,
 0x349A,0x3499,0x3499,0x3479,0x3479,0x3479,0x3479,0x3479,0x3479,0x3479,0x347A,0x33D6,
 0x0020,0x0000,0x0000,0x0000,0x0000,0x0000,0x0000,0x0000,0x0000,0x0000,0x0000,0x0000,
 0x0000,0x0000,0x0000,0x0000,0x0000,0x0000,0x0000,0x0000,0x0000,0x0000,0x0000,0x0000,
 0x0000,0x0000,0x0000,0x0000,0x0000,0x0000,0x0000,0x0000,0x0000,0x0000,0x0000,0x0000,
 0x0000,0x0000,0x0000,0x0000,0x0000,0x0000,0x0000,0x0000,0x0000,0x0000,0x0000,0x0000,
 0x0000,0x0000,0x0000,0x0000,0x0000,0x0021,0x1949,0x194A,0x1949,0x1949,0x1949,0x1949,
 0x1949,0x1949,0x1949,0x1949,0x216A,0xE71D,0xFFFF,0xFFFF,0xFFFF,0xFFFF,0xFFFF,0xFFFF,
 0xFFFF,0xFFFF,0xFFFF,0xFFFF,0xFFFF,0xFFFF,0xFFFF,0xFFFF,0xFFFF,0xFFFF,0xFFFF,0xFFFF,
 0xFFFF,0xFFFF,0xFFFF,0xFFFF,0xFFFF,0xFFFF,0xFFFF,0xFFFF,0xFFFF,0xFFFF,0xF79E,0x31CC,
 0x1929,0x194A,0x1949,0x1949,0x1949,0x1949,0x1949,0x1949,0x194A,0x1929,0x298B,0xE73D,
 0xFFFF,0xFFFF,0xFFFF,0xFFFF,0xFFFF,0x8413,0x08C8,0x216A,0x1949,0x1949,0x1949,0x1949,
 0x1949,0x1949,0x216A,0x08C8,0x73D2,0xFFFF,0xFFFF,0xFFFF,0xFFFF,0xFFFF,0xFFFF,0xFFFF,
 0xFFFF,0xFFFF,0xFFFF,0xFFFF,0xFFFF,0xFFFF,0xFFFF,0xFFFF,0xFFFF,0xFFFF,0xFFFF,0xFFFF,
 0xFFFF,0xFFFF,0xFFFF,0xFFFF,0xFFFF,0xFFFF,0xFFFF,0xFFFF,0xFFFF,0xFFFF,0xFFFF,0xFFFF,
 0xFFFF,0xFFFF,0xFFFF,0xFFFF,0xFFFF,0xFFFF,0xFFFF,0xFFFF,0xFFFF,0xFFFF,0xFFFF,0xFFFF,
 0xFFFF,0xFFFF,0xFFFF,0xFFFF,0xEF5E,0x298B,0x1929,0x194A,0x1949,0x1949,0x1949,0x1949,
 0x1949,0x1949,0x1949,0x194A,0x2BF7,0x34BA,0x3499,0x349A,0x3499,0x3479,0x3479,0x3479,
 0x3479,0x3479,0x3479,0x3479,0x3479,0x3459,0x3C7A,0x33D6,0x0020,0x0000,0x0000,0x0000,
 0x0000,0x0000,0x0000,0x0000,0x0000,0x0000,0x0000,0x0000,0x0000,0x0000,0x0000,0x0000,
 0x0000,0x0000,0x0000,0x0000,0x0000,0x0000,0x0000,0x0000,0x0000,0x0000,0x0000,0x0000,
 0x0000,0x0000,0x0000,0x0000,0x0000,0x0000,0x0000,0x0000,0x0000,0x0000,0x0000,0x0000,
 0x0000,0x0000,0x0000,0x0000,0x0000,0x0000,0x0000,0x0000,0x0000,0x0000,0x0000,0x0000,
 0x0000,0x0884,0x216A,0x1929,0x1949,0x1949,0x1949,0x1949,0x1949,0x1949,0x214A,0x10E8,
 0x5B10,0xFFFF,0xFFFF,0xFFFF,0xFFFF,0xFFFF,0xFFFF,0xFFFF,0xFFFF,0xFFFF,0xFFFF,0xFFFF,
 0xFFFF,0xFFFF,0xFFFF,0xFFFF,0xFFFF,0xFFFF,0xFFFF,0xFFFF,0xFFFF,0xFFFF,0xFFFF,0xFFFF,
 0xFFFF,0xFFFF,0xFFFF,0xFFFF,0xFFFF,0xFFFF,0xF7BF,0x39EC,0x1929,0x194A,0x1949,0x1949,
 0x1949,0x1949,0x1949,0x1949,0x194A,0x1929,0x298B,0xEF3D,0xFFFF,0xFFFF,0xFFFF,0xFFFF,
 0xF7BF,0x3A0D,0x1929,0x214A,0x1949,0x1949,0x1949,0x1949,0x1949,0x1949,0x214A,0x1109,
 0xC61A,0xFFFF,0xFFFF,0xFFFF,0xFFFF,0xFFFF,0xFFFF,0xFFFF,0xFFFF,0xFFFF,0xFFFF,0xFFFF,
 0xFFFF,0xFFFF,0xFFFF,0xFFFF,0xFFFF,0xFFFF,0xFFFF,0xFFFF,0xFFFF,0xFFFF,0xFFFF,0xFFFF,
 0xFFFF,0xFFFF,0xFFFF,0xFFFF,0xFFFF,0xFFFF,0xFFFF,0xFFFF,0xFFFF,0xFFFF,0xFFFF,0xFFFF,
 0xFFFF,0xFFFF,0xFFFF,0xFFFF,0xFFFF,0xFFFF,0xFFFF,0xFFFF,0xFFFF,0xFFFF,0xFFFF,0xFFFF,
 0xA537,0x10C8,0x216A,0x1949,0x1949,0x1949,0x1949,0x1949,0x1949,0x194A,0x1929,0x21EE,
 0x34BA,0x349A,0x349A,0x3499,0x3499,0x3479,0x3479,0x3479,0x3479,0x3479,0x3479,0x3479,
 0x3479,0x3459,0x3C7A,0x33D6,0x0020,0x0000,0x0000,0x0000,0x0000,0x0000,0x0000,0x0000,
 0x0000,0x0000,0x0000,0x0000,0x0000,0x0000,0x0000,0x0000,0x0000,0x0000,0x0000,0x0000,
 0x0000,0x0000,0x0000,0x0000,0x0000,0x0000,0x0000,0x0000,0x0000,0x0000,0x0000,0x0000,
 0x0000,0x0000,0x0000,0x0000,0x0000,0x0000,0x0000,0x0000,0x0000,0x0000,0x0000,0x0000,
 0x0000,0x0000,0x0000,0x0000,0x0000,0x0000,0x0000,0x0000,0x0000,0x1107,0x194A,0x1949,
 0x1949,0x1949,0x1949,0x1949,0x1949,0x1949,0x216A,0x08C8,0xA557,0xFFFF,0xFFDF,0xFFFF,
 0xFFFF,0xFFFF,0xFFFF,0xFFFF,0xFFFF,0xFFFF,0xFFFF,0xFFFF,0xFFFF,0xFFFF,0xFFFF,0xFFFF,
 0xFFFF,0xFFFF,0xFFFF,0xFFFF,0xFFFF,0xFFFF,0xFFFF,0xFFFF,0xFFFF,0xFFFF,0xFFFF,0xFFFF,
 0xFFFF,0xFFFF,0xFFFF,0x5AEF,0x10E8,0x216A,0x1949,0x1949,0x1949,0x1949,0x1949,0x1949,
 0x214A,0x1109,0x4A8E,0xFFFF,0xFFFF,0xFFFF,0xFFFF,0xFFFF,0xBDF9,0x10E9,0x214A,0x1949,
 0x1949,0x1949,0x1949,0x1949,0x1949,0x214A,0x1109,0x3A2D,0xFFDF,0xFFFF,0xFFFF,0xFFFF,
 0xFFFF,0xFFFF,0xFFFF,0xFFFF,0xFFFF,0xFFFF,0xFFFF,0xFFFF,0xFFFF,0xFFFF,0xFFFF,0xFFFF,
 0xFFFF,0xFFFF,0xFFFF,0xFFFF,0xFFFF,0xFFFF,0xFFFF,0xFFFF,0xFFFF,0xFFFF,0xFFFF,0xFFFF,
 0xFFFF,0xFFFF,0xFFFF,0xFFFF,0xFFFF,0xFFFF,0xFFFF,0xFFFF,0xFFFF,0xFFFF,0xFFFF,0xFFFF,
 0xFFFF,0xFFFF,0xFFFF,0xFFFF,0xFFFF,0xFFFF,0xFFFF,0xFFFF,0x5AEF,0x10E8,0x214A,0x1949,
 0x1949,0x1949,0x1949,0x1949,0x1949,0x194A,0x1908,0x2313,0x34DB,0x3479,0x349A,0x3499,
 0x3479,0x3479,0x3479,0x3479,0x3479,0x3479,0x3479,0x3479,0x3459,0x3459,0x3C7A,0x33D6,
 0x0020,0x0000,0x0000,0x0000,0x0000,0x0000,0x0000,0x0000,0x0000,0x0000,0x0000,0x0000,
 0x0000,0x0000,0x0000,0x0000,0x0000,0x0000,0x0000,0x0000,0x0000,0x0000,0x0000,0x0000,
 0x0000,0x0000,0x0000,0x0000,0x0000,0x0000,0x0000,0x0000,0x0000,0x0000,0x0000,0x0000,
 0x0000,0x0000,0x0000,0x0000,0x0000,0x0000,0x0000,0x0000,0x0000,0x0000,0x0000,0x0000,
 0x0000,0x0000,0x0000,0x0000,0x0020,0x1929,0x194A,0x1949,0x1949,0x1949,0x1949,0x1949,
 0x1949,0x1949,0x194A,0x1929,0x424D,0xE73D,0xFFFF,0xFFFF,0xFFFF,0xFFFF,0xFFFF,0xFFFF,
 0xFFFF,0xFFFF,0xFFFF,0xFFFF,0xFFFF,0xFFFF,0xFFFF,0xFFFF,0xFFFF,0xFFFF,0xFFFF,0xFFFF,
 0xFFFF,0xFFFF,0xFFFF,0xFFFF,0xFFFF,0xFFFF,0xFFFF,0xFFFF,0xFFFF,0xFFFF,0xFFFF,0xAD77,
 0x08C8,0x216A,0x1949,0x1949,0x1949,0x1949,0x1949,0x1949,0x216A,0x08A8,0x9CD6,0xFFFF,
 0xFFFF,0xFFFF,0xFFFF,0xFFFF,0x7392,0x10E8,0x216A,0x1949,0x1949,0x1949,0x1949,0x1949,
 0x1949,0x216A,0x08C8,0x8454,0xFFFF,0xFFFF,0xFFFF,0xFFFF,0xFFFF,0xFFFF,0xFFFF,0xFFFF,
 0xFFFF,0xFFFF,0xFFFF,0xFFFF,0xFFFF,0xFFFF,0xFFFF,0xFFFF,0xFFFF,0xFFFF,0xFFFF,0xFFFF,
 0xFFFF,0xFFFF,0xFFFF,0xFFFF,0xFFFF,0xFFFF,0xFFFF,0xFFFF,0xFFFF,0xFFFF,0xFFFF,0xFFFF,
 0xFFFF,0xFFFF,0xFFFF,0xFFFF,0xFFFF,0xFFFF,0xFFFF,0xFFFF,0xFFFF,0xFFFF,0xFFFF,0xFFFF,
 0xFFFF,0xFFFF,0xFFFF,0xDEFC,0x214A,0x1949,0x1949,0x1949,0x1949,0x1949,0x1949,0x1949,
 0x1949,0x1949,0x196A,0x2C38,0x34BA,0x3499,0x3499,0x3479,0x3479,0x3479,0x3479,0x3479,
 0x3479,0x3479,0x3479,0x3459,0x3459,0x3459,0x3C7A,0x33D6,0x0020,0x0000,0x0000,0x0000,
 0x0000,0x0000,0x0000,0x0000,0x0000,0x0000,0x0000,0x0000,0x0000,0x0000,0x0000,0x0000,
 0x0000,0x0000,0x0000,0x0000,0x0000,0x0000,0x0000,0x0000,0x0000,0x0000,0x0000,0x0000,
 0x0000,0x0000,0x0000,0x0000,0x0000,0x0000,0x0000,0x0000,0x0000,0x0000,0x0000,0x0000,
 0x0000,0x0000,0x0000,0x0000,0x0000,0x0000,0x0000,0x0000,0x0000,0x0000,0x0000,0x0000,
 0x0021,0x1929,0x194A,0x1949,0x1949,0x1949,0x1949,0x1949,0x1949,0x1949,0x1949,0x214A,
 0x10E8,0x3A2D,0xE73D,0xFFFF,0xFFFF,0xFFFF,0xFFFF,0xFFFF,0xFFFF,0xFFFF,0xFFFF,0xFFFF,
 0xFFFF,0xFFFF,0xFFFF,0xFFFF,0xFFFF,0xFFFF,0xFFFF,0xFFFF,0xFFFF,0xFFFF,0xFFFF,0xFFFF,
 0xFFFF,0xFFFF,0xFFFF,0xFFFF,0xFFFF,0xFFFF,0xFFFF,0xFFFF,0x5B10,0x08A8,0x216A,0x216A,
 0x214A,0x214A,0x216A,0x216A,0x08C8,0x4A6E,0xF7BF,0xFFFF,0xFFFF,0xFFFF,0xFFFF,0xEF7E,
 0x29AB,0x1929,0x194A,0x1949,0x1949,0x1949,0x1949,0x1949,0x1949,0x1949,0x1929,0xD69B,
 0xFFFF,0xFFFF,0xFFFF,0xFFFF,0xFFFF,0xFFFF,0xFFFF,0xFFFF,0xFFFF,0xFFFF,0xFFFF,0xFFFF,
 0xFFFF,0xFFFF,0xFFFF,0xFFFF,0xFFFF,0xFFFF,0xFFFF,0xFFFF,0xFFFF,0xFFFF,0xFFFF,0xFFFF,
 0xFFFF,0xFFFF,0xFFFF,0xFFFF,0xFFFF,0xFFFF,0xFFFF,0xFFFF,0xFFFF,0xFFFF,0xFFFF,0xFFFF,
 0xFFFF,0xFFFF,0xFFFF,0xFFFF,0xFFFF,0xFFFF,0xFFFF,0xFFFF,0xFFFF,0xFFFF,0xFFFF,0x94B5,
 0x08C8,0x216A,0x1949,0x1949,0x1949,0x1949,0x1949,0x1949,0x194A,0x1908,0x222F,0x34BA,
 0x3499,0x3499,0x3479,0x3479,0x3479,0x3479,0x3479,0x3479,0x3479,0x3479,0x3459,0x3459,
 0x3459,0x3C59,0x3C7A,0x33D6,0x0020,0x0000,0x0000,0x0000,0x0000,0x0000,0x0000,0x0000,
 0x0000,0x0000,0x0000,0x0000,0x0000,0x0000,0x0000,0x0000,0x0000,0x0000,0x0000,0x0000,
 0x0000,0x0000,0x0000,0x0000,0x0000,0x0000,0x0000,0x0000,0x0000,0x0000,0x0000,0x0000,
 0x0000,0x0000,0x0000,0x0000,0x0000,0x0000,0x0000,0x0000,0x0000,0x0000,0x0000,0x0000,
 0x0000,0x0000,0x0000,0x0000,0x0000,0x0000,0x0000,0x0000,0x0000,0x1908,0x194A,0x1949,
 0x1949,0x1949,0x1949,0x1949,0x1949,0x1949,0x1949,0x1949,0x216A,0x10E8,0x3A2D,0xE73D,
 0xFFFF,0xFFFF,0xFFFF,0xFFFF,0xFFFF,0xFFFF,0xFFFF,0xFFFF,0xFFFF,0xFFFF,0xFFFF,0xFFFF,
 0xFFFF,0xFFFF,0xFFFF,0xFFFF,0xFFFF,0xFFFF,0xFFFF,0xFFFF,0xFFFF,0xFFFF,0xFFFF,0xFFFF,
 0xFFFF,0xFFFF,0xFFFF,0xFFFF,0xEF7E,0x5AEF,0x08C8,0x10E8,0x1109,0x1109,0x10E8,0x08C8,
 0x52AF,0xEF3D,0xFFFF,0xFFFF,0xFFFF,0xFFFF,0xFFFF,0xAD78,0x10C8,0x216A,0x1949,0x1949,
 0x1949,0x1949,0x1949,0x1949,0x214A,0x1108,0x4A8E,0xFFFF,0xFFFF,0xFFFF,0xFFFF,0xFFFF,
 0xFFFF,0xFFFF,0xFFFF,0xFFFF,0xFFFF,0xFFFF,0xFFFF,0xFFFF,0xFFFF,0xFFFF,0xFFFF,0xFFFF,
 0xFFFF,0xFFFF,0xFFFF,0xFFFF,0xFFFF,0xFFFF,0xFFFF,0xFFFF,0xFFFF,0xFFFF,0xFFFF,0xFFFF,
 0xFFFF,0xFFFF,0xFFFF,0xFFFF,0xFFFF,0xFFFF,0xFFFF,0xFFFF,0xFFFF,0xFFFF,0xFFFF,0xFFFF,
 0xFFFF,0xFFFF,0xFFFF,0xFFFF,0xFFFF,0xFFFF,0xFFFF,0x4A8E,0x1108,0x214A,0x1949,0x1949,
 0x1949,0x1949,0x1949,0x1949,0x194A,0x1909,0x2B54,0x34BB,0x3479,0x3499,0x3479,0x3479,
 0x3479,0x3479,0x3479,0x3479,0x3479,0x3459,0x3459,0x3459,0x3C59,0x3C59,0x3C7A,0x33D6,
 0x0020,0x0000,0x0000,0x0000,0x0000,0x0000,0x0000,0x0000,0x0000,0x0000,0x0000,0x0000,
 0x0000,0x0000,0x0000,0x0000,0x0000,0x0000,0x0000,0x0000,0x0000,0x0000,0x0000,0x0000,
 0x0000,0x0000,0x0000,0x0000,0x0000,0x0000,0x0000,0x0000,0x0000,0x0000,0x0000,0x0000,
 0x0000,0x0000,0x0000,0x0000,0x0000,0x0000,0x0000,0x0000,0x0000,0x0000,0x0000,0x0000,
 0x0000,0x0000,0x0000,0x0000,0x0000,0x10A5,0x216A,0x1929,0x1949,0x1949,0x1949,0x1949,
 0x1949,0x1949,0x1949,0x1949,0x1949,0x216A,0x10E8,0x3A2D,0xE73D,0xFFFF,0xFFFF,0xFFFF,
 0xFFFF,0xFFFF,0xFFFF,0xFFFF,0xFFFF,0xFFFF,0xFFFF,0xFFFF,0xFFFF,0xFFFF,0xFFFF,0xFFFF,
 0xFFFF,0xFFFF,0xFFFF,0xFFFF,0xFFFF,0xFFFF,0xFFFF,0xFFFF,0xFFFF,0xFFFF,0xFFFF,0xFFFF,
 0xFFFF,0xFFFF,0xB598,0x6330,0x3A0D,0x3A0D,0x5B10,0xA537,0xFFDF,0xFFFF,0xFFFF,0xFFFF,
 0xFFFF,0xFFFF,0xFFFF,0x6310,0x10E8,0x216A,0x1949,0x1949,0x1949,0x1949,0x1949,0x1949,
 0x216A,0x08C8,0x94D5,0xFFFF,0xFFFF,0xFFFF,0xFFFF,0xFFFF,0xFFFF,0xFFFF,0xFFFF,0xFFFF,
 0xFFFF,0xFFFF,0xFFFF,0xFFFF,0xFFFF,0xFFFF,0xFFFF,0xFFFF,0xFFFF,0xFFFF,0xFFFF,0xFFFF,
 0xFFFF,0xFFFF,0xFFFF,0xFFFF,0xFFFF,0xFFFF,0xFFFF,0xFFFF,0xFFFF,0xFFFF,0xFFFF,0xFFFF,
 0xFFFF,0xFFFF,0xFFFF,0xFFFF,0xFFFF,0xFFFF,0xFFFF,0xFFFF,0xFFFF,0xFFFF,0xFFFF,0xFFFF,
 0xFFFF,0xFFFF,0xD69B,0x1929,0x1949,0x1949,0x1949,0x1949,0x1949,0x1949,0x1949,0x194A,
 0x1929,0x198B,0x2C59,0x349A,0x3479,0x3479,0x3479,0x3479,0x3479,0x3479,0x3479,0x3479,
 0x3479,0x3459,0x3459,0x3C59,0x3C59,0x3C59,0x3C7A,0x33D6,0x0020,0x0000,0x0000,0x0000,
 0x0000,0x0000,0x0000,0x0000,0x0000,0x0000,0x0000,0x0000,0x0000,0x0000,0x0000,0x0000,
 0x0000,0x0000,0x0000,0x0000,0x0000,0x0000,0x0000,0x0000,0x0000,0x0000,0x0000,0x0000,
 0x0000,0x0000,0x0000,0x0000,0x0000,0x0000,0x0000,0x0000,0x0000,0x0000,0x0000,0x0000,
 0x0000,0x0000,0x0000,0x0000,0x0000,0x0000,0x0000,0x0000,0x0000,0x0000,0x0000,0x0000,
 0x0000,0x0000,0x1908,0x216A,0x1929,0x1949,0x1949,0x1949,0x1949,0x1949,0x1949,0x1949,
 0x1949,0x1949,0x216A,0x10E8,0x3A2D,0xE73D,0xFFFF,0xFFFF,0xFFFF,0xFFFF,0xFFFF,0xFFFF,
 0xFFFF,0xFFFF,0xFFFF,0xFFFF,0xFFFF,0xFFFF,0xFFFF,0xFFFF,0xFFFF,0xFFFF,0xFFFF,0xFFFF,
 0xFFFF,0xFFFF,0xFFFF,0xFFFF,0xFFFF,0xFFFF,0xFFFF,0xFFFF,0xFFFF,0xFFFF,0xFFFF,0xFFFF,
 0xFFDF,0xFFDF,0xFFFF,0xFFFF,0xFFFF,0xFFFF,0xFFFF,0xFFFF,0xFFFF,0xFFFF,0xE71D,0x216A,
 0x1949,0x194A,0x1949,0x1949,0x1949,0x1949,0x1949,0x1949,0x1949,0x214A,0xE71D,0xFFFF,
 0xFFFF,0xFFFF,0xFFFF,0xFFFF,0xFFFF,0xFFFF,0xFFFF,0xFFFF,0xFFFF,0xFFFF,0xFFFF,0xFFFF,
 0xFFFF,0xFFFF,0xFFFF,0xFFFF,0xFFFF,0xFFFF,0xFFFF,0xFFFF,0xFFFF,0xFFFF,0xFFFF,0xFFFF,
 0xFFFF,0xFFFF,0xFFFF,0xFFFF,0xFFFF,0xFFFF,0xFFFF,0xFFFF,0xFFFF,0xFFFF,0xFFFF,0xFFFF,
 0xFFFF,0xFFFF,0xFFFF,0xFFFF,0xFFFF,0xFFFF,0xFFFF,0xFFFF,0xFFFF,0xFFFF,0x8434,0x08C8,
 0x216A,0x1949,0x1949,0x1949,0x1949,0x1949,0x1949,0x194A,0x1908,0x2270,0x34BA,0x3479,
 0x3479,0x3479,0x3479,0x3479,0x3479,0x3479,0x3479,0x3479,0x3459,0x3459,0x3459,0x3C59,
 0x3C59,0x3C59,0x3C7A,0x33D6,0x0020,0x0000,0x0000,0x0000,0x0000,0x0000,0x0000,0x0000,
 0x0000,0x0000,0x0000,0x0000,0x0000,0x0000,0x0000,0x0000,0x0000,0x0000,0x0000,0x0000,
 0x0000,0x0000,0x0000,0x0000,0x0000,0x0000,0x0000,0x0000,0x0000,0x0000,0x0000,0x0000,
 0x0000,0x0000,0x0000,0x0000,0x0000,0x0000,0x0000,0x0000,0x0000,0x0000,0x0000,0x0000,
 0x0000,0x0000,0x0000,0x0000,0x0000,0x0000,0x0000,0x0000,0x0000,0x0000,0x0020,0x1908,
 0x214A,0x1929,0x1949,0x1949,0x1949,0x1949,0x1949,0x1949,0x1949,0x1949,0x1949,0x216A,
 0x10E8,0x3A2D,0xE73D,0xFFFF,0xFFFF,0xFFFF,0xFFFF,0xFFFF,0xFFFF,0xFFFF,0xFFFF,0xFFFF,
 0xFFFF,0xFFFF,0xFFFF,0xFFFF,0xFFFF,0xFFFF,0xFFFF,0xFFFF,0xFFFF,0xFFFF,0xFFFF,0xFFFF,
 0xFFFF,0xFFFF,0xFFFF,0xFFFF,0xFFFF,0xFFFF,0xFFFF,0xFFFF,0xFFFF,0xFFFF,0xFFFF,0xFFFF,
 0xFFFF,0xFFFF,0xFFFF,0xFFFF,0xFFFF,0xFFFF,0x9CF6,0x08C8,0x216A,0x1949,0x1949,0x1949,
 0x1949,0x1949,0x1949,0x214A,0x10E8,0x5B0F,0xFFFF,0xFFFF,0xFFFF,0xFFFF,0xFFFF,0xFFFF,
 0xFFFF,0xFFFF,0xFFFF,0xFFFF,0xFFFF,0xFFFF,0xFFFF,0xFFFF,0xFFFF,0xFFFF,0xFFFF,0xFFFF,
 0xFFFF,0xFFFF,0xFFFF,0xFFFF,0xFFFF,0xFFFF,0xFFFF,0xFFFF,0xFFFF,0xFFFF,0xFFFF,0xFFFF,
 0xFFFF,0xFFFF,0xFFFF,0xFFFF,0xFFFF,0xFFFF,0xFFFF,0xFFFF,0xFFFF,0xFFFF,0xFFFF,0xFFFF,
 0xFFFF,0xFFFF,0xFFFF,0xFFFF,0xFFFF,0xFFBF,0x3A0D,0x1109,0x214A,0x1949,0x1949,0x1949,
 0x1949,0x1949,0x1949,0x194A,0x1929,0x2B95,0x34BA,0x3479,0x3479,0x3479,0x3479,0x3479,
 0x3479,0x3479,0x3479,0x3459,0x3459,0x3459,0x3C59,0x3C59,0x3C59,0x3C59,0x3C7A,0x33D6,
 0x0020,0x0000,0x0000,0x0000,0x0000,0x0000,0x0000,0x0000,0x0000,0x0000,0x0000,0x0000,
 0x0000,0x0000,0x0000,0x0000,0x0000,0x0000,0x0000,0x0000,0x0000,0x0000,0x0000,0x0000,
 0x0000,0x0000,0x0000,0x0000,0x0000,0x0000,0x0000,0x0000,0x0000,0x0000,0x0000,0x0000,
 0x0000,0x0000,0x0000,0x0000,0x0000,0x0000,0x0000,0x0000,0x0000,0x0000,0x0000,0x0000,
 0x0000,0x0000,0x0000,0x0000,0x0000,0x0000,0x0000,0x0020,0x1908,0x214A,0x1929,0x1949,
 0x1949,0x1949,0x1949,0x1949,0x1949,0x1949,0x1949,0x1949,0x216A,0x10E8,0x3A2D,0xE73D,
 0xFFFF,0xFFFF,0xFFFF,0xFFFF,0xFFFF,0xFFFF,0xFFFF,0xFFFF,0xFFFF,0xFFFF,0xFFFF,0xFFFF,
 0xFFFF,0xFFFF,0xFFFF,0xFFFF,0xFFFF,0xFFFF,0xFFFF,0xFFFF,0xFFFF,0xFFFF,0xFFFF,0xFFFF,
 0xFFFF,0xFFFF,0xFFFF,0xFFFF,0xFFFF,0xFFFF,0xFFFF,0xFFFF,0xFFFF,0xFFFF,0xFFFF,0xFFFF,
 0xFFFF,0xFFFF,0x52AF,0x10E8,0x214A,0x1949,0x1949,0x1949,0x1949,0x1949,0x1949,0x216A,
 0x10C8,0xAD57,0xFFFF,0xFFFF,0xFFFF,0xFFFF,0xFFFF,0xFFFF,0xFFFF,0xFFFF,0xFFFF,0xFFFF,
 0xFFFF,0xFFFF,0xFFFF,0xFFFF,0xFFFF,0xFFFF,0xFFFF,0xFFFF,0xFFFF,0xFFFF,0xFFFF,0xFFFF,
 0xFFFF,0xFFFF,0xFFFF,0xFFFF,0xFFFF,0xFFFF,0xFFFF,0xFFFF,0xFFFF,0xFFFF,0xFFFF,0xFFFF,
 0xFFFF,0xFFFF,0xFFFF,0xFFFF,0xFFFF,0xFFFF,0xFFFF,0xFFFF,0xFFFF,0xFFFF,0xFFFF,0xFFFF,
 0xFFFF,0xC61A,0x10E9,0x214A,0x1949,0x1949,0x1949,0x1949,0x1949,0x1949,0x194A,0x1929,
 0x19AC,0x3479,0x3499,0x3479,0x3479,0x3479,0x3479,0x3479,0x3479,0x3479,0x3459,0x3459,
 0x3459,0x3C59,0x3C59,0x3C59,0x3C59,0x3C59,0x3C7A,0x33D6,0x0020,0x0000,0x0000,0x0000,
 0x0000,0x0000,0x0000,0x0000,0x0000,0x0000,0x0000,0x0000,0x0000,0x0000,0x0000,0x0000,
 0x0000,0x0000,0x0000,0x0000,0x0000,0x0000,0x0000,0x0000,0x0000,0x0000,0x0000,0x0000,
 0x0000,0x0000,0x0000,0x0000,0x0000,0x0000,0x0000,0x0000,0x0000,0x0000,0x0000,0x0000,
 0x0000,0x0000,0x0000,0x0000,0x0000,0x0000,0x0000,0x0000,0x0000,0x0000,0x0000,0x0000,
 0x0000,0x0000,0x0000,0x0000,0x0020,0x1908,0x214A,0x1929,0x1949,0x1949,0x1949,0x1949,
 0x1949,0x1949,0x1949,0x1949,0x1949,0x216A,0x10E8,0x3A2D,0xEF3D,0xFFFF,0xFFFF,0xFFFF,
 0xFFFF,0xFFFF,0xFFFF,0xFFFF,0xFFFF,0xFFFF,0xFFFF,0xFFFF,0xFFFF,0xFFFF,0xFFFF,0xFFFF,
 0xFFFF,0xFFFF,0xFFFF,0xFFFF,0xFFFF,0xFFFF,0xFFFF,0xFFFF,0xFFFF,0xFFFF,0xFFFF,0xFFFF,
 0xFFFF,0xFFFF,0xFFFF,0xFFFF,0xFFFF,0xFFFF,0xFFFF,0xFFFF,0xFFFF,0xDEDC,0x1929,0x1949,
 0x1949,0x1949,0x1949,0x1949,0x1949,0x1949,0x194A,0x1929,0x298B,0xEF5E,0xFFFF,0xFFFF,
 0xFFFF,0xFFFF,0xFFFF,0xFFFF,0xFFFF,0xFFFF,0xFFFF,0xFFFF,0xFFFF,0xFFFF,0xFFFF,0xFFFF,
 0xFFFF,0xFFFF,0xFFFF,0xFFFF,0xFFFF,0xFFFF,0xFFFF,0xFFFF,0xFFFF,0xFFFF,0xFFFF,0xFFFF,
 0xFFFF,0xFFFF,0xFFFF,0xFFFF,0xFFFF,0xFFFF,0xFFFF,0xFFFF,0xFFFF,0xFFFF,0xFFFF,0xFFFF,
 0xFFFF,0xFFFF,0xFFFF,0xFFFF,0xFFFF,0xFFFF,0xFFFF,0xFFFF,0xFFFF,0x73B2,0x10C8,0x216A,
 0x1949,0x1949,0x1949,0x1949,0x1949,0x1949,0x194A,0x1908,0x22B1,0x34BB,0x3479,0x3479,
 0x3479,0x3479,0x3479,0x3479,0x3479,0x3459,0x3459,0x3459,0x3C59,0x3C59,0x3C59,0x3C59,
 0x3C59,0x3C59,0x3C7A,0x33D6,0x0020,0x0000,0x0000,0x0000,0x0000,0x0000,0x0000,0x0000,
 0x0000,0x0000,0x0000,0x0000,0x0000,0x0000,0x0000,0x0000,0x0000,0x0000,0x0000,0x0000,
 0x0000,0x0000,0x0000,0x0000,0x0000,0x0000,0x0000,0x0000,0x0000,0x0000,0x0000,0x0000,
 0x0000,0x0000,0x0000,0x0000,0x0000,0x0000,0x0000,0x0000,0x0000,0x0000,0x0000,0x0000,
 0x0000,0x0000,0x0000,0x0000,0x0000,0x0000,0x0000,0x0000,0x0000,0x0000,0x0000,0x0000,
 0x0000,0x0020,0x1908,0x214A,0x1929,0x1949,0x1949,0x1949,0x1949,0x1949,0x1949,0x1949,
 0x1949,0x1949,0x216A,0x10E8,0x3A2D,0xEF3D,0xFFFF,0xFFFF,0xFFFF,0xFFFF,0xFFFF,0xFFFF,
 0xFFFF,0xFFFF,0xFFFF,0xFFFF,0xFFFF,0xFFFF,0xFFFF,0xFFFF,0xFFFF,0xFFFF,0xFFFF,0xFFFF,
 0xFFFF,0xFFFF,0xFFFF,0xFFFF,0xFFFF,0xFFFF,0xFFFF,0xFFFF,0xFFFF,0xFFFF,0xFFFF,0xFFFF,
 0xFFFF,0xFFFF,0xFFFF,0xFFFF,0xFFFF,0x8C74,0x08C8,0x216A,0x1949,0x1949,0x1949,0x1949,
 0x1949,0x1949,0x216A,0x10E8,0x6B71,0xFFFF,0xFFFF,0xFFFF,0xFFFF,0xFFFF,0xFFFF,0xFFFF,
 0xFFFF,0xFFFF,0xFFFF,0xFFFF,0xFFFF,0xFFFF,0xFFFF,0xFFFF,0xFFFF,0xFFFF,0xFFFF,0xFFFF,
 0xFFFF,0xFFFF,0xFFFF,0xFFFF,0xFFFF,0xFFFF,0xFFFF,0xFFFF,0xFFFF,0xFFFF,0xFFFF,0xFFFF,
 0xFFFF,0xFFFF,0xFFFF,0xFFFF,0xFFFF,0xFFFF,0xFFFF,0xFFFF,0xFFFF,0xFFFF,0xFFFF,0xFFFF,
 0xFFFF,0xFFFF,0xFFFF,0xFFFF,0xF77E,0x31CC,0x1929,0x194A,0x1949,0x1949,0x1949,0x1949,
 0x1949,0x1949,0x1949,0x1929,0x2BD6,0x34BA,0x3479,0x3479,0x3479,0x3479,0x3479,0x3479,
 0x3479,0x3459,0x3459,0x3C59,0x3C59,0x3C59,0x3C59,0x3C59,0x3C59,0x3C59,0x3C7A,0x33D6,
 0x0020,0x0000,0x0000,0x0000,0x0000,0x0000,0x0000,0x0000,0x0000,0x0000,0x0000,0x0000,
 0x0000,0x0000,0x0000,0x0000,0x0000,0x0000,0x0000,0x0000,0x0000,0x0000,0x0000,0x0000,
 0x0000,0x0000,0x0000,0x0000,0x0000,0x0000,0x0000,0x0000,0x0000,0x0000,0x0000,0x0000,
 0x0000,0x0000,0x0000,0x0000,0x0000,0x0000,0x0000,0x0000,0x0000,0x0000,0x0000,0x0000,
 0x0000,0x0000,0x0000,0x0000,0x0000,0x0000,0x0000,0x0000,0x0000,0x0000,0x0020,0x1908,
 0x214A,0x1929,0x1949,0x1949,0x1949,0x1949,0x1949,0x1949,0x1949,0x1949,0x1949,0x216A,
 0x10E8,0x3A2D,0xE73D,0xFFFF,0xFFFF,0xFFFF,0xFFFF,0xFFFF,0xFFFF,0xFFFF,0xFFFF,0xFFFF,
 0xFFFF,0xFFFF,0xFFFF,0xFFFF,0xFFFF,0xFFFF,0xFFFF,0xFFFF,0xFFFF,0xFFFF,0xFFFF,0xFFFF,
 0xFFFF,0xFFFF,0xFFFF,0xFFFF,0xFFFF,0xFFFF,0xFFFF,0xFFFF,0xFFFF,0xFFFF,0xFFFF,0xFFFF,
 0xFFDF,0x424D,0x1109,0x214A,0x1949,0x1949,0x1949,0x1949,0x1949,0x1949,0x216A,0x10E8,
 0xBDD9,0xFFFF,0xFFFF,0xFFFF,0xFFFF,0xFFFF,0xFFFF,0xFFFF,0xFFFF,0xFFFF,0xFFFF,0xFFFF,
 0xFFFF,0xFFFF,0xFFFF,0xFFFF,0xFFFF,0xFFFF,0xFFFF,0xFFFF,0xFFFF,0xFFFF,0xFFFF,0xFFFF,
 0xFFFF,0xFFFF,0xFFFF,0xFFFF,0xFFFF,0xFFFF,0xFFFF,0xFFFF,0xFFFF,0xFFFF,0xFFFF,0xFFFF,
 0xFFFF,0xFFFF,0xFFFF,0xFFFF,0xFFFF,0xFFFF,0xFFFF,0xFFFF,0xFFFF,0xFFFF,0xFFFF,0xFFFF,
 0xB598,0x10E8,0x216A,0x1949,0x1949,0x1949,0x1949,0x1949,0x1949,0x194A,0x1929,0x21CD,
 0x347A,0x3479,0x3479,0x3479,0x3479,0x3479,0x3479,0x3479,0x3459,0x3459,0x3C59,0x3C59,
 0x3C59,0x3C59,0x3C59,0x3C59,0x3C59,0x3C59,0x3C7A,0x33D6,0x0020,0x0000,0x0000,0x0000,
 0x0000,0x0000,0x0000,0x0000,0x0000,0x0000,0x0000,0x0000,0x0000,0x0000,0x0000,0x0000,
 0x0000,0x0000,0x0000,0x0000,0x0000,0x0000,0x0000,0x0000,0x0000,0x0000,0x0000,0x0000,
 0x0000,0x0000,0x0000,0x0000,0x0000,0x0000,0x0000,0x0000,0x0000,0x0000,0x0000,0x0000,
 0x0000,0x0000,0x0000,0x0000,0x0000,0x0000,0x0000,0x0000,0x0000,0x0000,0x0000,0x0000,
 0x0000,0x0000,0x0000,0x0000,0x0000,0x0000,0x0000,0x0020,0x1908,0x214A,0x1929,0x1949,
 0x1949,0x1949,0x1949,0x1949,0x1949,0x1949,0x1949,0x1949,0x216A,0x10E8,0x3A2D,0xEF3D,
 0xFFFF,0xFFFF,0xFFFF,0xFFFF,0xFFFF,0xFFFF,0xFFFF,0xFFFF,0xFFFF,0xFFFF,0xFFFF,0xFFFF,
 0xFFFF,0xFFFF,0xFFFF,0xFFFF,0xFFFF,0xFFFF,0xFFFF,0xFFFF,0xFFFF,0xFFFF,0xFFFF,0xFFFF,
 0xFFFF,0xFFFF,0xFFFF,0xFFFF,0xFFFF,0xFFFF,0xFFFF,0xFFFF,0xCE5A,0x1109,0x194A,0x1949,
 0x1949,0x1949,0x1949,0x1949,0x1949,0x194A,0x1929,0x31EC,0xF79E,0xFFFF,0xFFFF,0xFFFF,
 0xFFFF,0xFFFF,0xFFFF,0xFFFF,0xFFFF,0xFFFF,0xFFFF,0xFFFF,0xFFFF,0xFFFF,0xFFFF,0xFFFF,
 0xFFFF,0xFFFF,0xFFFF,0xFFFF,0xFFFF,0xFFFF,0xFFFF,0xFFFF,0xFFFF,0xFFFF,0xFFFF,0xFFFF,
 0xFFFF,0xFFFF,0xFFFF,0xFFFF,0xFFFF,0xFFFF,0xFFFF,0xFFFF,0xFFFF,0xFFFF,0xFFFF,0xFFFF,
 0xFFFF,0xFFFF,0xFFFF,0xFFFF,0xFFFF,0xFFFF,0xFFFF,0xFFFF,0x6331,0x10E8,0x216A,0x1949,
 0x1949,0x1949,0x1949,0x1949,0x1949,0x194A,0x1908,0x2AF2,0x34BA,0x3479,0x3479,0x3479,
 0x3479,0x3479,0x3479,0x3459,0x3459,0x3C59,0x3C59,0x3C59,0x3C59,0x3C59,0x3C59,0x3C59,
 0x3C59,0x3C59,0x3C7A,0x33D6,0x0020,0x0000,0x0000,0x0000,0x0000,0x0000,0x0000,0x0000,
 0x0000,0x0000,0x0000,0x0000,0x0000,0x0000,0x0000,0x0000,0x0000,0x0000,0x0000,0x0000,
 0x0000,0x0000,0x0000,0x0000,0x0000,0x0000,0x0000,0x0000,0x0000,0x0000,0x0000,0x0000,
 0x0000,0x0000,0x0000,0x0000,0x0000,0x0000,0x0000,0x0000,0x0000,0x0000,0x0000,0x0000,
 0x0000,0x0000,0x0000,0x0000,0x0000,0x0000,0x0000,0x0000,0x0000,0x0000,0x0000,0x0000,
 0x0000,0x0000,0x0000,0x0000,0x0020,0x1908,0x214A,0x1929,0x1949,0x1949,0x1949,0x1949,
 0x1949,0x1949,0x1949,0x1949,0x1949,0x216A,0x10E8,0x3A2D,0xE73D,0xFFFF,0xFFFF,0xFFFF,
 0xFFFF,0xFFFF,0xFFFF,0xFFFF,0xFFFF,0xFFFF,0xFFFF,0xFFFF,0xFFFF,0xFFFF,0xFFFF,0xFFFF,
 0xFFFF,0xFFFF,0xFFFF,0xFFFF,0xFFFF,0xFFFF,0xFFFF,0xFFFF,0xFFFF,0xFFFF,0xFFFF,0xFFFF,
 0xFFFF,0xFFFF,0xFFFF,0xFFFF,0x7BF3,0x08C8,0x216A,0x1949,0x1949,0x1949,0x1949,0x1949,
 0x1949,0x216A,0x08C8,0x7BD3,0xFFFF,0xFFFF,0xFFFF,0xFFFF,0xFFFF,0xFFFF,0xFFFF,0xFFFF,
 0xFFFF,0xFFFF,0xFFFF,0xFFFF,0xFFFF,0xFFFF,0xFFFF,0xFFFF,0xFFFF,0xFFFF,0xFFFF,0xFFFF,
 0xFFFF,0xFFFF,0xFFFF,0xFFFF,0xFFFF,0xFFFF,0xFFFF,0xFFFF,0xFFFF,0xFFFF,0xFFFF,0xFFFF,
 0xFFFF,0xFFFF,0xFFFF,0xFFFF,0xFFFF,0xFFFF,0xFFFF,0xFFFF,0xFFFF,0xFFFF,0xFFFF,0xFFFF,
 0xFFFF,0xFFFF,0xFFFF,0xE73D,0x296B,0x1929,0x194A,0x1949,0x1949,0x1949,0x1949,0x1949,
 0x1949,0x1949,0x194A,0x2BF7,0x349A,0x3479,0x3479,0x3479,0x3479,0x3479,0x3459,0x3459,
 0x3459,0x3C59,0x3C59,0x3C59,0x3C59,0x3C59,0x3C59,0x3C59,0x3C59,0x3C59,0x3C7A,0x33D6,
 0x0020,0x0000,0x0000,0x0000,0x0000,0x0000,0x0000,0x0000,0x0000,0x0000,0x0000,0x0000,
 0x0000,0x0000,0x0000,0x0000,0x0000,0x0000,0x0000,0x0000,0x0000,0x0000,0x0000,0x0000,
 0x0000,0x0000,0x0000,0x0000,0x0000,0x0000,0x0000,0x0000,0x0000,0x0000,0x0000,0x0000,
 0x0000,0x0000,0x0000,0x0000,0x0000,0x0000,0x0000,0x0000,0x0000,0x0000,0x0000,0x0000,
 0x0000,0x0000,0x0000,0x0000,0x0000,0x0000,0x0000,0x0000,0x0000,0x0000,0x0000,0x0000,
 0x0000,0x0021,0x1908,0x214A,0x1929,0x1949,0x1949,0x1949,0x1949,0x1949,0x1949,0x1949,
 0x1949,0x1949,0x216A,0x10E8,0x422D,0xEF3D,0xFFFF,0xFFFF,0xFFFF,0xFFFF,0xFFFF,0xFFFF,
 0xFFFF,0xFFFF,0xFFFF,0xFFFF,0xFFFF,0xFFFF,0xFFFF,0xFFFF,0xFFFF,0xFFFF,0xFFFF,0xFFFF,
 0xFFFF,0xFFFF,0xFFFF,0xFFFF,0xFFFF,0xFFFF,0xFFFF,0xFFFF,0xFFFF,0xFFFF,0xFFFF,0xF79E,
 0x31EC,0x1929,0x194A,0x1949,0x1949,0x1949,0x1949,0x1949,0x1949,0x194A,0x1109,0xC63A,
 0xFFFF,0xFFFF,0xFFFF,0xFFFF,0xFFFF,0xFFFF,0xFFFF,0xFFFF,0xFFFF,0xFFFF,0xFFFF,0xFFFF,
 0xFFFF,0xFFFF,0xFFFF,0xFFFF,0xFFFF,0xFFFF,0xFFFF,0xFFFF,0xFFFF,0xFFFF,0xFFFF,0xFFFF,
 0xFFFF,0xFFFF,0xFFFF,0xFFFF,0xFFFF,0xFFFF,0xFFFF,0xFFFF,0xFFFF,0xFFFF,0xFFFF,0xFFFF,
 0xFFFF,0xFFFF,0xFFFF,0xFFFF,0xFFFF,0xFFFF,0xFFFF,0xFFFF,0xFFFF,0xFFFF,0xFFFF,0xA517,
 0x08C8,0x216A,0x1949,0x1949,0x1949,0x1949,0x1949,0x1949,0x194A,0x1929,0x220E,0x349A,
 0x3479,0x3479,0x3479,0x3479,0x3479,0x3459,0x3459,0x3459,0x3C59,0x3C59,0x3C59,0x3C59,
 0x3C59,0x3C59,0x3C59,0x3C59,0x3C59,0x3C59,0x3C7A,0x33D6,0x0020,0x0000,0x0000,0x0000,
 0x0000,0x0000,0x0000,0x0000,0x0000,0x0000,0x0000,0x0000,0x0000,0x0000,0x0000,0x0000,
 0x0000,0x0000,0x0000,0x0000,0x0000,0x0000,0x0000,0x0000,0x0000,0x0000,0x0000,0x0000,
 0x0000,0x0000,0x0000,0x0000,0x0000,0x0000,0x0000,0x0000,0x0000,0x0000,0x0000,0x0000,
 0x0000,0x0000,0x0000,0x0000,0x0000,0x0000,0x0000,0x0000,0x0000,0x0000,0x0000,0x0000,
 0x0000,0x0000,0x0000,0x0000,0x0000,0x0000,0x0000,0x0000,0x0000,0x0000,0x0021,0x1908,
 0x214A,0x1929,0x1949,0x1949,0x1949,0x1949,0x1949,0x1949,0x1949,0x1949,0x1949,0x216A,
 0x10E8,0x422D,0xEF3D,0xFFFF,0xFFFF,0xFFFF,0xFFFF,0xFFFF,0xFFFF,0xFFFF,0xFFFF,0xFFFF,
 0xFFFF,0xFFFF,0xFFFF,0xFFFF,0xFFFF,0xFFFF,0xFFFF,0xFFFF,0xFFFF,0xFFFF,0xFFFF,0xFFFF,
 0xFFFF,0xFFFF,0xFFFF,0xFFFF,0xFFFF,0xFFFF,0xFFFF,0xBDD9,0x10E8,0x214A,0x1949,0x1949,
 0x1949,0x1949,0x1949,0x1949,0x214A,0x1109,0x422D,0xFFDF,0xFFFF,0xFFFF,0xFFFF,0xFFFF,
 0xFFFF,0xFFFF,0xFFFF,0xFFFF,0xFFFF,0xFFFF,0xFFFF,0xFFFF,0xFFFF,0xFFFF,0xFFFF,0xFFFF,
 0xFFFF,0xFFFF,0xFFFF,0xFFFF,0xFFFF,0xFFFF,0xFFFF,0xFFFF,0xFFFF,0xFFFF,0xFFFF,0xFFFF,
 0xFFFF,0xFFFF,0xFFFF,0xFFFF,0xFFFF,0xFFFF,0xFFFF,0xFFFF,0xFFFF,0xFFFF,0xFFFF,0xFFFF,
 0xFFFF,0xFFFF,0xFFFF,0xFFFF,0xFFFF,0xFFFF,0xFFFF,0x52CF,0x10E8,0x214A,0x1949,0x1949,
 0x1949,0x1949,0x1949,0x1949,0x194A,0x1908,0x2B33,0x34BA,0x3479,0x3479,0x3479,0x3479,
 0x3479,0x3459,0x3459,0x3C59,0x3C59,0x3C59,0x3C59,0x3C59,0x3C59,0x3C59,0x3C59,0x3C59,
 0x3C59,0x3C59,0x3C7A,0x33D6,0x0020,0x0000,0x0000,0x0000,0x0000,0x0000,0x0000,0x0000,
 0x0000,0x0000,0x0000,0x0000,0x0000,0x0000,0x0000,0x0000,0x0000,0x0000,0x0000,0x0000,
 0x0000,0x0000,0x0000,0x0000,0x0000,0x0000,0x0000,0x0000,0x0000,0x0000,0x0000,0x0000,
 0x0000,0x0000,0x0000,0x0000,0x0000,0x0000,0x0000,0x0000,0x0000,0x0000,0x0000,0x0000,
 0x0000,0x0000,0x0000,0x0000,0x0000,0x0000,0x0000,0x0000,0x0000,0x0000,0x0000,0x0000,
 0x0000,0x0000,0x0000,0x0000,0x0000,0x0000,0x0000,0x0020,0x1908,0x214A,0x1929,0x1949,
 0x1949,0x1949,0x1949,0x1949,0x1949,0x1949,0x1949,0x1949,0x216A,0x10E8,0x422D,0xEF3D,
 0xFFFF,0xFFFF,0xFFFF,0xFFFF,0xFFFF,0xFFFF,0xFFFF,0xFFFF,0xFFFF,0xFFFF,0xFFFF,0xFFFF,
 0xFFFF,0xFFFF,0xFFFF,0xFFFF,0xFFFF,0xFFFF,0xFFFF,0xFFFF,0xFFFF,0xFFFF,0xFFFF,0xFFFF,
 0xFFFF,0xFFFF,0xFFFF,0x6B71,0x10E8,0x216A,0x1949,0x1949,0x1949,0x1949,0x1949,0x1949,
 0x216A,0x08C8,0x8C54,0xFFFF,0xFFFF,0xFFFF,0xFFFF,0xFFFF,0xFFFF,0xFFFF,0xFFFF,0xFFFF,
 0xFFFF,0xFFFF,0xFFFF,0xFFFF,0xFFFF,0xFFFF,0xFFFF,0xFFFF,0xFFFF,0xFFFF,0xFFFF,0xFFFF,
 0xFFFF,0xFFFF,0xFFFF,0xFFFF,0xFFFF,0xFFFF,0xFFFF,0xFFFF,0xFFFF,0xFFFF,0xFFFF,0xFFFF,
 0xFFFF,0xFFFF,0xFFFF,0xFFFF,0xFFFF,0xFFFF,0xFFFF,0xFFFF,0xFFFF,0xFFFF,0xFFFF,0xFFFF,
 0xFFFF,0xFFFF,0xDEDC,0x194A,0x1949,0x1949,0x1949,0x1949,0x1949,0x1949,0x1949,0x1949,
 0x1949,0x196A,0x3418,0x349A,0x3479,0x3479,0x3479,0x3479,0x3459,0x3459,0x3459,0x3C59,
 0x3C59,0x3C59,0x3C59,0x3C59,0x3C59,0x3C59,0x3C59,0x3C59,0x3C59,0x3C59,0x3C7A,0x33D6,
 0x0020,0x0000,0x0000,0x0000,0x0000,0x0000,0x0000,0x0000,0x0000,0x0000,0x0000,0x0000,
 0x0000,0x0000,0x0000,0x0000,0x0000,0x0000,0x0000,0x0000,0x0000,0x0000,0x0000,0x0000,
 0x0000,0x0000,0x0000,0x0000,0x0000,0x0000,0x0000,0x0000,0x0000,0x0000,0x0000,0x0000,
 0x0000,0x0000,0x0000,0x0000,0x0000,0x0000,0x0000,0x0000,0x0000,0x0000,0x0000,0x0000,
 0x0000,0x0000,0x0000,0x0000,0x0000,0x0000,0x0000,0x0000,0x0000,0x0000,0x0000,0x0000,
 0x0000,0x0000,0x0000,0x0000,0x0021,0x1908,0x214A,0x1929,0x1949,0x1949,0x1949,0x1949,
 0x1949,0x1949,0x1949,0x1949,0x1949,0x216A,0x10E8,0x422D,0xEF3D,0xFFFF,0xFFFF,0xFFFF,
 0xFFFF,0xFFFF,0xFFFF,0xFFFF,0xFFFF,0xFFFF,0xFFFF,0xFFFF,0xFFFF,0xFFFF,0xFFFF,0xFFFF,
 0xFFFF,0xFFFF,0xFFFF,0xFFFF,0xFFFF,0xFFFF,0xFFFF,0xFFFF,0xFFFF,0xFFFF,0xEF5E,0x298B,
 0x1929,0x194A,0x1949,0x1949,0x1949,0x1949,0x1949,0x1949,0x1949,0x1929,0xD6BC,0xFFFF,
 0xFFFF,0xFFFF,0xFFFF,0xFFFF,0xFFFF,0xFFFF,0xFFFF,0xFFFF,0xFFFF,0xFFFF,0xFFFF,0xFFFF,
 0xFFFF,0xFFFF,0xFFFF,0xFFFF,0xFFFF,0xFFFF,0xFFFF,0xFFFF,0xFFFF,0xFFFF,0xFFFF,0xFFFF,
 0xFFFF,0xFFFF,0xFFFF,0xFFFF,0xFFFF,0xFFFF,0xFFFF,0xFFFF,0xFFFF,0xFFFF,0xFFFF,0xFFFF,
 0xFFFF,0xFFFF,0xFFFF,0xFFFF,0xFFFF,0xFFFF,0xFFFF,0xFFFF,0xFFFF,0xFFFF,0x9495,0x08C8,
 0x216A,0x1949,0x1949,0x1949,0x1949,0x1949,0x1949,0x194A,0x1908,0x224F,0x349A,0x3479,
 0x3479,0x3479,0x3479,0x3459,0x3459,0x3C59,0x3C59,0x3C59,0x3C59,0x3C59,0x3C59,0x3C59,
 0x3C59,0x3C59,0x3C59,0x3C59,0x3C59,0x3C59,0x3C7A,0x33D6,0x0020,0x0000,0x0000,0x0000,
 0x0000,0x0000,0x0000,0x0000,0x0000,0x0000,0x0000,0x0000,0x0000,0x0000,0x0000,0x0000,
 0x0000,0x0000,0x0000,0x0000,0x0000,0x0000,0x0000,0x0000,0x0000,0x0000,0x0000,0x0000,
 0x0000,0x0000,0x0000,0x0000,0x0000,0x0000,0x0000,0x0000,0x0000,0x0000,0x0000,0x0000,
 0x0000,0x0000,0x0000,0x0000,0x0000,0x0000,0x0000,0x0000,0x0000,0x0000,0x0000,0x0000,
 0x0000,0x0000,0x0000,0x0000,0x0000,0x0000,0x0000,0x0000,0x0000,0x0000,0x0000,0x0000,
 0x0000,0x0021,0x1908,0x214A,0x1929,0x1949,0x1949,0x1949,0x1949,0x1949,0x1949,0x1949,
 0x1949,0x1949,0x216A,0x10E8,0x422D,0xEF3D,0xFFFF,0xFFFF,0xFFFF,0xFFFF,0xFFFF,0xFFFF,
 0xFFFF,0xFFFF,0xFFFF,0xFFFF,0xFFFF,0xFFFF,0xFFFF,0xFFFF,0xFFFF,0xFFFF,0xFFFF,0xFFFF,
 0xFFFF,0xFFFF,0xFFFF,0xFFFF,0xFFFF,0xFFFF,0xA537,0x10C8,0x216A,0x1949,0x1949,0x1949,
 0x1949,0x1949,0x1949,0x214A,0x1108,0x4A8E,0xFFFF,0xFFFF,0xFFFF,0xFFFF,0xFFFF,0xFFFF,
 0xFFFF,0xFFFF,0xFFFF,0xFFFF,0xFFFF,0xFFFF,0xFFFF,0xFFFF,0xFFFF,0xFFFF,0xFFFF,0xFFFF,
 0xFFFF,0xFFFF,0xFFFF,0xFFFF,0xFFFF,0xFFFF,0xFFFF,0xFFFF,0xFFFF,0xFFFF,0xFFFF,0xFFFF,
 0xFFFF,0xFFFF,0xFFFF,0xFFFF,0xFFFF,0xFFFF,0xFFFF,0xFFFF,0xFFFF,0xFFFF,0xFFFF,0xFFFF,
 0xFFFF,0xFFFF,0xFFFF,0xFFFF,0xFFFF,0xFFFF,0x426D,0x1109,0x214A,0x1949,0x1949,0x1949,
 0x1949,0x1949,0x1949,0x194A,0x1909,0x2B54,0x34BA,0x3459,0x3479,0x3479,0x3459,0x3459,
 0x3459,0x3C59,0x3C59,0x3C59,0x3C59,0x3C59,0x3C59,0x3C59,0x3C59,0x3C59,0x3C59,0x3C59,
 0x3C59,0x3C59,0x3C7A,0x33D6,0x0020,0x0000,0x0000,0x0000,0x0000,0x0000,0x0000,0x0000,
 0x0000,0x0000,0x0000,0x0000,0x0000,0x0000,0x0000,0x0000,0x0000,0x0000,0x0000,0x0000,
 0x0000,0x0000,0x0000,0x0000,0x0000,0x0000,0x0000,0x0000,0x0000,0x0000,0x0000,0x0000,
 0x0000,0x0000,0x0000,0x0000,0x0000,0x0000,0x0000,0x0000,0x0000,0x0000,0x0000,0x0000,
 0x0000,0x0000,0x0000,0x0000,0x0000,0x0000,0x0000,0x0000,0x0000,0x0000,0x0000,0x0000,
 0x0000,0x0000,0x0000,0x0000,0x0000,0x0000,0x0000,0x0000,0x0000,0x0000,0x0021,0x1908,
 0x214A,0x1929,0x1949,0x1949,0x1949,0x1949,0x1949,0x1949,0x1949,0x1949,0x1949,0x216A,
 0x10E8,0x422D,0xEF3D,0xFFFF,0xFFFF,0xFFFF,0xFFFF,0xFFFF,0xFFFF,0xFFFF,0xFFFF,0xFFFF,
 0xFFFF,0xFFFF,0xFFFF,0xFFFF,0xFFFF,0xFFFF,0xFFFF,0xFFFF,0xFFFF,0xFFFF,0xFFFF,0xFFFF,
 0xFFFF,0xFFFF,0x5AEF,0x10E8,0x214A,0x1949,0x1949,0x1949,0x1949,0x1949,0x1949,0x216A,
 0x08C8,0x9CD6,0xFFFF,0xFFFF,0xFFFF,0xFFFF,0xFFFF,0xFFFF,0xFFFF,0xFFFF,0xFFFF,0xFFFF,
 0xFFFF,0xFFFF,0xFFFF,0xFFFF,0xFFFF,0xFFFF,0xFFFF,0xFFFF,0xFFFF,0xFFFF,0xFFFF,0xFFFF,
 0xFFFF,0xFFFF,0xFFFF,0xFFFF,0xFFFF,0xFFFF,0xFFFF,0xFFFF,0xFFFF,0xFFFF,0xFFFF,0xFFFF,
 0xFFFF,0xFFFF,0xFFFF,0xFFFF,0xFFFF,0xFFFF,0xFFFF,0xFFFF,0xFFFF,0xFFFF,0xFFFF,0xFFFF,
 0xFFFF,0xCE7B,0x1909,0x194A,0x1949,0x1949,0x1949,0x1949,0x1949,0x1949,0x194A,0x1929,
 0x218B,0x3439,0x3479,0x3479,0x3479,0x3459,0x3459,0x3459,0x3C59,0x3C59,0x3C59,0x3C59,
 0x3C59,0x3C59,0x3C59,0x3C59,0x3C59,0x3C59,0x3C59,0x3C59,0x3C59,0x3C59,0x3C7A,0x33D6,
 0x0020,0x0000,0x0000,0x0000,0x0000,0x0000,0x0000,0x0000,0x0000,0x0000,0x0000,0x0000,
 0x0000,0x0000,0x0000,0x0000,0x0000,0x0000,0x0000,0x0000,0x0000,0x0000,0x0000,0x0000,
 0x0000,0x0000,0x0000,0x0000,0x0000,0x0000,0x0000,0x0000,0x0000,0x0000,0x0000,0x0000,
 0x0000,0x0000,0x0000,0x0000,0x0000,0x0000,0x0000,0x0000,0x0000,0x0000,0x0000,0x0000,
 0x0000,0x0000,0x0000,0x0000,0x0000,0x0000,0x0000,0x0000,0x0000,0x0000,0x0000,0x0000,
 0x0000,0x0000,0x0000,0x0000,0x0000,0x0000,0x0000,0x0021,0x1908,0x214A,0x1929,0x1949,
 0x1949,0x1949,0x1949,0x1949,0x1949,0x1949,0x1949,0x1949,0x216A,0x10E8,0x422D,0xEF3D,
 0xFFFF,0xFFFF,0xFFFF,0xFFFF,0xFFFF,0xFFFF,0xFFFF,0xFFFF,0xFFFF,0xFFFF,0xFFFF,0xFFFF,
 0xFFFF,0xFFFF,0xFFFF,0xFFFF,0xFFFF,0xFFFF,0xFFFF,0xFFFF,0xFFFF,0xDEFC,0x214A,0x1949,
 0x1949,0x1949,0x1949,0x1949,0x1949,0x1949,0x194A,0x1949,0x216A,0xE71D,0xFFFF,0xFFFF,
 0xFFFF,0xFFFF,0xFFFF,0xFFFF,0xFFFF,0xFFFF,0xFFFF,0xFFFF,0xFFFF,0xFFFF,0xFFFF,0xFFFF,
 0xFFFF,0xFFFF,0xFFFF,0xFFFF,0xFFFF,0xFFFF,0xFFFF,0xFFFF,0xFFFF,0xFFFF,0xFFFF,0xFFFF,
 0xFFFF,0xFFFF,0xFFFF,0xFFFF,0xFFFF,0xFFFF,0xFFFF,0xFFFF,0xFFFF,0xFFFF,0xFFFF,0xFFFF,
 0xFFFF,0xFFFF,0xFFFF,0xFFFF,0xFFFF,0xFFFF,0xFFFF,0xFFFF,0xFFFF,0x8433,0x08C8,0x216A,
 0x1949,0x1949,0x1949,0x1949,0x1949,0x1949,0x194A,0x1908,0x2270,0x349A,0x3479,0x3479,
 0x3479,0x3459,0x3459,0x3C59,0x3C59,0x3C59,0x3C59,0x3C59,0x3C59,0x3C59,0x3C59,0x3C59,
 0x3C59,0x3C59,0x3C59,0x3C59,0x3C59,0x3C59,0x3C7A,0x33D6,0x0020,0x0000,0x0000,0x0000,
 0x0000,0x0000,0x0000,0x0000,0x0000,0x0000,0x0000,0x0000,0x0000,0x0000,0x0000,0x0000,
 0x0000,0x0000,0x0000,0x0000,0x0000,0x0000,0x0000,0x0000,0x0000,0x0000,0x0000,0x0000,
 0x0000,0x0000,0x0000,0x0000,0x0000,0x0000,0x0000,0x0000,0x0000,0x0000,0x0000,0x0000,
 0x0000,0x0000,0x0000,0x0000,0x0000,0x0000,0x0000,0x0000,0x0000,0x0000,0x0000,0x0000,
 0x0000,0x0000,0x0000,0x0000,0x0000,0x0000,0x0000,0x0000,0x0000,0x0000,0x0000,0x0000,
 0x0000,0x0000,0x0000,0x0000,0x0021,0x1908,0x214A,0x1929,0x1949,0x1949,0x1949,0x1949,
 0x1949,0x1949,0x1949,0x1949,0x1949,0x216A,0x10E8,0x422D,0xEF5D,0xFFFF,0xFFFF,0xFFFF,
 0xFFFF,0xFFFF,0xFFFF,0xFFFF,0xFFFF,0xFFFF,0xFFFF,0xFFFF,0xFFFF,0xFFFF,0xFFFF,0xFFFF,
 0xFFFF,0xFFFF,0xFFFF,0xFFFF,0xFFFF,0x94B5,0x08C8,0x216A,0x1949,0x1949,0x1949,0x1949,
 0x1949,0x1949,0x216A,0x10E8,0x5B10,0xFFFF,0xFFFF,0xFFFF,0xFFFF,0xFFFF,0xFFFF,0xFFFF,
 0xFFFF,0xFFFF,0xFFFF,0xFFFF,0xFFFF,0xFFFF,0xFFFF,0xFFFF,0xFFFF,0xFFFF,0xFFFF,0xFFFF,
 0xFFFF,0xFFFF,0xFFFF,0xFFFF,0xFFFF,0xFFFF,0xFFFF,0xFFFF,0xFFFF,0xFFFF,0xFFFF,0xFFFF,
 0xFFFF,0xFFFF,0xFFFF,0xFFFF,0xFFFF,0xFFFF,0xFFFF,0xFFFF,0xFFFF,0xFFFF,0xFFFF,0xFFFF,
 0xFFFF,0xFFFF,0xFFFF,0xFFFF,0xF7BF,0x3A0C,0x1909,0x194A,0x1949,0x1949,0x1949,0x1949,
 0x1949,0x1949,0x194A,0x1929,0x2B95,0x349A,0x3479,0x3479,0x3459,0x3459,0x3C59,0x3C59,
 0x3C59,0x3C59,0x3C59,0x3C59,0x3C59,0x3C59,0x3C59,0x3C59,0x3C59,0x3C59,0x3C59,0x3C59,
 0x3C59,0x3C59,0x3C7A,0x33D6,0x0020,0x0000,0x0000,0x0000,0x0000,0x0000,0x0000,0x0000,
 0x0000,0x0000,0x0000,0x0000,0x0000,0x0000,0x0000,0x0000,0x0000,0x0000,0x0000,0x0000,
 0x0000,0x0000,0x0000,0x0000,0x0000,0x0000,0x0000,0x0000,0x0000,0x0000,0x0000,0x0000,
 0x0000,0x0000,0x0000,0x0000,0x0000,0x0000,0x0000,0x0000,0x0000,0x0000,0x0000,0x0000,
 0x0000,0x0000,0x0000,0x0000,0x0000,0x0000,0x0000,0x0000,0x0000,0x0000,0x0000,0x0000,
 0x0000,0x0000,0x0000,0x0000,0x0000,0x0000,0x0000,0x0000,0x0000,0x0000,0x0000,0x0000,
 0x0000,0x0021,0x1908,0x214A,0x1949,0x1949,0x1949,0x1949,0x1949,0x1949,0x1949,0x1949,
 0x1949,0x1949,0x216A,0x10E8,0x422D,0xEF5D,0xFFFF,0xFFFF,0xFFFF,0xFFFF,0xFFFF,0xFFFF,
 0xFFFF,0xFFFF,0xFFFF,0xFFFF,0xFFFF,0xFFFF,0xFFFF,0xFFFF,0xFFFF,0xFFFF,0xFFFF,0xFFFF,
 0xFFFF,0x4A8E,0x1108,0x214A,0x1949,0x1949,0x1949,0x1949,0x1949,0x1949,0x216A,0x10E8,
 0xAD58,0xFFFF,0xFFFF,0xFFFF,0xFFFF,0xFFFF,0xFFFF,0xFFFF,0xFFFF,0xFFFF,0xFFFF,0xFFFF,
 0xFFFF,0xFFFF,0xFFFF,0xFFFF,0xFFFF,0xFFFF,0xFFFF,0xFFFF,0xFFFF,0xFFFF,0xFFFF,0xFFFF,
 0xFFFF,0xFFFF,0xFFFF,0xFFFF,0xFFFF,0xFFFF,0xFFFF,0xFFFF,0xFFFF,0xFFFF,0xFFFF,0xFFFF,
 0xFFFF,0xFFFF,0xFFFF,0xFFFF,0xFFFF,0xFFFF,0xFFFF,0xFFFF,0xFFFF,0xFFFF,0xFFFF,0xFFFF,
 0xBDF9,0x10E9,0x214A,0x1949,0x1949,0x1949,0x1949,0x1949,0x1949,0x194A,0x1929,0x21AC,
 0x3459,0x3479,0x3479,0x3459,0x3459,0x3C59,0x3C59,0x3C59,0x3C59,0x3C59,0x3C59,0x3C59,
 0x3C59,0x3C59,0x3C59,0x3C59,0x3C59,0x3C59,0x3C59,0x3C59,0x3C59,0x3C59,0x3C7A,0x33D6,
 0x0020,0x0000,0x0000,0x0000,0x0000,0x0000,0x0000,0x0000,0x0000,0x0000,0x0000,0x0000,
 0x0000,0x0000,0x0000,0x0000,0x0000,0x0000,0x0000,0x0000,0x0000,0x0000,0x0000,0x0000,
 0x0000,0x0000,0x0000,0x0000,0x0000,0x0000,0x0000,0x0000,0x0000,0x0000,0x0000,0x0000,
 0x0000,0x0000,0x0000,0x0000,0x0000,0x0000,0x0000,0x0000,0x0000,0x0000,0x0000,0x0000,
 0x0000,0x0000,0x0000,0x0000,0x0000,0x0000,0x0000,0x0000,0x0000,0x0000,0x0000,0x0000,
 0x0000,0x0000,0x0000,0x0000,0x0000,0x0000,0x0000,0x0000,0x0000,0x0000,0x0021,0x1908,
 0x214A,0x1929,0x1949,0x1949,0x1949,0x1949,0x1949,0x1949,0x1949,0x1949,0x1949,0x216A,
 0x10E8,0x422D,0xEF3D,0xFFFF,0xFFFF,0xFFFF,0xFFFF,0xFFFF,0xFFFF,0xFFFF,0xFFFF,0xFFFF,
 0xFFFF,0xFFFF,0xFFFF,0xFFFF,0xFFFF,0xFFFF,0xFFFF,0xFFFF,0xD67B,0x1929,0x1949,0x1949,
 0x1949,0x1949,0x1949,0x1949,0x1949,0x194A,0x1929,0x29AB,0xEF7E,0xFFFF,0xFFFF,0xFFFF,
 0xFFFF,0xFFFF,0xFFFF,0xFFFF,0xFFFF,0xFFFF,0xFFFF,0xFFFF,0xFFFF,0xFFFF,0xFFFF,0xFFFF,
 0xFFFF,0xFFFF,0xFFFF,0xFFFF,0xFFFF,0xFFFF,0xFFFF,0xFFFF,0xFFFF,0xFFFF,0xFFFF,0xFFFF,
 0xFFFF,0xFFFF,0xFFFF,0xFFFF,0xFFFF,0xFFFF,0xFFFF,0xFFFF,0xFFFF,0xFFFF,0xFFFF,0xFFFF,
 0xFFFF,0xFFFF,0xFFFF,0xFFFF,0xFFFF,0xFFFF,0xFFFF,0xFFFF,0x73B2,0x08E8,0x216A,0x1949,
 0x1949,0x1949,0x1949,0x1949,0x1949,0x194A,0x1908,0x22B1,0x34BA,0x3459,0x3459,0x3459,
 0x3459,0x3C59,0x3C59,0x3C59,0x3C59,0x3C59,0x3C59,0x3C59,0x3C59,0x3C59,0x3C59,0x3C59,
 0x3C59,0x3C59,0x3C59,0x3C59,0x3C59,0x3C59,0x3C7A,0x33D6,0x0020,0x0000,0x0000,0x0000,
 0x0000,0x0000,0x0000,0x0000,0x0000,0x0000,0x0000,0x0000,0x0000,0x0000,0x0000,0x0000,
 0x0000,0x0000,0x0000,0x0000,0x0000,0x0000,0x0000,0x0000,0x0000,0x0000,0x0000,0x0000,
 0x0000,0x0000,0x0000,0x0000,0x0000,0x0000,0x0000,0x0000,0x0000,0x0000,0x0000,0x0000,
 0x0000,0x0000,0x0000,0x0000,0x0000,0x0000,0x0000,0x0000,0x0000,0x0000,0x0000,0x0000,
 0x0000,0x0000,0x0000,0x0000,0x0000,0x0000,0x0000,0x0000,0x0000,0x0000,0x0000,0x0000,
 0x0000,0x0000,0x0000,0x0000,0x0000,0x0000,0x0000,0x0021,0x1908,0x214A,0x1929,0x1949,
 0x1949,0x1949,0x1949,0x1949,0x1949,0x1949,0x1949,0x1949,0x216A,0x10E8,0x422D,0xEF5D,
 0xFFFF,0xFFFF,0xFFFF,0xFFFF,0xFFFF,0xFFFF,0xFFFF,0xFFFF,0xFFFF,0xFFFF,0xFFFF,0xFFFF,
 0xFFFF,0xFFFF,0xFFFF,0xFFFF,0x8434,0x08C8,0x216A,0x1949,0x1949,0x1949,0x1949,0x1949,
 0x1949,0x216A,0x10E8,0x6B92,0xFFFF,0xFFFF,0xFFFF,0xFFFF,0xFFFF,0xFFFF,0xFFFF,0xFFFF,
 0xFFFF,0xFFFF,0xFFFF,0xFFFF,0xFFFF,0xFFFF,0xFFFF,0xFFFF,0xFFFF,0xFFFF,0xFFFF,0xFFFF,
 0xFFFF,0xFFFF,0xFFFF,0xFFFF,0xFFFF,0xFFFF,0xFFFF,0xFFFF,0xFFFF,0xFFFF,0xFFFF,0xFFFF,
 0xFFFF,0xFFFF,0xFFFF,0xFFFF,0xFFFF,0xFFFF,0xFFFF,0xFFFF,0xFFFF,0xFFFF,0xFFFF,0xFFFF,
 0xFFFF,0xFFFF,0xFFFF,0xEF7E,0x29CB,0x1929,0x194A,0x1949,0x1949,0x1949,0x1949,0x1949,
 0x1949,0x1949,0x1929,0x2BB6,0x349A,0x3459,0x3459,0x3459,0x3C59,0x3C59,0x3C59,0x3C59,
 0x3C59,0x3C59,0x3C59,0x3C59,0x3C59,0x3C59,0x3C59,0x3C59,0x3C59,0x3C59,0x3C59,0x3C59,
 0x3C59,0x3C59,0x3C7A,0x33D6,0x0020,0x0000,0x0000,0x0000,0x0000,0x0000,0x0000,0x0000,
 0x0000,0x0000,0x0000,0x0000,0x0000,0x0000,0x0000,0x0000,0x0000,0x0000,0x0000,0x0000,
 0x0000,0x0000,0x0000,0x0000,0x0000,0x0000,0x0000,0x0000,0x0000,0x0000,0x0000,0x0000,
 0x0000,0x0000,0x0000,0x0000,0x0000,0x0000,0x0000,0x0000,0x0000,0x0000,0x0000,0x0000,
 0x0000,0x0000,0x0000,0x0000,0x0000,0x0000,0x0000,0x0000,0x0000,0x0000,0x0000,0x0000,
 0x0000,0x0000,0x0000,0x0000,0x0000,0x0000,0x0000,0x0000,0x0000,0x0000,0x0000,0x0000,
 0x0000,0x0000,0x0000,0x0000,0x0021,0x1908,0x214A,0x1929,0x1949,0x1949,0x1949,0x1949,
 0x1949,0x1949,0x1949,0x1949,0x1949,0x216A,0x10E8,0x422D,0xEF5D,0xFFFF,0xFFFF,0xFFFF,
 0xFFFF,0xFFFF,0xFFFF,0xFFFF,0xFFFF,0xFFFF,0xFFFF,0xFFFF,0xFFFF,0xFFFF,0xFFFF,0xFFBF,
 0x3A0D,0x1109,0x214A,0x1949,0x1949,0x1949,0x1949,0x1949,0x1949,0x214A,0x10E9,0xBDD9,
 0xFFFF,0xFFFF,0xFFFF,0xFFFF,0xFFFF,0xFFFF,0xFFFF,0xFFFF,0xFFFF,0xFFFF,0xFFFF,0xFFFF,
 0xFFFF,0xFFFF,0xFFFF,0xFFFF,0xFFFF,0xFFFF,0xFFFF,0xFFFF,0xFFFF,0xFFFF,0xFFFF,0xFFFF,
 0xFFFF,0xFFFF,0xFFFF,0xFFFF,0xFFFF,0xFFFF,0xFFFF,0xFFFF,0xFFFF,0xFFFF,0xFFFF,0xFFFF,
 0xFFFF,0xFFFF,0xFFFF,0xFFFF,0xFFFF,0xFFFF,0xFFFF,0xFFFF,0xFFFF,0xFFFF,0xFFFF,0xAD78,
 0x10E8,0x216A,0x1949,0x1949,0x1949,0x1949,0x1949,0x1949,0x194A,0x1929,0x21CD,0x3479,
 0x3479,0x3459,0x3459,0x3C59,0x3C59,0x3C59,0x3C59,0x3C59,0x3C59,0x3C59,0x3C59,0x3C59,
 0x3C59,0x3C59,0x3C59,0x3C59,0x3C59,0x3C59,0x3C59,0x3C59,0x3C59,0x3C59,0x3C7A,0x33D6,
 0x0020,0x0000,0x0000,0x0000,0x0000,0x0000,0x0000,0x0000,0x0000,0x0000,0x0000,0x0000,
 0x0000,0x0000,0x0000,0x0000,0x0000,0x0000,0x0000,0x0000,0x0000,0x0000,0x0000,0x0000,
 0x0000,0x0000,0x0000,0x0000,0x0000,0x0000,0x0000,0x0000,0x0000,0x0000,0x0000,0x0000,
 0x0000,0x0000,0x0000,0x0000,0x0000,0x0000,0x0000,0x0000,0x0000,0x0000,0x0000,0x0000,
 0x0000,0x0000,0x0000,0x0000,0x0000,0x0000,0x0000,0x0000,0x0000,0x0000,0x0000,0x0000,
 0x0000,0x0000,0x0000,0x0000,0x0000,0x0000,0x0000,0x0000,0x0000,0x0000,0x0000,0x0000,
 0x0000,0x0021,0x1908,0x214A,0x1929,0x1949,0x1949,0x1949,0x1949,0x1949,0x1949,0x1949,
 0x1949,0x1949,0x216A,0x10E8,0x422D,0xEF5D,0xFFFF,0xFFFF,0xFFFF,0xFFFF,0xFFFF,0xFFFF,
 0xFFFF,0xFFFF,0xFFFF,0xFFFF,0xFFFF,0xFFFF,0xFFFF,0xC61A,0x10E9,0x214A,0x1949,0x1949,
 0x1949,0x1949,0x1949,0x1949,0x214A,0x1929,0x3A0C,0xF7BF,0xFFFF,0xFFFF,0xFFFF,0xFFFF,
 0xFFFF,0xFFFF,0xFFFF,0xFFFF,0xFFFF,0xFFFF,0xFFFF,0xFFFF,0xFFFF,0xFFFF,0xFFFF,0xFFFF,
 0xFFFF,0xFFFF,0xFFFF,0xFFFF,0xFFFF,0xFFFF,0xFFFF,0xFFFF,0xFFFF,0xFFFF,0xFFFF,0xFFFF,
 0xFFFF,0xFFFF,0xFFFF,0xFFFF,0xFFFF,0xFFFF,0xFFFF,0xFFFF,0xFFFF,0xFFFF,0xFFFF,0xFFFF,
 0xFFFF,0xFFFF,0xFFFF,0xFFFF,0xFFFF,0xFFFF,0xFFFF,0x6330,0x10E8,0x216A,0x1949,0x1949,
 0x1949,0x1949,0x1949,0x1949,0x194A,0x1908,0x2AD2,0x3C9A,0x3459,0x3459,0x3C59,0x3C59,
 0x3C59,0x3C59,0x3C59,0x3C59,0x3C59,0x3C59,0x3C59,0x3C59,0x3C59,0x3C59,0x3C59,0x3C59,
 0x3C59,0x3C59,0x3C59,0x3C59,0x3C59,0x3C59,0x3C7A,0x33D6,0x0020,0x0000,0x0000,0x0000,
 0x0000,0x0000,0x0000,0x0000,0x0000,0x0000,0x0000,0x0000,0x0000,0x0000,0x0000,0x0000,
 0x0000,0x0000,0x0000,0x0000,0x0000,0x0000,0x0000,0x0000,0x0000,0x0000,0x0000,0x0000,
 0x0000,0x0000,0x0000,0x0000,0x0000,0x0000,0x0000,0x0000,0x0000,0x0000,0x0000,0x0000,
 0x0000,0x0000,0x0000,0x0000,0x0000,0x0000,0x0000,0x0000,0x0000,0x0000,0x0000,0x0000,
 0x0000,0x0000,0x0000,0x0000,0x0000,0x0000,0x0000,0x0000,0x0000,0x0000,0x0000,0x0000,
 0x0000,0x0000,0x0000,0x0000,0x0000,0x0000,0x0000,0x0000,0x0000,0x0000,0x0021,0x1908,
 0x214A,0x1949,0x1949,0x1949,0x1949,0x1949,0x1949,0x1949,0x1949,0x1949,0x1949,0x216A,
 0x10E8,0x422D,0xEF5D,0xFFFF,0xFFFF,0xFFFF,0xFFFF,0xFFFF,0xFFFF,0xFFFF,0xFFFF,0xFFFF,
 0xFFFF,0xFFFF,0xFFFF,0x73B2,0x10E8,0x216A,0x1949,0x1949,0x1949,0x1949,0x1949,0x1949,
 0x216A,0x08C8,0x7C13,0xFFFF,0xFFFF,0xFFFF,0xFFFF,0xFFFF,0xFFFF,0xFFFF,0xFFFF,0xFFFF,
 0xFFFF,0xFFFF,0xFFFF,0xFFFF,0xFFFF,0xFFFF,0xFFFF,0xFFFF,0xFFFF,0xFFFF,0xFFFF,0xFFFF,
 0xFFFF,0xFFFF,0xFFFF,0xFFFF,0xFFFF,0xFFFF,0xFFFF,0xFFFF,0xFFFF,0xFFFF,0xFFFF,0xFFFF,
 0xFFFF,0xFFFF,0xFFFF,0xFFFF,0xFFFF,0xFFFF,0xFFFF,0xFFFF,0xFFFF,0xFFFF,0xFFFF,0xFFFF,
 0xFFFF,0xFFFF,0xE73D,0x216A,0x1929,0x194A,0x1949,0x1949,0x1949,0x1949,0x1949,0x1949,
 0x1949,0x194A,0x33D7,0x3479,0x3459,0x3459,0x3C59,0x3C59,0x3C59,0x3C59,0x3C59,0x3C59,
 0x3C59,0x3C59,0x3C59,0x3C59,0x3C59,0x3C59,0x3C59,0x3C59,0x3C59,0x3C59,0x3C59,0x3C59,
 0x3C59,0x3C59,0x3C7A,0x33D6,0x0020,0x0000,0x0000,0x0000,0x0000,0x0000,0x0000,0x0000,
 0x0000,0x0000,0x0000,0x0000,0x0000,0x0000,0x0000,0x0000,0x0000,0x0000,0x0000,0x0000,
 0x0000,0x0000,0x0000,0x0000,0x0000,0x0000,0x0000,0x0000,0x0000,0x0000,0x0000,0x0000,
 0x0000,0x0000,0x0000,0x0000,0x0000,0x0000,0x0000,0x0000,0x0000,0x0000,0x0000,0x0000,
 0x0000,0x0000,0x0000,0x0000,0x0000,0x0000,0x0000,0x0000,0x0000,0x0000,0x0000,0x0000,
 0x0000,0x0000,0x0000,0x0000,0x0000,0x0000,0x0000,0x0000,0x0000,0x0000,0x0000,0x0000,
 0x0000,0x0000,0x0000,0x0000,0x0000,0x0000,0x0000,0x0021,0x1908,0x214A,0x1929,0x1949,
 0x1949,0x1949,0x1949,0x1949,0x1949,0x1949,0x1949,0x1949,0x216A,0x10E8,0x422D,0xEF5D,
 0xFFFF,0xFFFF,0xFFFF,0xFFFF,0xFFFF,0xFFFF,0xFFFF,0xFFFF,0xFFFF,0xFFFF,0xF77E,0x31CC,
 0x1929,0x194A,0x1949,0x1949,0x1949,0x1949,0x1949,0x1949,0x194A,0x1909,0xCE5B,0xFFFF,
 0xFFFF,0xFFFF,0xFFFF,0xFFFF,0xFFFF,0xFFFF,0xFFFF,0xFFFF,0xFFFF,0xFFFF,0xFFFF,0xFFFF,
 0xFFFF,0xFFFF,0xFFFF,0xFFFF,0xFFFF,0xFFFF,0xFFFF,0xFFFF,0xFFFF,0xFFFF,0xFFFF,0xFFFF,
 0xFFFF,0xFFFF,0xFFFF,0xFFFF,0xFFFF,0xFFFF,0xFFFF,0xFFFF,0xFFFF,0xFFFF,0xFFFF,0xFFFF,
 0xFFFF,0xFFFF,0xFFFF,0xFFFF,0xFFFF,0xFFFF,0xFFFF,0xFFFF,0xFFFF,0xFFFF,0x9CF6,0x08C8,
 0x216A,0x1949,0x1949,0x1949,0x1949,0x1949,0x1949,0x194A,0x1929,0x220E,0x347A,0x3459,
 0x3459,0x3C59,0x3C59,0x3C59,0x3C59,0x3C59,0x3C59,0x3C59,0x3C59,0x3C59,0x3C59,0x3C59,
 0x3C59,0x3C59,0x3C59,0x3C59,0x3C59,0x3C59,0x3C59,0x3C59,0x3C59,0x3C59,0x3C7A,0x33D6,
 0x0020,0x0000,0x0000,0x0000,0x0000,0x0000,0x0000,0x0000,0x0000,0x0000,0x0000,0x0000,
 0x0000,0x0000,0x0000,0x0000,0x0000,0x0000,0x0000,0x0000,0x0000,0x0000,0x0000,0x0000,
 0x0000,0x0000,0x0000,0x0000,0x0000,0x0000,0x0000,0x0000,0x0000,0x0000,0x0000,0x0000,
 0x0000,0x0000,0x0000,0x0000,0x0000,0x0000,0x0000,0x0000,0x0000,0x0000,0x0000,0x0000,
 0x0000,0x0000,0x0000,0x0000,0x0000,0x0000,0x0000,0x0000,0x0000,0x0000,0x0000,0x0000,
 0x0000,0x0000,0x0000,0x0000,0x0000,0x0000,0x0000,0x0000,0x0000,0x0000,0x0000,0x0000,
 0x0000,0x0000,0x0000,0x0000,0x0021,0x1908,0x214A,0x1929,0x1949,0x1949,0x1949,0x1949,
 0x1949,0x1949,0x1949,0x1949,0x1949,0x216A,0x10E8,0x424D,0xEF5D,0xFFFF,0xFFFF,0xFFFF,
 0xFFFF,0xFFFF,0xFFFF,0xFFFF,0xFFFF,0xFFFF,0xB598,0x10E8,0x216A,0x1949,0x1949,0x1949,
 0x1949,0x1949,0x1949,0x214A,0x1109,0x424D,0xFFDF,0xFFFF,0xFFFF,0xFFFF,0xFFFF,0xFFFF,
 0xFFFF,0xFFFF,0xFFFF,0xFFFF,0xFFFF,0xFFFF,0xFFFF,0xFFFF,0xFFFF,0xFFFF,0xFFFF,0xFFFF,
 0xFFFF,0xFFFF,0xFFFF,0xFFFF,0xFFFF,0xFFFF,0xFFFF,0xFFFF,0xFFFF,0xFFFF,0xFFFF,0xFFFF,
 0xFFFF,0xFFFF,0xFFFF,0xFFFF,0xFFFF,0xFFFF,0xFFFF,0xFFFF,0xFFFF,0xFFFF,0xFFFF,0xFFFF,
 0xFFFF,0xFFFF,0xFFFF,0xFFFF,0xFFFF,0xFFFF,0x52AF,0x10E8,0x214A,0x1949,0x1949,0x1949,
 0x1949,0x1949,0x1949,0x194A,0x1909,0x2B13,0x3C9A,0x3459,0x3C59,0x3C59,0x3C59,0x3C59,
 0x3C59,0x3C59,0x3C59,0x3C59,0x3C59,0x3C59,0x3C59,0x3C59,0x3C59,0x3C59,0x3C59,0x3C59,
 0x3C59,0x3C59,0x3C59,0x3C59,0x3C59,0x3C59,0x3C7A,0x33D6,0x0020,0x0000,0x0000,0x0000,
 0x0000,0x0000,0x0000,0x0000,0x0000,0x0000,0x0000,0x0000,0x0000,0x0000,0x0000,0x0000,
 0x0000,0x0000,0x0000,0x0000,0x0000,0x0000,0x0000,0x0000,0x0000,0x0000,0x0000,0x0000,
 0x0000,0x0000,0x0000,0x0000,0x0000,0x0000,0x0000,0x0000,0x0000,0x0000,0x0000,0x0000,
 0x0000,0x0000,0x0000,0x0000,0x0000,0x0000,0x0000,0x0000,0x0000,0x0000,0x0000,0x0000,
 0x0000,0x0000,0x0000,0x0000,0x0000,0x0000,0x0000,0x0000,0x0000,0x0000,0x0000,0x0000,
 0x0000,0x0000,0x0000,0x0000,0x0000,0x0000,0x0000,0x0000,0x0000,0x0000,0x0000,0x0000,
 0x0000,0x0021,0x1908,0x214A,0x1929,0x1949,0x1949,0x1949,0x1949,0x1949,0x1949,0x1949,
 0x1949,0x1949,0x216A,0x10E8,0x422D,0xEF5D,0xFFFF,0xFFFF,0xFFFF,0xFFFF,0xFFFF,0xFFFF,
 0xFFFF,0xFFFF,0x6330,0x10E8,0x216A,0x1949,0x1949,0x1949,0x1949,0x1949,0x1949,0x216A,
 0x08C8,0x8C95,0xFFFF,0xFFFF,0xFFFF,0xFFFF,0xFFFF,0xFFFF,0xFFFF,0xFFFF,0xFFFF,0xFFFF,
 0xFFFF,0xFFFF,0xFFFF,0xFFFF,0xFFFF,0xFFFF,0xFFFF,0xFFFF,0xFFFF,0xFFFF,0xFFFF,0xFFFF,
 0xFFFF,0xFFFF,0xFFFF,0xFFFF,0xFFFF,0xFFFF,0xFFFF,0xFFFF,0xFFFF,0xFFFF,0xFFFF,0xFFFF,
 0xFFFF,0xFFFF,0xFFFF,0xFFFF,0xFFFF,0xFFFF,0xFFFF,0xFFFF,0xFFFF,0xFFFF,0xFFFF,0xFFFF,
 0xFFFF,0xDEBC,0x192A,0x1949,0x1949,0x1949,0x1949,0x1949,0x1949,0x1949,0x194A,0x1949,
 0x196B,0x3418,0x3C79,0x3C59,0x3C59,0x3C59,0x3C59,0x3C59,0x3C59,0x3C59,0x3C59,0x3C59,
 0x3C59,0x3C59,0x3C59,0x3C59,0x3C59,0x3C59,0x3C59,0x3C59,0x3C59,0x3C59,0x3C59,0x3C59,
 0x3C59,0x3C59,0x3C7A,0x33D6,0x0020,0x0000,0x0000,0x0000,0x0000,0x0000,0x0000,0x0000,
 0x0000,0x0000,0x0000,0x0000,0x0000,0x0000,0x0000,0x0000,0x0000,0x0000,0x0000,0x0000,
 0x0000,0x0000,0x0000,0x0000,0x0000,0x0000,0x0000,0x0000,0x0000,0x0000,0x0000,0x0000,
 0x0000,0x0000,0x0000,0x0000,0x0000,0x0000,0x0000,0x0000,0x0000,0x0000,0x0000,0x0000,
 0x0000,0x0000,0x0000,0x0000,0x0000,0x0000,0x0000,0x0000,0x0000,0x0000,0x0000,0x0000,
 0x0000,0x0000,0x0000,0x0000,0x0000,0x0000,0x0000,0x0000,0x0000,0x0000,0x0000,0x0000,
 0x0000,0x0000,0x0000,0x0000,0x0000,0x0000,0x0000,0x0000,0x0000,0x0000,0x0021,0x1908,
 0x214A,0x1929,0x1949,0x1949,0x1949,0x1949,0x1949,0x1949,0x1949,0x1949,0x1949,0x216A,
 0x10E8,0x422D,0xEF5D,0xFFFF,0xFFFF,0xFFFF,0xFFFF,0xFFFF,0xFFFF,0xE73D,0x216A,0x1949,
 0x194A,0x1949,0x1949,0x1949,0x1949,0x1949,0x1949,0x1949,0x194A,0xDEDC,0xFFFF,0xFFFF,
 0xFFFF,0xFFFF,0xFFFF,0xFFFF,0xFFFF,0xFFFF,0xFFFF,0xFFFF,0xFFFF,0xFFFF,0xFFFF,0xFFFF,
 0xFFFF,0xFFFF,0xFFFF,0xFFFF,0xFFFF,0xFFFF,0xFFFF,0xFFFF,0xFFFF,0xFFFF,0xFFFF,0xFFFF,
 0xFFFF,0xFFFF,0xFFFF,0xFFFF,0xFFFF,0xFFFF,0xFFFF,0xFFFF,0xFFFF,0xFFFF,0xFFFF,0xFFFF,
 0xFFFF,0xFFFF,0xFFFF,0xFFFF,0xFFFF,0xFFFF,0xFFFF,0xFFFF,0xFFFF,0x8C75,0x08C8,0x216A,
 0x1949,0x1949,0x1949,0x1949,0x1949,0x1949,0x194A,0x1908,0x222F,0x3C7A,0x3C59,0x3C59,
 0x3C59,0x3C59,0x3C59,0x3C59,0x3C59,0x3C59,0x3C59,0x3C59,0x3C59,0x3C59,0x3C59,0x3C59,
 0x3C59,0x3C59,0x3C59,0x3C59,0x3C59,0x3C59,0x3C59,0x3C59,0x3C59,0x3C59,0x3C7A,0x33D6,
 0x0020,0x0000,0x0000,0x0000,0x0000,0x0000,0x0000,0x0000,0x0000,0x0000,0x0000,0x0000,
 0x0000,0x0000,0x0000,0x0000,0x0000,0x0000,0x0000,0x0000,0x0000,0x0000,0x0000,0x0000,
 0x0000,0x0000,0x0000,0x0000,0x0000,0x0000,0x0000,0x0000,0x0000,0x0000,0x0000,0x0000,
 0x0000,0x0000,0x0000,0x0000,0x0000,0x0000,0x0000,0x0000,0x0000,0x0000,0x0000,0x0000,
 0x0000,0x0000,0x0000,0x0000,0x0000,0x0000,0x0000,0x0000,0x0000,0x0000,0x0000,0x0000,
 0x0000,0x0000,0x0000,0x0000,0x0000,0x0000,0x0000,0x0000,0x0000,0x0000,0x0000,0x0000,
 0x0000,0x0000,0x0000,0x0000,0x0000,0x0000,0x0000,0x0021,0x1908,0x214A,0x1949,0x1949,
 0x1949,0x1949,0x1949,0x1949,0x1949,0x1949,0x1949,0x1949,0x216A,0x10E8,0x424D,0xEF5D,
 0xFFFF,0xFFFF,0xFFFF,0xFFFF,0xFFFF,0x9CF6,0x08C8,0x216A,0x1949,0x1949,0x1949,0x1949,
 0x1949,0x1949,0x214A,0x10E8,0x52CF,0xFFFF,0xFFFF,0xFFFF,0xFFFF,0xFFFF,0xFFFF,0xFFFF,
 0xFFFF,0xFFFF,0xFFFF,0xFFFF,0xFFFF,0xFFFF,0xFFFF,0xFFFF,0xFFFF,0xFFFF,0xFFFF,0xFFFF,
 0xFFFF,0xFFFF,0xFFFF,0xFFFF,0xFFFF,0xFFFF,0xFFFF,0xFFFF,0xFFFF,0xFFFF,0xFFFF,0xFFFF,
 0xFFFF,0xFFFF,0xFFFF,0xFFFF,0xFFFF,0xFFFF,0xFFFF,0xFFFF,0xFFFF,0xFFFF,0xFFFF,0xFFFF,
 0xFFFF,0xFFFF,0xFFFF,0xFFFF,0xFFDF,0x424D,0x1109,0x214A,0x1949,0x1949,0x1949,0x1949,
 0x1949,0x1949,0x194A,0x1909,0x2B54,0x3C9A,0x3C59,0x3C59,0x3C59,0x3C59,0x3C59,0x3C59,
 0x3C59,0x3C59,0x3C59,0x3C59,0x3C59,0x3C59,0x3C59,0x3C59,0x3C59,0x3C59,0x3C59,0x3C59,
 0x3C59,0x3C59,0x3C59,0x3C59,0x3C59,0x3C59,0x3C7A,0x33D6,0x0020,0x0000,0x0000,0x0000,
 0x0000,0x0000,0x0000,0x0000,0x0000,0x0000,0x0000,0x0000,0x0000,0x0000,0x0000,0x0000,
 0x0000,0x0000,0x0000,0x0000,0x0000,0x0000,0x0000,0x0000,0x0000,0x0000,0x0000,0x0000,
 0x0000,0x0000,0x0000,0x0000,0x0000,0x0000,0x0000,0x0000,0x0000,0x0000,0x0000,0x0000,
 0x0000,0x0000,0x0000,0x0000,0x0000,0x0000,0x0000,0x0000,0x0000,0x0000,0x0000,0x0000,
 0x0000,0x0000,0x0000,0x0000,0x0000,0x0000,0x0000,0x0000,0x0000,0x0000,0x0000,0x0000,
 0x0000,0x0000,0x0000,0x0000,0x0000,0x0000,0x0000,0x0000,0x0000,0x0000,0x0000,0x0000,
 0x0000,0x0000,0x0000,0x0000,0x0021,0x1908,0x214A,0x1929,0x1949,0x1949,0x1949,0x1949,
 0x1949,0x1949,0x1949,0x1949,0x1949,0x216A,0x10E8,0x424D,0xEF5D,0xFFFF,0xFFFF,0xFFFF,
 0xFFFF,0x52AF,0x10E8,0x214A,0x1949,0x1949,0x1949,0x1949,0x1949,0x1949,0x216A,0x08C8,
 0xA516,0xFFFF,0xFFFF,0xFFFF,0xFFFF,0xFFFF,0xFFFF,0xFFFF,0xFFFF,0xFFFF,0xFFFF,0xFFFF,
 0xFFFF,0xFFFF,0xFFFF,0xFFFF,0xFFFF,0xFFFF,0xFFFF,0xFFFF,0xFFFF,0xFFFF,0xFFFF,0xFFFF,
 0xFFFF,0xFFFF,0xFFFF,0xFFFF,0xFFFF,0xFFFF,0xFFFF,0xFFFF,0xFFFF,0xFFFF,0xFFFF,0xFFFF,
 0xFFFF,0xFFFF,0xFFFF,0xFFFF,0xFFFF,0xFFFF,0xFFFF,0xFFFF,0xFFFF,0xFFFF,0xFFFF,0xFFFF,
 0xCE5A,0x1909,0x194A,0x1949,0x1949,0x1949,0x1949,0x1949,0x1949,0x194A,0x1929,0x198B,
 0x3438,0x3C59,0x3C59,0x3C59,0x3C59,0x3C59,0x3C59,0x3C59,0x3C59,0x3C59,0x3C59,0x3C59,
 0x3C59,0x3C59,0x3C59,0x3C59,0x3C59,0x3C59,0x3C59,0x3C59,0x3C59,0x3C59,0x3C59,0x3C59,
 0x3C59,0x3C59,0x3C7A,0x33D6,0x0020,0x0000,0x0000,0x0000,0x0000,0x0000,0x0000,0x0000,
 0x0000,0x0000,0x0000,0x0000,0x0000,0x0000,0x0000,0x0000,0x0000,0x0000,0x0000,0x0000,
 0x0000,0x0000,0x0000,0x0000,0x0000,0x0000,0x0000,0x0000,0x0000,0x0000,0x0000,0x0000,
 0x0000,0x0000,0x0000,0x0000,0x0000,0x0000,0x0000,0x0000,0x0000,0x0000,0x0000,0x0000,
 0x0000,0x0000,0x0000,0x0000,0x0000,0x0000,0x0000,0x0000,0x0000,0x0000,0x0000,0x0000,
 0x0000,0x0000,0x0000,0x0000,0x0000,0x0000,0x0000,0x0000,0x0000,0x0000,0x0000,0x0000,
 0x0000,0x0000,0x0000,0x0000,0x0000,0x0000,0x0000,0x0000,0x0000,0x0000,0x0000,0x0000,
 0x0000,0x0021,0x1908,0x214A,0x1929,0x1949,0x1949,0x1949,0x1949,0x1949,0x1949,0x1949,
 0x1949,0x1949,0x216A,0x10E8,0x424D,0xEF5D,0xFFFF,0xFFFF,0xDEDC,0x192A,0x1949,0x1949,
 0x1949,0x1949,0x1949,0x1949,0x1949,0x1949,0x1929,0x218A,0xE73D,0xFFFF,0xFFFF,0xFFFF,
 0xFFFF,0xFFFF,0xFFFF,0xFFFF,0xFFFF,0xFFFF,0xFFFF,0xFFFF,0xFFFF,0xFFFF,0xFFFF,0xFFFF,
 0xFFFF,0xFFFF,0xFFFF,0xFFFF,0xFFFF,0xFFFF,0xFFFF,0xFFFF,0xFFFF,0xFFFF,0xFFFF,0xFFFF,
 0xFFFF,0xFFFF,0xFFFF,0xFFFF,0xFFFF,0xFFFF,0xFFFF,0xFFFF,0xFFFF,0xFFFF,0xFFFF,0xFFFF,
 0xFFFF,0xFFFF,0xFFFF,0xFFFF,0xFFFF,0xFFFF,0xFFDF,0xFFFF,0x7BF3,0x08C8,0x216A,0x1949,
 0x1949,0x1949,0x1949,0x1949,0x1949,0x194A,0x1908,0x2270,0x3C9A,0x3C59,0x3C59,0x3C59,
 0x3C59,0x3C59,0x3C59,0x3C59,0x3C59,0x3C59,0x3C59,0x3C59,0x3C59,0x3C59,0x3C59,0x3C59,
 0x3C59,0x3C59,0x3C59,0x3C59,0x3C59,0x3C59,0x3C59,0x3C59,0x3C59,0x3C59,0x3C7A,0x33D6,
 0x0020,0x0000,0x0000,0x0000,0x0000,0x0000,0x0000,0x0000,0x0000,0x0000,0x0000,0x0000,
 0x0000,0x0000,0x0000,0x0000,0x0000,0x0000,0x0000,0x0000,0x0000,0x0000,0x0000,0x0000,
 0x0000,0x0000,0x0000,0x0000,0x0000,0x0000,0x0000,0x0000,0x0000,0x0000,0x0000,0x0000,
 0x0000,0x0000,0x0000,0x0000,0x0000,0x0000,0x0000,0x0000,0x0000,0x0000,0x0000,0x0000,
 0x0000,0x0000,0x0000,0x0000,0x0000,0x0000,0x0000,0x0000,0x0000,0x0000,0x0000,0x0000,
 0x0000,0x0000,0x0000,0x0000,0x0000,0x0000,0x0000,0x0000,0x0000,0x0000,0x0000,0x0000,
 0x0000,0x0000,0x0000,0x0000,0x0000,0x0000,0x0000,0x0000,0x0000,0x0000,0x0021,0x1908,
 0x214A,0x1949,0x1949,0x1949,0x1949,0x1949,0x1949,0x1949,0x1949,0x1949,0x1949,0x216A,
 0x10E8,0x424D,0xE73D,0xFFFF,0x8C74,0x08C8,0x216A,0x1949,0x1949,0x1949,0x1949,0x1949,
 0x1949,0x216A,0x10E8,0x6330,0xFFFF,0xFFFF,0xFFFF,0xFFFF,0xFFFF,0xFFFF,0xFFFF,0xFFFF,
 0xFFFF,0xFFFF,0xFFFF,0xFFFF,0xFFFF,0xFFFF,0xFFFF,0xFFFF,0xFFFF,0xFFFF,0xFFFF,0xFFFF,
 0xFFFF,0xFFFF,0xFFFF,0xFFFF,0xFFFF,0xFFFF,0xFFFF,0xFFFF,0xFFFF,0xFFFF,0xFFFF,0xFFFF,
 0xFFFF,0xFFFF,0xFFFF,0xFFFF,0xFFFF,0xFFFF,0xFFFF,0xFFFF,0xFFFF,0xFFFF,0xFFFF,0xFFFF,
 0xFFFF,0xFFFF,0xFFFF,0xF79F,0x31EC,0x1929,0x214A,0x1949,0x1949,0x1949,0x1949,0x1949,
 0x1949,0x194A,0x1929,0x2B75,0x3C7A,0x3C59,0x3C59,0x3C59,0x3C59,0x3C59,0x3C59,0x3C59,
 0x3C59,0x3C59,0x3C59,0x3C59,0x3C59,0x3C59,0x3C59,0x3C59,0x3C59,0x3C59,0x3C59,0x3C59,
 0x3C59,0x3C59,0x3C59,0x3C59,0x3C59,0x3C59,0x3C7A,0x33D6,0x0020,0x0000,0x0000,0x0000,
 0x0000,0x0000,0x0000,0x0000,0x0000,0x0000,0x0000,0x0000,0x0000,0x0000,0x0000,0x0000,
 0x0000,0x0000,0x0000,0x0000,0x0000,0x0000,0x0000,0x0000,0x0000,0x0000,0x0000,0x0000,
 0x0000,0x0000,0x0000,0x0000,0x0000,0x0000,0x0000,0x0000,0x0000,0x0000,0x0000,0x0000,
 0x0000,0x0000,0x0000,0x0000,0x0000,0x0000,0x0000,0x0000,0x0000,0x0000,0x0000,0x0000,
 0x0000,0x0000,0x0000,0x0000,0x0000,0x0000,0x0000,0x0000,0x0000,0x0000,0x0000,0x0000,
 0x0000,0x0000,0x0000,0x0000,0x0000,0x0000,0x0000,0x0000,0x0000,0x0000,0x0000,0x0000,
 0x0000,0x0000,0x0000,0x0000,0x0000,0x0000,0x0000,0x0021,0x1908,0x214A,0x1929,0x1949,
 0x1949,0x1949,0x1949,0x1949,0x1949,0x1949,0x1949,0x1949,0x216A,0x10E8,0x424D,0xE6FD,
 0x426E,0x1108,0x214A,0x1949,0x1949,0x1949,0x1949,0x1949,0x1949,0x216A,0x10E8,0xB598,
 0xFFFF,0xFFFF,0xFFFF,0xFFFF,0xFFFF,0xFFFF,0xFFFF,0xFFFF,0xFFFF,0xFFFF,0xFFFF,0xFFFF,
 0xFFFF,0xFFFF,0xFFFF,0xFFFF,0xFFFF,0xFFFF,0xFFFF,0xFFFF,0xFFFF,0xFFFF,0xFFFF,0xFFFF,
 0xFFFF,0xFFFF,0xFFFF,0xFFFF,0xFFFF,0xFFFF,0xFFFF,0xFFFF,0xFFFF,0xFFFF,0xFFFF,0xFFFF,
 0xFFFF,0xFFFF,0xF79E,0xE73D,0xD6BC,0xC63A,0xAD98,0x9CF6,0x8434,0x6B92,0x5B10,0x424D,
 0x1929,0x1949,0x1949,0x1949,0x1949,0x1949,0x1949,0x1949,0x194A,0x1929,0x21AC,0x3459,
 0x3C59,0x3C59,0x3C59,0x3C59,0x3C59,0x3C59,0x3C59,0x3C59,0x3C59,0x3C59,0x3C59,0x3C59,
 0x3C59,0x3C59,0x3C59,0x3C59,0x3C59,0x3C59,0x3C59,0x3C59,0x3C59,0x3C59,0x3C59,0x3C59,
 0x3C59,0x3C59,0x3C7A,0x33D6,0x0020,0x0000,0x0000,0x0000,0x0000,0x0000,0x0000,0x0000,
 0x0000,0x0000,0x0000,0x0000,0x0000,0x0000,0x0000,0x0000,0x0000,0x0000,0x0000,0x0000,
 0x0000,0x0000,0x0000,0x0000,0x0000,0x0000,0x0000,0x0000,0x0000,0x0000,0x0000,0x0000,
 0x0000,0x0000,0x0000,0x0000,0x0000,0x0000,0x0000,0x0000,0x0000,0x0000,0x0000,0x0000,
 0x0000,0x0000,0x0000,0x0000,0x0000,0x0000,0x0000,0x0000,0x0000,0x0000,0x0000,0x0000,
 0x0000,0x0000,0x0000,0x0000,0x0000,0x0000,0x0000,0x0000,0x0000,0x0000,0x0000,0x0000,
 0x0000,0x0000,0x0000,0x0000,0x0000,0x0000,0x0000,0x0000,0x0000,0x0000,0x0000,0x0000,
 0x0000,0x0000,0x0000,0x0000,0x0021,0x1908,0x194A,0x1949,0x1949,0x1949,0x1949,0x1949,
 0x1949,0x1949,0x1949,0x1949,0x1949,0x216A,0x1109,0x31CC,0x216A,0x1949,0x1949,0x1949,
 0x1949,0x1949,0x1949,0x1949,0x194A,0x1929,0x31CB,0xF77E,0xFFFF,0xFFFF,0xFFFF,0xFFFF,
 0xFFFF,0xFFFF,0xFFFF,0xFFFF,0xFFFF,0xFFFF,0xFFFF,0xFFFF,0xFFFF,0xFFFF,0xFFFF,0xFFFF,
 0xFFFF,0xFFFF,0xFFFF,0xFFFF,0xFFFF,0xFFFF,0xFFFF,0xFFFF,0xFFFF,0xFFFF,0xFFFF,0xFFDF,
 0xEF7E,0xE71D,0xD69B,0xBDF9,0xAD57,0x94B5,0x7C13,0x6B71,0x52CF,0x424D,0x31EC,0x218A,
 0x1929,0x1109,0x10E8,0x08C8,0x08C8,0x10E8,0x10E8,0x1109,0x1949,0x1949,0x1949,0x1949,
 0x1949,0x1949,0x1949,0x1949,0x194A,0x1908,0x2AB1,0x3C9A,0x3C59,0x3C59,0x3C59,0x3C59,
 0x3C59,0x3C59,0x3C59,0x3C59,0x3C59,0x3C59,0x3C59,0x3C59,0x3C59,0x3C59,0x3C59,0x3C59,
 0x3C59,0x3C59,0x3C59,0x3C59,0x3C59,0x3C59,0x3C59,0x3C59,0x3C59,0x3C59,0x3C7A,0x33D6,
 0x0020,0x0000,0x0000,0x0000,0x0000,0x0000,0x0000,0x0000,0x0000,0x0000,0x0000,0x0000,
 0x0000,0x0000,0x0000,0x0000,0x0000,0x0000,0x0000,0x0000,0x0000,0x0000,0x0000,0x0000,
 0x0000,0x0000,0x0000,0x0000,0x0000,0x0000,0x0000,0x0000,0x0000,0x0000,0x0000,0x0000,
 0x0000,0x0000,0x0000,0x0000,0x0000,0x0000,0x0000,0x0000,0x0000,0x0000,0x0000,0x0000,
 0x0000,0x0000,0x0000,0x0000,0x0000,0x0000,0x0000,0x0000,0x0000,0x0000,0x0000,0x0000,
 0x0000,0x0000,0x0000,0x0000,0x0000,0x0000,0x0000,0x0000,0x0000,0x0000,0x0000,0x0000,
 0x0000,0x0000,0x0000,0x0000,0x0000,0x0000,0x0000,0x0000,0x0000,0x0000,0x0000,0x0000,
 0x0000,0x0021,0x1908,0x214A,0x1929,0x1949,0x1949,0x1949,0x1949,0x1949,0x1949,0x1949,
 0x1949,0x1949,0x214A,0x1929,0x1949,0x1949,0x1949,0x1949,0x1949,0x1949,0x1949,0x1949,
 0x216A,0x08C8,0x73B2,0xFFFF,0xFFDF,0xFFFF,0xFFFF,0xFFFF,0xFFFF,0xFFFF,0xFFFF,0xFFFF,
 0xFFFF,0xFFFF,0xFFFF,0xFFFF,0xFFFF,0xFFFF,0xFFFF,0xFFFF,0xFFFF,0xF7BF,0xEF5E,0xDEDC,
 0xCE5A,0xB5B9,0xA517,0x8C74,0x73D2,0x6330,0x4AAE,0x3A2D,0x29AB,0x216A,0x1929,0x10E9,
 0x10C8,0x08C8,0x08C8,0x10E8,0x10E8,0x1109,0x1929,0x1929,0x1949,0x214A,0x216A,0x216A,
 0x216A,0x216A,0x214A,0x214A,0x1949,0x1949,0x1949,0x1949,0x1949,0x1949,0x1949,0x1949,
 0x1949,0x192A,0x33B6,0x3C79,0x3C59,0x3C59,0x3C59,0x3C59,0x3C59,0x3C59,0x3C59,0x3C59,
 0x3C59,0x3C59,0x3C59,0x3C59,0x3C59,0x3C59,0x3C59,0x3C59,0x3C59,0x3C59,0x3C59,0x3C59,
 0x3C59,0x3C59,0x3C59,0x3C59,0x3C59,0x3C59,0x3C7A,0x33D6,0x0020,0x0000,0x0000,0x0000,
 0x0000,0x0000,0x0000,0x0000,0x0000,0x0000,0x0000,0x0000,0x0000,0x0000,0x0000,0x0000,
 0x0000,0x0000,0x0000,0x0000,0x0000,0x0000,0x0000,0x0000,0x0000,0x0000,0x0000,0x0000,
 0x0000,0x0000,0x0000,0x0000,0x0000,0x0000,0x0000,0x0000,0x0000,0x0000,0x0000,0x0000,
 0x0000,0x0000,0x0000,0x0000,0x0000,0x0000,0x0000,0x0000,0x0000,0x0000,0x0000,0x0000,
 0x0000,0x0000,0x0000,0x0000,0x0000,0x0000,0x0000,0x0000,0x0000,0x0000,0x0000,0x0000,
 0x0000,0x0000,0x0000,0x0000,0x0000,0x0000,0x0000,0x0000,0x0000,0x0000,0x0000,0x0000,
 0x0000,0x0000,0x0000,0x0000,0x0000,0x0000,0x0000,0x0000,0x0000,0x0000,0x0021,0x1908,
 0x214A,0x1949,0x1949,0x1949,0x1949,0x1949,0x1949,0x1949,0x1949,0x1949,0x1949,0x194A,
 0x1949,0x1949,0x1949,0x1949,0x1949,0x1949,0x1949,0x1949,0x214A,0x1109,0xCE5A,0xFFFF,
 0xFFFF,0xFFFF,0xFFFF,0xFFFF,0xFFFF,0xFFFF,0xFFFF,0xF79E,0xE73D,0xD6BC,0xC63A,0xB598,
 0x9CF6,0x8454,0x73B2,0x5B10,0x4A8E,0x3A0C,0x29AB,0x214A,0x1909,0x10E8,0x08C8,0x08C8,
 0x08C8,0x10E8,0x1108,0x1109,0x1929,0x1949,0x1949,0x214A,0x216A,0x216A,0x216A,0x216A,
 0x214A,0x214A,0x194A,0x194A,0x1949,0x1949,0x1949,0x1949,0x1949,0x1949,0x1949,0x1949,
 0x1949,0x1949,0x1949,0x1949,0x1949,0x1949,0x1949,0x194A,0x1929,0x21ED,0x3C59,0x3C59,
 0x3C59,0x3C59,0x3C59,0x3C59,0x3C59,0x3C59,0x3C59,0x3C59,0x3C59,0x3C59,0x3C59,0x3C59,
 0x3C59,0x3C59,0x3C59,0x3C59,0x3C59,0x3C59,0x3C59,0x3C59,0x3C59,0x3C59,0x3C59,0x3C59,
 0x3C59,0x3C59,0x3C7A,0x33D6,0x0020,0x0000,0x0000,0x0000,0x0000,0x0000,0x0000,0x0000,
 0x0000,0x0000,0x0000,0x0000,0x0000,0x0000,0x0000,0x0000,0x0000,0x0000,0x0000,0x0000,
 0x0000,0x0000,0x0000,0x0000,0x0000,0x0000,0x0000,0x0000,0x0000,0x0000,0x0000,0x0000,
 0x0000,0x0000,0x0000,0x0000,0x0000,0x0000,0x0000,0x0000,0x0000,0x0000,0x0000,0x0000,
 0x0000,0x0000,0x0000,0x0000,0x0000,0x0000,0x0000,0x0000,0x0000,0x0000,0x0000,0x0000,
 0x0000,0x0000,0x0000,0x0000,0x0000,0x0000,0x0000,0x0000,0x0000,0x0000,0x0000,0x0000,
 0x0000,0x0000,0x0000,0x0000,0x0000,0x0000,0x0000,0x0000,0x0000,0x0000,0x0000,0x0000,
 0x0000,0x0000,0x0000,0x0000,0x0000,0x0000,0x0000,0x0021,0x1908,0x214A,0x1949,0x1949,
 0x1949,0x1949,0x1949,0x1949,0x1949,0x1949,0x1949,0x1949,0x1949,0x1949,0x1949,0x1949,
 0x1949,0x1949,0x1949,0x194A,0x1929,0x3A0C,0xDEDC,0xD69B,0xBDF9,0xAD57,0x94B5,0x7C13,
 0x6B71,0x52CF,0x424D,0x31EC,0x298A,0x192A,0x1109,0x10E8,0x08C8,0x08C8,0x10E8,0x10E8,
 0x1108,0x1909,0x1929,0x1949,0x194A,0x216A,0x216A,0x216A,0x216A,0x216A,0x214A,0x214A,
 0x194A,0x194A,0x1949,0x1949,0x1949,0x1949,0x1949,0x1949,0x1949,0x1949,0x1949,0x1949,
 0x1949,0x1949,0x1949,0x1949,0x1949,0x1949,0x1949,0x1949,0x1949,0x1949,0x1949,0x1949,
 0x1949,0x1949,0x1949,0x194A,0x1908,0x2AF2,0x3C9A,0x3C59,0x3C59,0x3C59,0x3C59,0x3C59,
 0x3C59,0x3C59,0x3C59,0x3C59,0x3C59,0x3C59,0x3C59,0x3C59,0x3C59,0x3C59,0x3C59,0x3C59,
 0x3C59,0x3C59,0x3C59,0x3C59,0x3C59,0x3C59,0x3C59,0x3C59,0x3C59,0x3C59,0x3C7A,0x33D6,
 0x0020,0x0000,0x0000,0x0000,0x0000,0x0000,0x0000,0x0000,0x0000,0x0000,0x0000,0x0000,
 0x0000,0x0000,0x0000,0x0000,0x0000,0x0000,0x0000,0x0000,0x0000,0x0000,0x0000,0x0000,
 0x0000,0x0000,0x0000,0x0000,0x0000,0x0000,0x0000,0x0000,0x0000,0x0000,0x0000,0x0000,
 0x0000,0x0000,0x0000,0x0000,0x0000,0x0000,0x0000,0x0000,0x0000,0x0000,0x0000,0x0000,
 0x0000,0x0000,0x0000,0x0000,0x0000,0x0000,0x0000,0x0000,0x0000,0x0000,0x0000,0x0000,
 0x0000,0x0000,0x0000,0x0000,0x0000,0x0000,0x0000,0x0000,0x0000,0x0000,0x0000,0x0000,
 0x0000,0x0000,0x0000,0x0000,0x0000,0x0000,0x0000,0x0000,0x0000,0x0000,0x0000,0x0000,
 0x0000,0x0000,0x0000,0x0000,0x0021,0x1928,0x214A,0x1929,0x1949,0x1949,0x1949,0x1949,
 0x1949,0x1949,0x1949,0x1949,0x1949,0x1949,0x1949,0x1949,0x1949,0x1949,0x1949,0x1949,
 0x1949,0x216A,0x216A,0x1929,0x10E9,0x10E8,0x08C8,0x08C8,0x10E8,0x10E8,0x1109,0x1929,
 0x1929,0x1949,0x214A,0x216A,0x216A,0x216A,0x216A,0x216A,0x214A,0x214A,0x194A,0x1949,
 0x1949,0x1949,0x1949,0x1949,0x1949,0x1949,0x1949,0x1949,0x1949,0x1949,0x1949,0x1949,
 0x1949,0x1949,0x1949,0x1949,0x1949,0x1949,0x1949,0x1949,0x1949,0x1949,0x1949,0x1949,
 0x1949,0x1949,0x1949,0x1949,0x1949,0x1949,0x1949,0x1949,0x1949,0x1949,0x1949,0x1949,
 0x194A,0x33D7,0x3459,0x3438,0x3459,0x3459,0x3459,0x3459,0x3459,0x3459,0x3459,0x3459,
 0x3459,0x3459,0x3459,0x3459,0x3459,0x3459,0x3459,0x3459,0x3459,0x3459,0x3459,0x3459,
 0x3459,0x3459,0x3459,0x3459,0x3459,0x3438,0x3479,0x33D6,0x0020,0x0000,0x0000,0x0000,
 0x0000,0x0000,0x0000,0x0000,0x0000,0x0000,0x0000,0x0000,0x0000,0x0000,0x0000,0x0000,
 0x0000,0x0000,0x0000,0x0000,0x0000,0x0000,0x0000,0x0000,0x0000,0x0000,0x0000,0x0000,
 0x0000,0x0000,0x0000,0x0000,0x0000,0x0000,0x0000,0x0000,0x0000,0x0000,0x0000,0x0000,
 0x0000,0x0000,0x0000,0x0000,0x0000,0x0000,0x0000,0x0000,0x0000,0x0000,0x0000,0x0000,
 0x0000,0x0000,0x0000,0x0000,0x0000,0x0000,0x0000,0x0000,0x0000,0x0000,0x0000,0x0000,
 0x0000,0x0000,0x0000,0x0000,0x0000,0x0000,0x0000,0x0000,0x0000,0x0000,0x0000,0x0000,
 0x0000,0x0000,0x0000,0x0000,0x0000,0x0000,0x0000,0x0000,0x0000,0x0000,0x0000,0x0000,
 0x0000,0x0021,0x1908,0x214A,0x1949,0x1949,0x1949,0x1949,0x1949,0x1949,0x1949,0x1949,
 0x1949,0x1949,0x1949,0x1949,0x1949,0x1949,0x1949,0x1949,0x1949,0x1949,0x1929,0x1949,
 0x214A,0x216A,0x216A,0x216A,0x216A,0x214A,0x214A,0x194A,0x194A,0x1949,0x1949,0x1949,
 0x1949,0x1949,0x1949,0x1949,0x1949,0x1949,0x1949,0x1949,0x1949,0x1949,0x1949,0x1949,
 0x1949,0x1949,0x1949,0x1949,0x1949,0x1949,0x1949,0x1949,0x1949,0x1949,0x1949,0x1949,
 0x1949,0x1949,0x1949,0x1949,0x1949,0x1949,0x1949,0x1949,0x1949,0x1949,0x1949,0x1949,
 0x1949,0x1949,0x1949,0x1949,0x1949,0x1949,0x194A,0x1908,0x2250,0x3CBB,0x3C9B,0x3CBB,
 0x3CBB,0x3CBB,0x3CBB,0x3CBB,0x3CBB,0x3CBB,0x3CBB,0x3CBB,0x3CBB,0x3CBB,0x3CBB,0x3CBB,
 0x3CBB,0x3CBB,0x3CBB,0x3CBB,0x3CBB,0x3CBB,0x3CBB,0x3CBB,0x3CBB,0x3CBB,0x3CBB,0x3CBB,
 0x3CBB,0x3C9B,0x3CDC,0x3C38,0x0020,0x0000,0x0000,0x0000,0x0000,0x0000,0x0000,0x0000,
 0x0000,0x0000,0x0000,0x0000,0x0000,0x0000,0x0000,0x0000,0x0000,0x0000,0x0000,0x0000,
 0x0000,0x0000,0x0000,0x0000,0x0000,0x0000,0x0000,0x0000,0x0000,0x0000,0x0000,0x0000,
 0x0000,0x0000,0x0000,0x0000,0x0000,0x0000,0x0000,0x0000,0x0000,0x0000,0x0000,0x0000,
 0x0000,0x0000,0x0000,0x0000,0x0000,0x0000,0x0000,0x0000,0x0000,0x0000,0x0000,0x0000,
 0x0000,0x0000,0x0000,0x0000,0x0000,0x0000,0x0000,0x0000,0x0000,0x0000,0x0000,0x0000,
 0x0000,0x0000,0x0000,0x0000,0x0000,0x0000,0x0000,0x0000,0x0000,0x0000,0x0000,0x0000,
 0x0000,0x0000,0x0000,0x0000,0x0000,0x0000,0x0000,0x0000,0x0000,0x0000,0x0021,0x1928,
 0x214A,0x1949,0x1949,0x1949,0x1949,0x1949,0x1949,0x1949,0x1949,0x1949,0x1949,0x1949,
 0x1949,0x1949,0x1949,0x1949,0x1949,0x1949,0x194A,0x1949,0x1949,0x1949,0x1949,0x1949,
 0x1949,0x1949,0x1949,0x1949,0x1949,0x1949,0x1949,0x1949,0x1949,0x1949,0x1949,0x1949,
 0x1949,0x1949,0x1949,0x1949,0x1949,0x1949,0x1949,0x1949,0x1949,0x1949,0x1949,0x1949,
 0x1949,0x1949,0x1949,0x1949,0x1949,0x1949,0x1949,0x1949,0x1949,0x1949,0x1949,0x1949,
 0x1949,0x1949,0x1949,0x1949,0x1949,0x1949,0x1949,0x1949,0x1949,0x1949,0x1949,0x1949,
 0x1949,0x1949,0x1949,0x1929,0x19EC,0x22AF,0x228E,0x228F,0x228F,0x228F,0x228F,0x228F,
 0x228F,0x228F,0x228F,0x228F,0x228F,0x228F,0x228F,0x228F,0x228F,0x228F,0x228F,0x228F,
 0x228F,0x228F,0x228F,0x228F,0x228F,0x228F,0x228F,0x228F,0x228F,0x228F,0x22AF,0x224D,
 0x0000,0x0000,0x0000,0x0000,0x0000,0x0000,0x0000,0x0000,0x0000,0x0000,0x0000,0x0000,
 0x0000,0x0000,0x0000,0x0000,0x0000,0x0000,0x0000,0x0000,0x0000,0x0000,0x0000,0x0000,
 0x0000,0x0000,0x0000,0x0000,0x0000,0x0000,0x0000,0x0000,0x0000,0x0000,0x0000,0x0000,
 0x0000,0x0000,0x0000,0x0000,0x0000,0x0000,0x0000,0x0000,0x0000,0x0000,0x0000,0x0000,
 0x0000,0x0000,0x0000,0x0000,0x0000,0x0000,0x0000,0x0000,0x0000,0x0000,0x0000,0x0000,
 0x0000,0x0000,0x0000,0x0000,0x0000,0x0000,0x0000,0x0000,0x0000,0x0000,0x0000,0x0000,
 0x0000,0x0000,0x0000,0x0000,0x0000,0x0000,0x0000,0x0000,0x0000,0x0000,0x0000,0x0000,
 0x0000,0x0000,0x0000,0x0000,0x0000,0x0000,0x0000,0x0021,0x1928,0x214A,0x1949,0x1949,
 0x1949,0x1949,0x1949,0x1949,0x1949,0x1949,0x1949,0x1949,0x1949,0x1949,0x1949,0x1949,
 0x1949,0x1949,0x1949,0x1949,0x1949,0x1949,0x1949,0x1949,0x1949,0x1949,0x1949,0x1949,
 0x1949,0x1949,0x1949,0x1949,0x1949,0x1949,0x1949,0x1949,0x1949,0x1949,0x1949,0x1949,
 0x1949,0x1949,0x1949,0x1949,0x1949,0x1949,0x1949,0x1949,0x1949,0x1949,0x1949,0x1949,
 0x1949,0x1949,0x1949,0x1949,0x1949,0x1949,0x1949,0x1949,0x1949,0x1949,0x1949,0x1949,
 0x1949,0x1949,0x1949,0x1949,0x1929,0x1929,0x1929,0x1949,0x1949,0x194A,0x216A,0x10C5,
 0x0000,0x0000,0x0000,0x0000,0x0000,0x0000,0x0000,0x0000,0x0000,0x0000,0x0000,0x0000,
 0x0000,0x0000,0x0000,0x0000,0x0000,0x0000,0x0000,0x0000,0x0000,0x0000,0x0000,0x0000,
 0x0000,0x0000,0x0000,0x0000,0x0000,0x0000,0x0000,0x0000,0x0000,0x0000,0x0000,0x0000,
 0x0000,0x0000,0x0000,0x0000,0x0000,0x0000,0x0000,0x0000,0x0000,0x0000,0x0000,0x0000,
 0x0000,0x0000,0x0000,0x0000,0x0000,0x0000,0x0000,0x0000,0x0000,0x0000,0x0000,0x0000,
 0x0000,0x0000,0x0000,0x0000,0x0000,0x0000,0x0000,0x0000,0x0000,0x0000,0x0000,0x0000,
 0x0000,0x0000,0x0000,0x0000,0x0000,0x0000,0x0000,0x0000,0x0000,0x0000,0x0000,0x0000,
 0x0000,0x0000,0x0000,0x0000,0x0000,0x0000,0x0000,0x0000,0x0000,0x0000,0x0000,0x0000,
 0x0000,0x0000,0x0000,0x0000,0x0000,0x0000,0x0000,0x0000,0x0000,0x0000,0x0000,0x0000,
 0x0000,0x0000,0x0000,0x0000,0x0000,0x0000,0x0000,0x0000,0x0000,0x0000,0x0000,0x0000,
 0x0000,0x0000,0x0000,0x0000,0x0021,0x1928,0x214A,0x1949,0x1949,0x1949,0x1949,0x1949,
 0x1949,0x1949,0x1949,0x1949,0x1949,0x1949,0x1949,0x1949,0x1949,0x1949,0x1949,0x1949,
 0x1949,0x1949,0x1949,0x1949,0x1949,0x1949,0x1949,0x1949,0x1949,0x1949,0x1949,0x1949,
 0x1949,0x1949,0x1949,0x1949,0x1949,0x1949,0x1949,0x1949,0x1949,0x1949,0x1949,0x1949,
 0x1949,0x1949,0x1949,0x1949,0x1949,0x1949,0x1949,0x1949,0x1949,0x1949,0x1949,0x1949,
 0x1949,0x1949,0x1929,0x1929,0x1929,0x1949,0x1949,0x1949,0x194A,0x194A,0x194A,0x194A,
 0x214A,0x216A,0x216A,0x214A,0x194A,0x1928,0x0884,0x0000,0x0000,0x0000,0x0000,0x0000,
 0x0000,0x0000,0x0000,0x0000,0x0000,0x0000,0x0000,0x0000,0x0000,0x0000,0x0000,0x0000,
 0x0000,0x0000,0x0000,0x0000,0x0000,0x0000,0x0000,0x0000,0x0000,0x0000,0x0000,0x0000,
 0x0000,0x0000,0x0000,0x0000,0x0000,0x0000,0x0000,0x0000,0x0000,0x0000,0x0000,0x0000,
 0x0000,0x0000,0x0000,0x0000,0x0000,0x0000,0x0000,0x0000,0x0000,0x0000,0x0000,0x0000,
 0x0000,0x0000,0x0000,0x0000,0x0000,0x0000,0x0000,0x0000,0x0000,0x0000,0x0000,0x0000,
 0x0000,0x0000,0x0000,0x0000,0x0000,0x0000,0x0000,0x0000,0x0000,0x0000,0x0000,0x0000,
 0x0000,0x0000,0x0000,0x0000,0x0000,0x0000,0x0000,0x0000,0x0000,0x0000,0x0000,0x0000,
 0x0000,0x0000,0x0000,0x0000,0x0000,0x0000,0x0000,0x0000,0x0000,0x0000,0x0000,0x0000,
 0x0000,0x0000,0x0000,0x0000,0x0000,0x0000,0x0000,0x0000,0x0000,0x0000,0x0000,0x0000,
 0x0000,0x0000,0x0000,0x0000,0x0000,0x0000,0x0000,0x0000,0x0000,0x0000,0x0000,0x0000,
 0x0000,0x0021,0x1928,0x194A,0x1949,0x1949,0x1949,0x1949,0x1949,0x1949,0x1949,0x1949,
 0x1949,0x1949,0x1949,0x1949,0x1949,0x1949,0x1949,0x1949,0x1949,0x1949,0x1949,0x1949,
 0x1949,0x1949,0x1949,0x1949,0x1949,0x1949,0x1949,0x1949,0x1949,0x1949,0x1949,0x1949,
 0x1949,0x1949,0x1949,0x1949,0x1949,0x1949,0x1949,0x1949,0x1949,0x1949,0x1949,0x1949,
 0x1929,0x1929,0x1949,0x1949,0x1949,0x1949,0x194A,0x194A,0x194A,0x214A,0x216A,0x216A,
 0x216A,0x214A,0x194A,0x1949,0x1929,0x1908,0x1907,0x10E7,0x10C6,0x10A5,0x0884,0x0863,
 0x0842,0x0000,0x0000,0x0000,0x0000,0x0000,0x0000,0x0000,0x0000,0x0000,0x0000,0x0000,
 0x0000,0x0000,0x0000,0x0000,0x0000,0x0000,0x0000,0x0000,0x0000,0x0000,0x0000,0x0000,
 0x0000,0x0000,0x0000,0x0000,0x0000,0x0000,0x0000,0x0000,0x0000,0x0000,0x0000,0x0000,
 0x0000,0x0000,0x0000,0x0000,0x0000,0x0000,0x0000,0x0000,0x0000,0x0000,0x0000,0x0000,
 0x0000,0x0000,0x0000,0x0000,0x0000,0x0000,0x0000,0x0000,0x0000,0x0000,0x0000,0x0000,
 0x0000,0x0000,0x0000,0x0000,0x0000,0x0000,0x0000,0x0000,0x0000,0x0000,0x0000,0x0000,
 0x0000,0x0000,0x0000,0x0000,0x0000,0x0000,0x0000,0x0000,0x0000,0x0000,0x0000,0x0000,
 0x0000,0x0000,0x0000,0x0000,0x0000,0x0000,0x0000,0x0000,0x0000,0x0000,0x0000,0x0000,
 0x0000,0x0000,0x0000,0x0000,0x0000,0x0000,0x0000,0x0000,0x0000,0x0000,0x0000,0x0000,
 0x0000,0x0000,0x0000,0x0000,0x0000,0x0000,0x0000,0x0000,0x0000,0x0000,0x0000,0x0000,
 0x0000,0x0000,0x0000,0x0000,0x0000,0x0000,0x0000,0x0000,0x0000,0x0000,0x0021,0x1928,
 0x194A,0x1949,0x1949,0x1949,0x1949,0x1949,0x1949,0x1949,0x1949,0x1949,0x1949,0x1949,
 0x1949,0x1949,0x1949,0x1949,0x1949,0x1949,0x1949,0x1949,0x1949,0x1949,0x1949,0x1949,
 0x1949,0x1949,0x1949,0x1949,0x1949,0x1949,0x1949,0x1949,0x1949,0x1929,0x1929,0x1929,
 0x1949,0x1949,0x1949,0x194A,0x194A,0x194A,0x194A,0x214A,0x216A,0x216A,0x216A,0x194A,
 0x194A,0x1929,0x1929,0x1908,0x1907,0x10E7,0x10C6,0x10A5,0x0884,0x0863,0x0842,0x0021,
 0x0021,0x0000,0x0000,0x0000,0x0000,0x0000,0x0000,0x0000,0x0000,0x0000,0x0000,0x0000,
 0x0000,0x0000,0x0000,0x0000,0x0000,0x0000,0x0000,0x0000,0x0000,0x0000,0x0000,0x0000,
 0x0000,0x0000,0x0000,0x0000,0x0000,0x0000,0x0000,0x0000,0x0000,0x0000,0x0000,0x0000,
 0x0000,0x0000,0x0000,0x0000,0x0000,0x0000,0x0000,0x0000,0x0000,0x0000,0x0000,0x0000,
 0x0000,0x0000,0x0000,0x0000,0x0000,0x0000,0x0000,0x0000,0x0000,0x0000,0x0000,0x0000,
 0x0000,0x0000,0x0000,0x0000,0x0000,0x0000,0x0000,0x0000,0x0000,0x0000,0x0000,0x0000,
 0x0000,0x0000,0x0000,0x0000,0x0000,0x0000,0x0000,0x0000,0x0000,0x0000,0x0000,0x0000,
 0x0000,0x0000,0x0000,0x0000,0x0000,0x0000,0x0000,0x0000,0x0000,0x0000,0x0000,0x0000,
 0x0000,0x0000,0x0000,0x0000,0x0000,0x0000,0x0000,0x0000,0x0000,0x0000,0x0000,0x0000,
 0x0000,0x0000,0x0000,0x0000,0x0000,0x0000,0x0000,0x0000,0x0000,0x0000,0x0000,0x0000,
 0x0000,0x0000,0x0000,0x0000,0x0000,0x0000,0x0000,0x0000,0x0000,0x0000,0x0000,0x0000,
 0x0000,0x0000,0x0000,0x0000,0x0000,0x0000,0x0000,0x0021,0x1928,0x214A,0x1929,0x1949,
 0x1949,0x1949,0x1949,0x1949,0x1949,0x1949,0x1949,0x1949,0x1949,0x1949,0x1949,0x1949,
 0x1949,0x1949,0x1949,0x1949,0x1949,0x1949,0x1949,0x1929,0x1929,0x1929,0x1949,0x1949,
 0x1949,0x194A,0x194A,0x194A,0x194A,0x216A,0x216A,0x216A,0x214A,0x194A,0x194A,0x1929,
 0x1929,0x1908,0x10E7,0x10E6,0x10C5,0x08A4,0x0883,0x0863,0x0042,0x0021,0x0020,0x0000,
 0x0000,0x0000,0x0000,0x0000,0x0000,0x0000,0x0000,0x0000,0x0000,0x0000,0x0000,0x0000,
 0x0000,0x0000,0x0000,0x0000,0x0000,0x0000,0x0000,0x0000,0x0000,0x0000,0x0000,0x0000,
 0x0000,0x0000,0x0000,0x0000,0x0000,0x0000,0x0000,0x0000,0x0000,0x0000,0x0000,0x0000,
 0x0000,0x0000,0x0000,0x0000,0x0000,0x0000,0x0000,0x0000,0x0000,0x0000,0x0000,0x0000,
 0x0000,0x0000,0x0000,0x0000,0x0000,0x0000,0x0000,0x0000,0x0000,0x0000,0x0000,0x0000,
 0x0000,0x0000,0x0000,0x0000,0x0000,0x0000,0x0000,0x0000,0x0000,0x0000,0x0000,0x0000,
 0x0000,0x0000,0x0000,0x0000,0x0000,0x0000,0x0000,0x0000,0x0000,0x0000,0x0000,0x0000,
 0x0000,0x0000,0x0000,0x0000,0x0000,0x0000,0x0000,0x0000,0x0000,0x0000,0x0000,0x0000,
 0x0000,0x0000,0x0000,0x0000,0x0000,0x0000,0x0000,0x0000,0x0000,0x0000,0x0000,0x0000,
 0x0000,0x0000,0x0000,0x0000,0x0000,0x0000,0x0000,0x0000,0x0000,0x0000,0x0000,0x0000,
 0x0000,0x0000,0x0000,0x0000,0x0000,0x0000,0x0000,0x0000,0x0000,0x0000,0x0000,0x0000,
 0x0000,0x0000,0x0000,0x0000,0x0000,0x0000,0x0000,0x0000,0x0000,0x0000,0x0000,0x0000,
 0x0000,0x0000,0x0000,0x0000,0x0021,0x1928,0x214A,0x1929,0x1949,0x1949,0x1949,0x1949,
 0x1949,0x1949,0x1949,0x1949,0x1949,0x1929,0x1929,0x1929,0x1949,0x1949,0x1949,0x194A,
 0x194A,0x194A,0x214A,0x216A,0x216A,0x216A,0x214A,0x194A,0x1949,0x1929,0x1908,0x1908,
 0x10E7,0x10C6,0x10A5,0x0884,0x0863,0x0842,0x0042,0x0021,0x0000,0x0000,0x0000,0x0000,
 0x0000,0x0000,0x0000,0x0000,0x0000,0x0000,0x0000,0x0000,0x0000,0x0000,0x0000,0x0000,
 0x0000,0x0000,0x0000,0x0000,0x0000,0x0000,0x0000,0x0000,0x0000,0x0000,0x0000,0x0000,
 0x0000,0x0000,0x0000,0x0000,0x0000,0x0000,0x0000,0x0000,0x0000,0x0000,0x0000,0x0000,
 0x0000,0x0000,0x0000,0x0000,0x0000,0x0000,0x0000,0x0000,0x0000,0x0000,0x0000,0x0000,
 0x0000,0x0000,0x0000,0x0000,0x0000,0x0000,0x0000,0x0000,0x0000,0x0000,0x0000,0x0000,
 0x0000,0x0000,0x0000,0x0000,0x0000,0x0000,0x0000,0x0000,0x0000,0x0000,0x0000,0x0000,
 0x0000,0x0000,0x0000,0x0000,0x0000,0x0000,0x0000,0x0000,0x0000,0x0000,0x0000,0x0000,
 0x0000,0x0000,0x0000,0x0000,0x0000,0x0000,0x0000,0x0000,0x0000,0x0000,0x0000,0x0000,
 0x0000,0x0000,0x0000,0x0000,0x0000,0x0000,0x0000,0x0000,0x0000,0x0000,0x0000,0x0000,
 0x0000,0x0000,0x0000,0x0000,0x0000,0x0000,0x0000,0x0000,0x0000,0x0000,0x0000,0x0000,
 0x0000,0x0000,0x0000,0x0000,0x0000,0x0000,0x0000,0x0000,0x0000,0x0000,0x0000,0x0000,
 0x0000,0x0000,0x0000,0x0000,0x0000,0x0000,0x0000,0x0000,0x0000,0x0000,0x0000,0x0000,
 0x0000,0x0000,0x0000,0x0000,0x0000,0x0000,0x0000,0x0000,0x0000,0x0000,0x0000,0x0000,
 0x0000,0x0021,0x1908,0x216A,0x194A,0x1949,0x1949,0x1949,0x194A,0x194A,0x194A,0x194A,
 0x214A,0x216A,0x216A,0x216A,0x194A,0x194A,0x1929,0x1929,0x1928,0x1907,0x10E7,0x10C6,
 0x10A5,0x0884,0x0863,0x0842,0x0021,0x0021,0x0000,0x0000,0x0000,0x0000,0x0000,0x0000,
 0x0000,0x0000,0x0000,0x0000,0x0000,0x0000,0x0000,0x0000,0x0000,0x0000,0x0000,0x0000,
 0x0000,0x0000,0x0000,0x0000,0x0000,0x0000,0x0000,0x0000,0x0000,0x0000,0x0000,0x0000,
 0x0000,0x0000,0x0000,0x0000,0x0000,0x0000,0x0000,0x0000,0x0000,0x0000,0x0000,0x0000,
 0x0000,0x0000,0x0000,0x0000,0x0000,0x0000,0x0000,0x0000,0x0000,0x0000,0x0000,0x0000,
 0x0000,0x0000,0x0000,0x0000,0x0000,0x0000,0x0000,0x0000,0x0000,0x0000,0x0000,0x0000,
 0x0000,0x0000,0x0000,0x0000,0x0000,0x0000,0x0000,0x0000,0x0000,0x0000,0x0000,0x0000,
 0x0000,0x0000,0x0000,0x0000,0x0000,0x0000,0x0000,0x0000,0x0000,0x0000,0x0000,0x0000,
 0x0000,0x0000,0x0000,0x0000,0x0000,0x0000,0x0000,0x0000,0x0000,0x0000,0x0000,0x0000,
 0x0000,0x0000,0x0000,0x0000,0x0000,0x0000,0x0000,0x0000,0x0000,0x0000,0x0000,0x0000,
 0x0000,0x0000,0x0000,0x0000,0x0000,0x0000,0x0000,0x0000,0x0000,0x0000,0x0000,0x0000,
 0x0000,0x0000,0x0000,0x0000,0x0000,0x0000,0x0000,0x0000,0x0000,0x0000,0x0000,0x0000,
 0x0000,0x0000,0x0000,0x0000,0x0000,0x0000,0x0000,0x0000,0x0000,0x0000,0x0000,0x0000,
 0x0000,0x0000,0x0000,0x0000,0x0000,0x0000,0x0000,0x0000,0x0000,0x0000,0x0000,0x0000,
 0x0000,0x0000,0x0000,0x0000,0x0000,0x0000,0x0000,0x0000,0x0000,0x0000,0x0000,0x10C6,
 0x1949,0x194A,0x194A,0x194A,0x1949,0x1929,0x1908,0x10E7,0x10E6,0x10C5,0x08A4,0x0884,
 0x0863,0x0042,0x0021,0x0000,0x0000,0x0000,0x0000,0x0000,0x0000,0x0000,0x0000,0x0000,
 0x0000,0x0000,0x0000,0x0000,0x0000,0x0000,0x0000,0x0000,0x0000,0x0000,0x0000,0x0000,
 0x0000,0x0000,0x0000,0x0000,0x0000,0x0000,0x0000,0x0000,0x0000,0x0000,0x0000,0x0000,
 0x0000,0x0000,0x0000,0x0000,0x0000,0x0000,0x0000,0x0000,0x0000,0x0000,0x0000,0x0000,
 0x0000,0x0000,0x0000,0x0000,0x0000,0x0000,0x0000,0x0000,0x0000,0x0000,0x0000,0x0000,
 0x0000,0x0000,0x0000,0x0000,0x0000,0x0000,0x0000,0x0000,0x0000,0x0000,0x0000,0x0000,
 0x0000,0x0000,0x0000,0x0000,0x0000,0x0000,0x0000,0x0000,0x0000,0x0000,0x0000,0x0000,
 0x0000,0x0000,0x0000,0x0000,0x0000,0x0000,0x0000,0x0000,0x0000,0x0000,0x0000,0x0000,
 0x0000,0x0000,0x0000,0x0000,0x0000,0x0000,0x0000,0x0000,0x0000,0x0000,0x0000,0x0000,
 0x0000,0x0000,0x0000,0x0000,0x0000,0x0000,0x0000,0x0000,0x0000,0x0000,0x0000,0x0000,
 0x0000,0x0000,0x0000,0x0000,0x0000,0x0000,0x0000,0x0000,0x0000,0x0000,0x0000,0x0000,
 0x0000,0x0000,0x0000,0x0000,0x0000,0x0000,0x0000,0x0000,0x0000,0x0000,0x0000,0x0000,
 0x0000,0x0000,0x0000,0x0000,0x0000,0x0000,0x0000,0x0000,0x0000,0x0000,0x0000,0x0000,
 0x0000,0x0000,0x0000,0x0000,0x0000,0x0000,0x0000,0x0000,0x0000,0x0000,0x0000,0x0000,
 0x0000,0x0000,0x0000,0x0000,0x0000,0x0000,0x0000,0x0000,0x0000,0x0000,0x0000,0x0000,
 0x0000,0x0000,0x0000,0x0000,0x0000,0x0000,0x0000,0x0000,0x0021,0x0842,0x0862,0x0042,
 0x0021,0x0000,0x0000,0x0000,0x0000,0x0000,0x0000,0x0000,0x0000,0x0000,0x0000,0x0000,
 0x0000,0x0000,0x0000,0x0000,0x0000,0x0000,0x0000,0x0000,0x0000,0x0000,0x0000,0x0000,
 0x0000,0x0000,0x0000,0x0000,0x0000,0x0000,0x0000,0x0000,0x0000,0x0000,0x0000,0x0000,
 0x0000,0x0000,0x0000,0x0000,0x0000,0x0000,0x0000,0x0000,0x0000,0x0000,0x0000,0x0000,
 0x0000,0x0000,0x0000,0x0000,0x0000,0x0000,0x0000,0x0000,0x0000,0x0000,0x0000,0x0000,
 0x0000,0x0000,0x0000,0x0000,0x0000,0x0000,0x0000,0x0000,0x0000,0x0000,0x0000,0x0000,
 0x0000,0x0000,0x0000,0x0000,0x0000,0x0000,0x0000,0x0000,0x0000,0x0000,0x0000,0x0000,
 0x0000,0x0000,0x0000,0x0000,0x0000,0x0000,0x0000,0x0000,0x0000,0x0000,0x0000,0x0000,
 0x0000,0x0000,0x0000,0x0000,0x0000,0x0000,0x0000,0x0000,0x0000,0x0000,0x0000,0x0000,
 0x0000,0x0000,0x0000,0x0000,0x0000,0x0000,0x0000,0x0000,0x0000,0x0000,0x0000,0x0000,
 0x0000,0x0000,0x0000,0x0000,0x0000,0x0000,0x0000,0x0000,0x0000,0x0000,0x0000,0x0000,
 0x0000,0x0000,0x0000,0x0000,0x0000,0x0000,0x0000,0x0000,0x0000,0x0000,0x0000,0x0000,
 0x0000,0x0000,0x0000,0x0000,0x0000,0x0000,0x0000,0x0000,0x0000,0x0000,0x0000,0x0000,
 0x0000,0x0000,0x0000,0x0000,0x0000,0x0000,0x0000,0x0000,0x0000,0x0000,0x0000,0x0000,
 0x0000,0x0000,0x0000,0x0000,0x0000,0x0000,0x0000,0x0000,0x0000,0x0000,0x0000,0x0000,
 0x0000,0x0000,0x0000,0x0000,0x0000,0x0000,0x0000,0x0000,0x0000,0x0000,0x0000,0x0000,
 0x0000,0x0000,0x0000,0x0000,0x0000,0x0000,0x0000,0x0000,0x0000,0x0000,0x0000,0x0000,
 0x0000,0x0000,0x0000,0x0000,0x0000,0x0000,0x0000,0x0000,0x0000,0x0000,0x0000,0x0000,
 0x0000,0x0000,0x0000,0x0000,0x0000,0x0000,0x0000,0x0000,0x0000,0x0000,0x0000,0x0000,
 0x0000,0x0000,0x0000,0x0000,0x0000,0x0000,0x0000,0x0000,0x0000,0x0000,0x0000,0x0000,
 0x0000,0x0000,0x0000,0x0000,0x0000,0x0000,0x0000,0x0000,0x0000,0x0000,0x0000,0x0000,
 0x0000,0x0000,0x0000,0x0000,0x0000,0x0000,0x0000,0x0000,0x0000,0x0000,0x0000,0x0000,
 0x0000,0x0000,0x0000,0x0000,0x0000,0x0000,0x0000,0x0000,0x0000,0x0000,0x0000,0x0000,
 0x0000,0x0000,0x0000,0x0000,0x0000,0x0000,0x0000,0x0000,0x0000,0x0000,0x0000,0x0000,
 0x0000,0x0000,0x0000,0x0000,0x0000,0x0000,0x0000,0x0000,0x0000,0x0000,0x0000,0x0000,
 0x0000,0x0000,0x0000,0x0000,0x0000,0x0000,0x0000,0x0000,0x0000,0x0000,0x0000,0x0000,
 0x0000,0x0000,0x0000,0x0000,0x0000,0x0000,0x0000,0x0000,0x0000,0x0000,0x0000,0x0000,
 0x0000,0x0000,0x0000,0x0000,0x0000,0x0000,0x0000,0x0000,0x0000,0x0000,0x0000,0x0000,
 0x0000,0x0000,0x0000,0x0000,0x0000,0x0000,0x0000,0x0000,0x0000,0x0000,0x0000,0x0000,
 0x0000,0x0000,0x0000,0x0000,0x0000,0x0000,0x0000,0x0000,0x0000,0x0000,0x0000,0x0000,
 0x0000,0x0000,0x0000,0x0000,0x0000,0x0000,0x0000,0x0000,0x0000,0x0000,0x0000,0x0000,
 0x0000,0x0000,0x0000,0x0000,0x0000,0x0000,0x0000,0x0000,0x0000,0x0000,0x0000,0x0000,
 0x0000,0x0000,0x0000,0x0000,0x0000,0x0000,0x0000,0x0000,0x0000,0x0000,0x0000,0x0000,
 0x0000,0x0000,0x0000,0x0000,0x0000,0x0000,0x0000,0x0000,0x0000,0x0000,0x0000,0x0000,
 0x0000,0x0000,0x0000,0x0000,0x0000,0x0000,0x0000,0x0000,0x0000,0x0000,0x0000,0x0000,
 0x0000,0x0000,0x0000,0x0000,0x0000,0x0000,0x0000,0x0000,0x0000,0x0000,0x0000,0x0000,
 0x0000,0x0000,0x0000,0x0000,0x0000,0x0000,0x0000,0x0000,0x0000,0x0000,0x0000,0x0000,
 0x0000,0x0000,0x0000,0x0000,0x0000,0x0000,0x0000,0x0000,0x0000,0x0000,0x0000,0x0000,
 0x0000,0x0000,0x0000,0x0000,0x0000,0x0000,0x0000,0x0000,0x0000,0x0000,0x0000,0x0000,
 0x0000,0x0000,0x0000,0x0000,0x0000,0x0000,0x0000,0x0000,0x0000,0x0000,0x0000,0x0000,
 0x0000,0x0000,0x0000,0x0000,0x0000,0x0000,0x0000,0x0000,0x0000,0x0000,0x0000,0x0000,
 0x0000,0x0000,0x0000,0x0000,0x0000,0x0000,0x0000,0x0000,0x0000,0x0000,0x0000,0x0000,
 0x0000,0x0000,0x0000,0x0000,0x0000,0x0000,0x0000,0x0000,0x0000,0x0000,0x0000,0x0000,
 0x0000,0x0000,0x0000,0x0000,0x0000,0x0000,0x0000,0x0000,0x0000,0x0000,0x0000,0x0000,
 0x0000,0x0000,0x0000,0x0000,0x0000,0x0000,0x0000,0x0000,0x0000,0x0000,0x0000,0x0000,
 0x0000,0x0000,0x0000,0x0000,0x0000,0x0000,0x0000,0x0000,0x0000,0x0000,0x0000,0x0000,
 0x0000,0x0000,0x0000,0x0000,0x0000,0x0000,0x0000,0x0000,0x0000,0x0000,0x0000,0x0000,
 0x0000,0x0000,0x0000,0x0000,0x0000,0x0000,0x0000,0x0000,0x0000,0x0000,0x0000,0x0000,
 0x0000,0x0000,0x0000,0x0000,0x0000,0x0000,0x0000,0x0000,0x0000,0x0000,0x0000,0x0000,
 0x0000,0x0000,0x0000,0x0000,0x0000,0x0000,0x0000,0x0000,0x0000,0x0000,0x0000,0x0000,
 0x0000,0x0000,0x0000,0x0000,0x0000,0x0000,0x0000,0x0000,0x0000,0x0000,0x0000,0x0000,
 0x0000,0x0000,0x0000,0x0000,0x0000,0x0000,0x0000,0x0000,0x0000,0x0000,0x0000,0x0000,
 0x0000,0x0000,0x0000,0x0000,0x0000,0x0000,0x0000,0x0000,0x0000,0x0000,0x0000,0x0000,
 0x0000,0x0000,0x0000,0x0000,0x0000,0x0000,0x0000,0x0000,0x0000,0x0000,0x0000,0x0000,
 0x0000,0x0000,0x0000,0x0000,0x0000,0x0000,0x0000,0x0000,0x0000,0x0000,0x0000,0x0000,
 0x0000,0x0000,0x0000,0x0000,0x0000,0x0000,0x0000,0x0000,0x0000,0x0000,0x0000,0x0000,
 0x0000,0x0000,0x0000,0x0000,0x0000,0x0000,0x0000,0x0000,0x0000,0x0000,0x0000,0x0000,
 0x0000,0x0000,0x0000,0x0000,0x0000,0x0000,0x0000,0x0000,0x0000,0x0000,0x0000,0x0000,
 0x0000,0x0000,0x0000,0x0000,0x0000,0x0000,0x0000,0x0000,0x0000,0x0000,0x0000,0x0000,
 0x0000,0x0000,0x0000,0x0000,0x0000,0x0000,0x0000,0x0000,0x0000,0x0000,0x0000,0x0000,
 0x0000,0x0000,0x0000,0x0000,0x0000,0x0000,0x0000,0x0000,0x0000,0x0000,0x0000,0x0000,
 0x0000,0x0000,0x0000,0x0000,0x0000,0x0000,0x0000,0x0000,0x0000,0x0000,0x0000,0x0000,
 0x0000,0x0000,0x0000,0x0000,0x0000,0x0000,0x0000,0x0000,0x0000,0x0000,0x0000,0x0000,
 0x0000,0x0000,0x0000,0x0000,0x0000,0x0000,0x0000,0x0000,0x0000,0x0000,0x0000,0x0000,
 0x0000,0x0000,0x0000,0x0000,0x0000,0x0000,0x0000,0x0000,0x0000,0x0000,0x0000,0x0000,
 0x0000,0x0000,0x0000,0x0000,0x0000,0x0000,0x0000,0x0000,0x0000,0x0000,0x0000,0x0000,
 0x0000,0x0000,0x0000,0x0000,0x0000,0x0000,0x0000,0x0000,0x0000,0x0000,0x0000,0x0000,
 0x0000,0x0000,0x0000,0x0000,0x0000,0x0000,0x0000,0x0000,0x0000,0x0000,0x0000,0x0000,
 0x0000,0x0000,0x0000,0x0000,0x0000,0x0000,0x0000,0x0000,0x0000,0x0000,0x0000,0x0000,
 0x0000,0x0000,0x0000,0x0000,0x0000,0x0000,0x0000,0x0000,0x0000,0x0000,0x0000,0x0000,
 0x0000,0x0000,0x0000,0x0000,0x0000,0x0000,0x0000,0x0000,0x0000,0x0000,0x0000,0x0000,
 0x0000,0x0000,0x0000,0x0000,0x0000,0x0000,0x0000,0x0000,0x0000,0x0000,0x0000,0x0000,
 0x0000,0x0000,0x0000,0x0000,0x0000,0x0000,0x0000,0x0000,0x0000,0x0000,0x0000,0x0000,
 0x0000,0x0000,0x0000,0x0000,0x0000,0x0000,0x0000,0x0000,0x0000,0x0000,0x0000,0x0000,
 0x0000,0x0000,0x0000,0x0000,0x0000,0x0000,0x0000,0x0000,0x0000,0x0000,0x0000,0x0000,
 0x0000,0x0000,0x0000,0x0000,0x0000,0x0000,0x0000,0x0000,0x0000,0x0000,0x0000,0x0000,
 0x0000,0x0000,0x0000,0x0000,0x0000,0x0000,0x0000,0x0000,0x0000,0x0000,0x0000,0x0000,
 0x0000,0x0000,0x0000,0x0000,0x0000,0x0000,0x0000,0x0000,0x0000,0x0000,0x0000,0x0000,
 0x0000,0x0000,0x0000,0x0000,0x0000,0x0000,0x0000,0x0000,0x0000,0x0000,0x0000,0x0000,
 0x0000,0x0000,0x0000,0x0000,0x0000,0x0000,0x0000,0x0000,0x0000,0x0000,0x0000,0x0000,
 0x0000,0x0000,0x0000,0x0000,0x0000,0x0000,0x0000,0x0000,0x0000,0x0000,0x0000,0x0000,
 0x0000,0x0000,0x0000,0x0000,0x0000,0x0000,0x0000,0x0000,0x0000,0x0000,0x0000,0x0000,
 0x0000,0x0000,0x0000,0x0000,0x0000,0x0000,0x0000,0x0000,0x0000,0x0000,0x0000,0x0000,
 0x0000,0x0000,0x0000,0x0000,0x0000,0x0000,0x0000,0x0000,0x0000,0x0000,0x0000,0x0000,
 0x0000,0x0000,0x0000,0x0000,0x0000,0x0000,0x0000,0x0000,0x0000,0x0000,0x0000,0x0000,
 0x0000,0x0000,0x0000,0x0000,0x0000,0x0000,0x0000,0x0000,0x0000,0x0000,0x0000,0x0000,
 0x0000,0x0000,0x0000,0x0000,0x0000,0x0000,0x0000,0x0000,0x0000,0x0000,0x0000,0x0000,
 0x0000,0x0000,0x0000,0x0000,0x0000,0x0000,0x0000,0x0000,0x0000,0x0000,0x0000,0x0000,
 0x0000,0x0000,0x0000,0x0000,0x0000,0x0000,0x0000,0x0000,0x0000,0x0000,0x0000,0x0000,
 0x0000,0x0000,0x0000,0x0000,0x0000,0x0000,0x0000,0x0000,0x0000,0x0000,0x0000,0x0000,
 0x0000,0x0000,0x0000,0x0000,0x0000,0x0000,0x0000,0x0000,0x0000,0x0000,0x0000,0x0000,
 0x0000,0x0000,0x0000,0x0000,0x0000,0x0000,0x0000,0x0000,0x0000,0x0000,0x0000,0x0000,
 0x0000,0x0000,0x0000,0x0000,0x0000,0x0000,0x0000,0x0000,0x0000,0x0000,0x0000,0x0000,
 0x0000,0x0000,0x0000,0x0000,0x0000,0x0000,0x0000,0x0000,0x0000,0x0000,0x0000,0x0000,
 0x0000,0x0000,0x0000,0x0000,0x0000,0x0000,0x0000,0x0000,0x0000,0x0000,0x0000,0x0000,
 0x0000,0x0000,0x0000,0x0000,0x0000,0x0000,0x0000,0x0000,0x0000,0x0000,0x0000,0x0000,
 0x0000,0x0000,0x0000,0x0000,0x0000,0x0000,0x0000,0x0000,0x0000,0x0000,0x0000,0x0000,
 0x0000,0x0000,0x0000,0x0000,0x0000,0x0000,0x0000,0x0000,0x0000,0x0000,0x0000,0x0000,
 0x0000,0x0000,0x0000,0x0000,0x0000,0x0000,0x0000,0x0000,0x0000,0x0000,0x0000,0x0000,
 0x0000,0x0000,0x0000,0x0000,0x0000,0x0000,0x0000,0x0000,0x0000,0x0000,0x0000,0x0000,
 0x0000,0x0000,0x0000,0x0000,0x0000,0x0000,0x0000,0x0000,0x0000,0x0000,0x0000,0x0000,
 0x0000,0x0000,0x0000,0x0000,0x0000,0x0000,0x0000,0x0000,0x0000,0x0000,0x0000,0x0000,
 0x0000,0x0000,0x0000,0x0000,0x0000,0x0000,0x0000,0x0000,0x0000,0x0000,0x0000,0x0000,
 0x0000,0x0000,0x0000,0x0000,0x0000,0x0000,0x0000,0x0000,0x0000,0x0000,0x0000,0x0000,
 0x0000,0x0000,0x0000,0x0000,0x0000,0x0000,0x0000,0x0000,0x0000,0x0000,0x0000,0x0000,
 0x0000,0x0000,0x0000,0x0000,0x0000,0x0000,0x0000,0x0000,0x0000,0x0000,0x0000,0x0000,
 0x0000,0x0000,0x0000,0x0000,0x0000,0x0000,0x0000,0x0000,0x0000,0x0000,0x0000,0x0000,
 0x0000,0x0000,0x0000,0x0000,0x0000,0x0000,0x0000,0x0000,0x0000,0x0000,0x0000,0x0000,
 0x0000,0x0000,0x0000,0x0000,0x0000,0x0000,0x0000,0x0000,0x0000,0x0000,0x0000,0x0000,
 0x0000,0x0000,0x0000,0x0000,0x0000,0x0000,0x0000,0x0000,0x0000,0x0000,0x0000,0x0000,
 0x0000,0x0000,0x0000,0x0000,0x0000,0x0000,0x0000,0x0000,0x0000,0x0000,0x0000,0x0000,
 0x0000,0x0000,0x0000,0x0000,0x0000,0x0000,0x0000,0x0000,0x0000,0x0000,0x0000,0x0000,
 0x0000,0x0000,0x0000,0x0000,0x0000,0x0000,0x0000,0x0000,0x0000,0x0000,0x0000,0x0000,
 0x0000,0x0000,0x0000,0x0000,0x0000,0x0000,0x0000,0x0000,0x0000,0x0000,0x0000,0x0000,
 0x0000,0x0000,0x0000,0x0000,0x0000,0x0000,0x0000,0x0000,0x0000,0x0000,0x0000,0x0000,
 0x0000,0x0000,0x0000,0x0000,0x0000,0x0000,0x0000,0x0000,0x0000,0x0000,0x0000,0x0000,
 0x0000,0x0000,0x0000,0x0000,0x0000,0x0000,0x0000,0x0000,0x0000,0x0000,0x0000,0x0000,
 0x0000,0x0000,0x0000,0x0000,0x0000,0x0000,0x0000,0x0000,0x0000,0x0000,0x0000,0x0000,
 0x0000,0x0000,0x0000,0x0000,0x0000,0x0000,0x0000,0x0000,0x0000,0x0000,0x0000,0x0000,
 0x0000,0x0000,0x0000,0x0000,0x0000,0x0000,0x0000,0x0000,0x0000,0x0000,0x0000,0x0000,
 0x0000,0x0000,0x0000,0x0000,0x0000,0x0000,0x0000,0x0000,0x0000,0x0000,0x0000,0x0000,
 0x0000,0x0000,0x0000,0x0000,0x0000,0x0000,0x0000,0x0000,0x0000,0x0000,0x0000,0x0000,
 0x0000,0x0000,0x0000,0x0000,0x0000,0x0000,0x0000,0x0000,0x0000,0x0000,0x0000,0x0000,
 0x0000,0x0000,0x0000,0x0000,0x0000,0x0000,0x0000,0x0000,0x0000,0x0000,0x0000,0x0000,
 0x0000,0x0000,0x0000,0x0000,0x0000,0x0000,0x0000,0x0000,0x0000,0x0000,0x0000,0x0000,
 0x0000,0x0000,0x0000,0x0000,0x0000,0x0000,0x0000,0x0000,0x0000,0x0000,0x0000,0x0000,
 0x0000,0x0000,0x0000,0x0000,0x0000,0x0000,0x0000,0x0000,0x0000,0x0000,0x0000,0x0000,
 0x0000,0x0000,0x0000,0x0000,0x0000,0x0000,0x0000,0x0000,0x0000,0x0000,0x0000,0x0000,
 0x0000,0x0000,0x0000,0x0000,0x0000,0x0000,0x0000,0x0000,0x0000,0x0000,0x0000,0x0000,
 0x0000,0x0000,0x0000,0x0000,0x0000,0x0000,0x0000,0x0000,0x0000,0x0000,0x0000,0x0000,
 0x0000,0x0000,0x0000,0x0000,0x0000,0x0000,0x0000,0x0000,0x0000,0x0000,0x0000,0x0000,
 0x0000,0x0000,0x0000,0x0000,0x0000,0x0000,0x0000,0x0000,0x0000,0x0000,0x0000,0x0000,
 0x0000,0x0000,0x0000,0x0000,0x0000,0x0000,0x0000,0x0000,0x0000,0x0000,0x0000,0x0000,
 0x0000,0x0000,0x0000,0x0000,0x0000,0x0000,0x0000,0x0000,0x0000,0x0000,0x0000,0x0000,
 0x0000,0x0000,0x0000,0x0000,0x0000,0x0000,0x0000,0x0000,0x0000,0x0000,0x0000,0x0000,
 0x0000,0x0000,0x0000,0x0000,0x0000,0x0000,0x0000,0x0000,0x0000,0x0000,0x0000,0x0000,
 0x0000,0x0000,0x0000,0x0000,0x0000,0x0000,0x0000,0x0000,0x0000,0x0000,0x0000,0x0000,
 0x0000,0x0000,0x0000,0x0000,0x0000,0x0000,0x0000,0x0000,0x0000,0x0000,0x0000,0x0000,
 0x0000,0x0000,0x0000,0x0000,0x0000,0x0000,0x0000,0x0000,0x0000,0x0000,0x0000,0x0000,
 0x0000,0x0000,0x0000,0x0000,0x0000,0x0000,0x0000,0x0000,0x0000,0x0000,0x0000,0x0000,
 0x0000,0x0000,0x0000,0x0000,0x0000,0x0000,0x0000,0x0000,0x0000,0x0000,0x0000,0x0000,
 0x0000,0x0000,0x0000,0x0000,0x0000,0x0000,0x0000,0x0000,0x0000,0x0000,0x0000,0x0000,
 0x0000,0x0000,0x0000,0x0000,0x0000,0x0000,0x0000,0x0000,0x0000,0x0000,0x0000,0x0000,
 0x0000,0x0000,0x0000,0x0000,0x0000,0x0000,0x0000,0x0000,0x0000,0x0000,0x0000,0x0000,
 0x0000,0x0000,0x0000,0x0000,0x0000,0x0000,0x0000,0x0000,0x0000,0x0000,0x0000,0x0000,
 0x0000,0x0000,0x0000,0x0000,0x0000,0x0000,0x0000,0x0000,0x0000,0x0000,0x0000,0x0000,
 0x0000,0x0000,0x0000,0x0000,0x0000,0x0000,0x0000,0x0000,0x0000,0x0000,0x0000,0x0000,
 0x0000,0x0000,0x0000,0x0000,0x0000,0x0000,0x0000,0x0000,0x0000,0x0000,0x0000,0x0000,
 0x0000,0x0000,0x0000,0x0000,0x0000,0x0000,0x0000,0x0000,0x0000,0x0000,0x0000,0x0000,
 0x0000,0x0000,0x0000,0x0000,0x0000,0x0000,0x0000,0x0000,0x0000,0x0000,0x0000,0x0000,
 0x0000,0x0000,0x0000,0x0000,0x0000,0x0000,0x0000,0x0000,0x0000,0x0000,0x0000,0x0000,
 0x0000,0x0000,0x0000,0x0000,0x0000,0x0000,0x0000,0x0000,0x0000,0x0000,0x0000,0x0000,
 0x0000,0x0000,0x0000,0x0000,0x0000,0x0000,0x0000,0x0000,0x0000,0x0000,0x0000,0x0000,
 0x0000,0x0000,0x0000,0x0000,0x0000,0x0000,0x0000,0x0000,0x0000,0x0000,0x0000,0x0000,
 0x0000,0x0000,0x0000,0x0000,0x0000,0x0000,0x0000,0x0000,0x0000,0x0000,0x0000,0x0000,
 0x0000,0x0000,0x0000,0x0000,0x0000,0x0000,0x0000,0x0000,0x0000,0x0000,0x0000,0x0000,
 0x0000,0x0000,0x0000,0x0000,0x0000,0x0000,0x0000,0x0000,0x0000,0x0000,0x0000,0x0000,
 0x0000,0x0000,0x0000,0x0000,0x0000,0x0000,0x0000,0x0000,0x0000,0x0000,0x0000,0x0000,
 0x0000,0x0000,0x0000,0x0000,0x0000,0x0000,0x0000,0x0000,0x0000,0x0000,0x0000,0x0000,
 0x0000,0x0000,0x0000,0x0000,0x0000,0x0000,0x0000,0x0000,0x0000,0x0000,0x0000,0x0000,
 0x0000,0x0000,0x0000,0x0000,0x0000,0x0000,0x0000,0x0000,0x0000,0x0000,0x0000,0x0000,
 0x0000,0x0000,0x0000,0x0000,0x0000,0x0000,0x0000,0x0000,0x0000,0x0000,0x0000,0x0000,
 0x0000,0x0000,0x0000,0x0000,0x0000,0x0000,0x0000,0x0000,0x0000,0x0000,0x0000,0x0000,
 0x0000,0x0000,0x0000,0x0000,0x0000,0x0000,0x0000,0x0000,0x0000,0x0000,0x0000,0x0000,
 0x0000,0x0000,0x0000,0x0000,0x0000,0x0000,0x0000,0x0000,0x0000,0x0000,0x0000,0x0000,
 0x0000,0x0000,0x0000,0x0000,0x0000,0x0000,0x0000,0x0000,0x0000,0x0000,0x0000,0x0000,
 0x0000,0x0000,0x0000,0x0000,0x0000,0x0000,0x0000,0x0000,0x0000,0x0000,0x0000,0x0000,
 0x0000,0x0000,0x0000,0x0000,0x0000,0x0000,0x0000,0x0000,0x0000,0x0000,0x0000,0x0000,
 0x0000,0x0000,0x0000,0x0000,0x0000,0x0000,0x0000,0x0000,0x0000,0x0000,0x0000,0x0000,
 0x0000,0x0000,0x0000,0x0000,0x0000,0x0000,0x0000,0x0000,0x0000,0x0000,0x0000,0x0000,
 0x0000,0x0000,0x0000,0x0000,0x0000,0x0000,0x0000,0x0000,0x0000,0x0000,0x0000,0x0000,
 0x0000,0x0000,0x0000,0x0000,0x0000,0x0000,0x0000,0x0000,0x0000,0x0000,0x0000,0x0000,
 0x0000,0x0000,0x0000,0x0000,0x0000,0x0000,0x0000,0x0000,0x0000,0x0000,0x0000,0x0000,
 0x0000,0x0000,0x0000,0x0000,0x0000,0x0000,0x0000,0x0000,0x0000,0x0000,0x0000,0x0000,
 0x0000,0x0000,0x0000,0x0000,0x0000,0x0000,0x0000,0x0000,0x0000,0x0000,0x0000,0x0000,
 0x0000,0x0000,0x0000,0x0000,0x0000,0x0000,0x0000,0x0000,0x0000,0x0000,0x0000,0x0000,
 0x0000,0x0000,0x0000,0x0000,0x0000,0x0000,0x0000,0x0000,0x0000,0x0000,0x0000,0x0000,
 0x0000,0x0000,0x0000,0x0000,0x0000,0x0000,0x0000,0x0000,0x0000,0x0000,0x0000,0x0000,
 0x0000,0x0000,0x0000,0x0020,0x2104,0x2104,0x2104,0x2104,0x2104,0x2104,0x2104,0x2104,
 0x2124,0x0841,0x0000,0x0000,0x0000,0x0000,0x0000,0x0000,0x0000,0x0000,0x0000,0x0000,
 0x0000,0x0000,0x0000,0x0000,0x0020,0x0841,0x0841,0x0841,0x0841,0x0000,0x0000,0x0000,
 0x0000,0x0000,0x0000,0x0000,0x0000,0x0000,0x0000,0x0000,0x0000,0x0841,0x0841,0x0841,
 0x0841,0x0841,0x0841,0x0841,0x0841,0x0841,0x0841,0x0841,0x0841,0x0000,0x0000,0x0020,
 0x0000,0x0000,0x0000,0x0000,0x0000,0x0000,0x0020,0x0841,0x0841,0x0841,0x0841,0x0841,
 0x0841,0x0841,0x0841,0x0841,0x0841,0x0841,0x0841,0x0841,0x0020,0x0000,0x0000,0x0000,
 0x0000,0x0841,0x0841,0x0841,0x0841,0x0841,0x0841,0x0841,0x0841,0x0841,0x0841,0x0841,
 0x0841,0x0841,0x0020,0x0000,0x0000,0x0000,0x0000,0x0841,0x0841,0x0841,0x0841,0x0841,
 0x0841,0x0841,0x0841,0x0841,0x0841,0x0841,0x0841,0x0000,0x0000,0x0000,0x0000,0x0000,
 0x0000,0x0000,0x0000,0x0000,0x0000,0x0841,0x0841,0x0841,0x0841,0x0841,0x0841,0x0841,
 0x0841,0x0841,0x0841,0x0841,0x0841,0x0000,0x0000,0x0000,0x0000,0x0000,0x0000,0x0000,
 0x0000,0x0000,0x0000,0x0020,0x0000,0x0000,0x10A2,0x2124,0x2104,0x2104,0x2104,0x2104,
 0x2104,0x2104,0x2104,0x2104,0x2104,0x0000,0x0000,0x0020,0x0000,0x0000,0x0000,0x0000,
 0x0020,0x0841,0x0841,0x0841,0x0841,0x0841,0x0841,0x0841,0x0841,0x0841,0x0841,0x0841,
 0x0841,0x0841,0x0841,0x0841,0x0841,0x0020,0x0000,0x0000,0x0000,0x0000,0x0000,0x0000,
 0x0000,0x0000,0x0000,0x0000,0x0000,0x0000,0x0000,0x0000,0x0000,0x0000,0x5ACB,0xD6BA,
 0xFFDF,0xFFDF,0xFFDF,0xFFDF,0xFFDF,0xFFDF,0xFFDF,0xFFDF,0xFFDF,0xDEDB,0x528A,0x0000,
 0x0000,0x0000,0x0000,0x0000,0x0000,0x0000,0x0000,0x0000,0x0000,0x0000,0x0000,0x0861,
 0xCE79,0xE73C,0xE71C,0xE73C,0xE71C,0x2104,0x0000,0x0000,0x0000,0x0000,0x0000,0x0000,
 0x0000,0x0000,0x0020,0x0000,0x6B6D,0xE73C,0xE71C,0xE73C,0xE73C,0xE73C,0xE73C,0xE73C,
 0xE73C,0xE73C,0xE73C,0xE71C,0xE73C,0xAD55,0x2104,0x0000,0x0000,0x0000,0x0000,0x0000,
 0x0020,0x0000,0x7BCF,0xE73C,0xE71C,0xE73C,0xE73C,0xE73C,0xE73C,0xE73C,0xE73C,0xE73C,
 0xE73C,0xE73C,0xE71C,0xE73C,0x4228,0x0000,0x0020,0x0000,0x5ACB,0xE73C,0xE71C,0xE73C,
 0xE73C,0xE73C,0xE73C,0xE73C,0xE73C,0xE73C,0xE73C,0xE73C,0xE71C,0xE73C,0x632C,0x0000,
 0x0020,0x0000,0x39E7,0xE73C,0xE71C,0xE73C,0xE73C,0xE73C,0xE73C,0xE73C,0xE73C,0xE73C,
 0xE73C,0xE73C,0xE73C,0xC618,0x39E7,0x0000,0x0000,0x0000,0x0000,0x0000,0x0000,0x0000,
 0x4228,0xE73C,0xE71C,0xE73C,0xE73C,0xE73C,0xE73C,0xE73C,0xE73C,0xE73C,0xE73C,0xE73C,
 0xE73C,0xBDF7,0x39C7,0x0000,0x0000,0x0000,0x0000,0x0000,0x0000,0x0000,0x0000,0x0000,
 0x1082,0x8410,0xEF5D,0xFFDF,0xFFDF,0xFFDF,0xFFDF,0xFFDF,0xFFDF,0xFFDF,0xFFDF,0xFFDF,
 0xFFDF,0xB5B6,0x2965,0x0000,0x0000,0x0000,0x0000,0x0000,0xA514,0xE73C,0xE71C,0xE73C,
 0xE73C,0xE73C,0xE73C,0xE73C,0xE73C,0xE73C,0xE73C,0xE73C,0xE73C,0xE73C,0xE73C,0xE71C,
 0xE73C,0x5AEB,0x0000,0x0020,0x0000,0x0000,0x0000,0x0000,0x0000,0x0000,0x0000,0x0000,
 0x0000,0x0000,0x0000,0x0000,0x4228,0xC638,0xFFFF,0xFFFF,0xFFFF,0xFFFF,0xFFFF,0xFFFF,
 0xFFFF,0xFFFF,0xFFFF,0xFFFF,0xFFFF,0xFFFF,0xFFFF,0xAD55,0x2124,0x0000,0x0000,0x0000,
 0x0000,0x0000,0x0000,0x0000,0x0000,0x0020,0x0000,0x6B4D,0xFFFF,0xFFFF,0xFFFF,0xFFFF,
 0xFFFF,0x5AEB,0x0000,0x0020,0x0000,0x0000,0x0000,0x0000,0x0000,0x0000,0x0020,0x0000,
 0x9CD3,0xFFFF,0xFFFF,0xFFFF,0xFFFF,0xFFFF,0xFFFF,0xFFFF,0xFFFF,0xFFFF,0xFFFF,0xFFFF,
 0xFFFF,0xFFFF,0xF79E,0x738E,0x0841,0x0000,0x0000,0x0000,0x0020,0x0000,0xA514,0xFFFF,
 0xFFFF,0xFFFF,0xFFFF,0xFFFF,0xFFFF,0xFFFF,0xFFFF,0xFFFF,0xFFFF,0xFFFF,0xFFFF,0xFFFF,
 0x39C7,0x0000,0x0020,0x0000,0x8410,0xFFFF,0xFFFF,0xFFFF,0xFFFF,0xFFFF,0xFFFF,0xFFFF,
 0xFFFF,0xFFFF,0xFFFF,0xFFFF,0xFFFF,0xFFFF,0x5ACB,0x0000,0x0020,0x0000,0x630C,0xFFFF,
 0xFFFF,0xFFFF,0xFFFF,0xFFFF,0xFFFF,0xFFFF,0xFFFF,0xFFFF,0xFFFF,0xFFFF,0xFFFF,0xFFFF,
 0xFFFF,0x94B2,0x10A2,0x0000,0x0000,0x0000,0x0020,0x0000,0x6B4D,0xFFFF,0xFFFF,0xFFFF,
 0xFFFF,0xFFFF,0xFFFF,0xFFFF,0xFFFF,0xFFFF,0xFFFF,0xFFFF,0xFFFF,0xFFFF,0xFFFF,0x8C71,
 0x10A2,0x0000,0x0000,0x0000,0x0000,0x0000,0x0841,0x6B4D,0xE71C,0xFFFF,0xFFFF,0xFFFF,
 0xFFFF,0xFFFF,0xFFFF,0xFFFF,0xFFFF,0xFFFF,0xFFFF,0xFFFF,0xFFFF,0xFFFF,0xF7BE,0x8410,
 0x1082,0x0000,0x0000,0x0000,0xCE79,0xFFFF,0xFFFF,0xFFFF,0xFFFF,0xFFFF,0xFFFF,0xFFFF,
 0xFFFF,0xFFFF,0xFFFF,0xFFFF,0xFFFF,0xFFFF,0xFFFF,0xFFFF,0xFFFF,0x4A69,0x0000,0x0000,
 0x0000,0x0000,0x0000,0x0000,0x0000,0x0000,0x0000,0x0000,0x0000,0x0000,0x0000,0x31A6,
 0xFFFF,0xFFFF,0xFFFF,0xFFFF,0xFFFF,0xFFFF,0xFFFF,0xFFFF,0xFFFF,0xFFFF,0xFFFF,0xFFFF,
 0xFFFF,0xFFFF,0xFFDF,0xFFFF,0xC618,0x0000,0x0000,0x0000,0x0000,0x0000,0x0000,0x0000,
 0x0000,0x0000,0x0020,0xDEDB,0xFFFF,0xFFDF,0xFFFF,0xFFDF,0xFFFF,0x9CF3,0x0000,0x0020,
 0x0000,0x0000,0x0000,0x0000,0x0000,0x0000,0x0000,0x0000,0xAD75,0xFFFF,0xFFDF,0xFFFF,
 0xFFFF,0xFFFF,0xFFFF,0xFFFF,0xFFFF,0xFFFF,0xFFFF,0xFFFF,0xFFFF,0xFFFF,0xFFFF,0xFFFF,
 0x8C71,0x0000,0x0020,0x0000,0x0000,0x0000,0xBDD7,0xFFFF,0xFFDF,0xFFFF,0xFFFF,0xFFFF,
 0xFFFF,0xFFFF,0xFFFF,0xFFFF,0xFFFF,0xFFFF,0xFFFF,0xFFFF,0x2104,0x0000,0x0020,0x0000,
 0x9CD3,0xFFFF,0xFFDF,0xFFFF,0xFFFF,0xFFFF,0xFFFF,0xFFFF,0xFFFF,0xFFFF,0xFFFF,0xFFFF,
 0xFFFF,0xFFFF,0x39E7,0x0000,0x0020,0x0000,0x7BCF,0xFFFF,0xFFDF,0xFFFF,0xFFFF,0xFFFF,
 0xFFFF,0xFFFF,0xFFFF,0xFFFF,0xFFFF,0xFFFF,0xFFFF,0xFFFF,0xFFFF,0xFFFF,0xC638,0x0000,
 0x0000,0x0000,0x0020,0x0000,0x8410,0xFFFF,0xFFDF,0xFFFF,0xFFFF,0xFFFF,0xFFFF,0xFFFF,
 0xFFFF,0xFFFF,0xFFFF,0xFFFF,0xFFFF,0xFFFF,0xFFFF,0xFFFF,0xBDF7,0x0000,0x0000,0x0000,
 0x0020,0x0000,0x7BEF,0xFFFF,0xFFFF,0xFFDF,0xFFFF,0xFFFF,0xFFFF,0xFFFF,0xFFFF,0xFFFF,
 0xFFFF,0xFFFF,0xFFFF,0xFFFF,0xFFFF,0xFFFF,0xFFFF,0xFFFF,0x73AE,0x0000,0x0000,0x0020,
 0xE71C,0xFFFF,0xFFFF,0xFFFF,0xFFFF,0xFFFF,0xFFFF,0xFFFF,0xFFFF,0xFFFF,0xFFFF,0xFFFF,
 0xFFFF,0xFFFF,0xFFFF,0xFFFF,0xFFFF,0x31A6,0x0000,0x0000,0x0000,0x0000,0x0000,0x0000,
 0x0000,0x0000,0x0000,0x0000,0x0000,0x0020,0x0000,0x52AA,0xFFFF,0xFFDF,0xFFFF,0xFFFF,
 0xE73C,0xDEDB,0xDEDB,0xDEDB,0xDEDB,0xDEDB,0xDEDB,0xDEFB,0xFFFF,0xFFFF,0xFFDF,0xFFFF,
 0xAD75,0x0000,0x0000,0x0000,0x0000,0x0000,0x0000,0x0000,0x0020,0x0000,0x52AA,0xFFFF,
 0xFFFF,0xFFFF,0xFFFF,0xFFFF,0xFFFF,0xDEDB,0x0000,0x0000,0x0000,0x0000,0x0000,0x0000,
 0x0000,0x0000,0x0000,0x0000,0xC638,0xFFFF,0xFFFF,0xFFFF,0xFFFF,0xF7BE,0xF7BE,0xF7BE,
 0xF7BE,0xF7BE,0xF7BE,0xF7BE,0xFFFF,0xFFFF,0xFFDF,0xFFFF,0x9492,0x0000,0x0020,0x0000,
 0x0000,0x0000,0xD69A,0xFFFF,0xFFFF,0xFFFF,0xFFFF,0xF7BE,0xF7BE,0xF7BE,0xF7BE,0xF7BE,
 0xF7BE,0xF7BE,0xF7BE,0xE71C,0x1082,0x0000,0x0020,0x0000,0xB596,0xFFFF,0xFFFF,0xFFFF,
 0xFFFF,0xF7BE,0xF7BE,0xF7BE,0xF7BE,0xF7BE,0xF7BE,0xF7BE,0xF7BE,0xF7BE,0x2124,0x0000,
 0x0020,0x0000,0x9492,0xFFFF,0xFFDF,0xFFFF,0xFFFF,0xF7BE,0xF7BE,0xF7BE,0xF7BE,0xF7BE,
 0xF7BE,0xF7BE,0xFFFF,0xFFFF,0xFFFF,0xFFFF,0xC638,0x0000,0x0000,0x0000,0x0020,0x0000,
 0x9CD3,0xFFFF,0xFFDF,0xFFFF,0xFFFF,0xF7BE,0xF7BE,0xF7BE,0xF7BE,0xF7BE,0xF7BE,0xF7BE,
 0xFFFF,0xFFFF,0xFFDF,0xFFFF,0xC618,0x0000,0x0000,0x0000,0x0020,0x0000,0xA514,0xFFFF,
 0xFFDF,0xFFFF,0xFFFF,0xDEFB,0xDEDB,0xDEDB,0xDEDB,0xDEDB,0xDEDB,0xDEDB,0xDEDB,0xE73C,
 0xFFFF,0xFFFF,0xFFDF,0xFFFF,0x630C,0x0000,0x0000,0x10A2,0xEF5D,0xF7BE,0xF7BE,0xF7BE,
 0xF7BE,0xF7BE,0xFFFF,0xFFFF,0xFFFF,0xFFFF,0xFFFF,0xF7BE,0xF7BE,0xF7BE,0xF7BE,0xF7BE,
 0xF79E,0x18E3,0x0000,0x0000,0x0000,0x0000,0x0000,0x0000,0x0000,0x0000,0x0000,0x0000,
 0x0000,0x0020,0x0000,0x738E,0xFFFF,0xFFDF,0xFFFF,0xFFFF,0x3186,0x0000,0x0020,0x0000,
 0x0000,0x0020,0x0000,0x18E3,0xF7BE,0xFFFF,0xFFDF,0xFFFF,0x9492,0x0000,0x0020,0x0000,
 0x0000,0x0000,0x0000,0x0000,0x0000,0x0000,0xCE59,0xFFFF,0xFFFF,0xFFFF,0xFFFF,0xFFFF,
 0xFFFF,0xFFDF,0x2124,0x0000,0x0000,0x0000,0x0000,0x0000,0x0000,0x0000,0x0000,0x0020,
 0xDEDB,0xFFFF,0xFFDF,0xFFFF,0xBDD7,0x18C3,0x18E3,0x18C3,0x18C3,0x18E3,0x18C3,0x4A69,
 0xFFFF,0xFFFF,0xFFDF,0xFFFF,0x738E,0x0000,0x0020,0x0000,0x0000,0x0841,0xE73C,0xFFFF,
 0xFFDF,0xFFFF,0xB596,0x18C3,0x18E3,0x18C3,0x18C3,0x18C3,0x18C3,0x18C3,0x18C3,0x10A2,
 0x0000,0x0000,0x0000,0x0000,0xCE59,0xFFFF,0xFFDF,0xFFFF,0xCE79,0x18C3,0x18E3,0x18C3,
 0x18C3,0x18C3,0x18C3,0x18C3,0x18C3,0x18C3,0x0000,0x0000,0x0000,0x0000,0xAD55,0xFFFF,
 0xFFDF,0xFFFF,0xE73C,0x2104,0x18C3,0x18E3,0x18C3,0x18E3,0x18C3,0x2124,0xEF5D,0xFFFF,
 0xFFDF,0xFFFF,0xAD55,0x0000,0x0000,0x0000,0x0000,0x0000,0xB596,0xFFFF,0xFFDF,0xFFFF,
 0xDEFB,0x18E3,0x18C3,0x18E3,0x18C3,0x18E3,0x18C3,0x2965,0xF79E,0xFFFF,0xFFDF,0xFFFF,
 0xA514,0x0000,0x0020,0x0000,0x0000,0x0000,0xBDD7,0xFFFF,0xFFDF,0xFFFF,0xDEDB,0x0020,
 0x0000,0x0000,0x0000,0x0000,0x0000,0x0020,0x0000,0x5AEB,0xFFFF,0xFFDF,0xFFFF,0xFFFF,
 0x4228,0x0000,0x0000,0x0000,0x18C3,0x18C3,0x18C3,0x18E3,0x18C3,0x18E3,0xDEFB,0xFFFF,
 0xFFDF,0xFFFF,0xBDF7,0x18C3,0x18E3,0x18C3,0x18C3,0x18C3,0x18C3,0x0000,0x0000,0x0000,
 0x0000,0x0000,0x0000,0x0000,0x0000,0x0000,0x0000,0x0000,0x0000,0x0020,0x0000,0x8C51,
 0xFFFF,0xFFDF,0xFFFF,0xFFDF,0x18E3,0x0000,0x0000,0x0000,0x0000,0x0000,0x0000,0x3186,
 0xFFFF,0xFFFF,0xFFFF,0xFFFF,0x7BCF,0x0000,0x0020,0x0000,0x0000,0x0000,0x0000,0x0000,
 0x0000,0x4208,0xFFFF,0xFFFF,0xFFFF,0xFFFF,0xFFFF,0xFFFF,0xFFFF,0xFFFF,0x5AEB,0x0000,
 0x0020,0x0000,0x0000,0x0000,0x0000,0x0000,0x0000,0x1082,0xEF7D,0xFFFF,0xFFDF,0xFFFF,
 0x9CD3,0x0000,0x0000,0x0000,0x0000,0x0000,0x0000,0x4228,0xFFFF,0xFFFF,0xFFDF,0xFFFF,
 0x5ACB,0x0000,0x0020,0x0000,0x0000,0x18C3,0xF79E,0xFFFF,0xFFDF,0xFFFF,0x9492,0x0000,
 0x0000,0x0000,0x0000,0x0000,0x0000,0x0000,0x0000,0x0000,0x0000,0x0000,0x0000,0x0020,
 0xDEFB,0xFFFF,0xFFDF,0xFFFF,0xB596,0x0000,0x0000,0x0000,0x0000,0x0000,0x0000,0x0000,
 0x0000,0x0000,0x0000,0x0000,0x0000,0x0000,0xC618,0xFFFF,0xFFDF,0xFFFF,0xCE79,0x0000,
 0x0000,0x0000,0x0000,0x0000,0x0000,0x10A2,0xF7BE,0xFFFF,0xFFDF,0xFFFF,0x8C71,0x0000,
 0x0020,0x0000,0x0000,0x0000,0xCE59,0xFFFF,0xFFDF,0xFFFF,0xC638,0x0000,0x0000,0x0000,
 0x0000,0x0000,0x0000,0x18E3,0xFFDF,0xFFFF,0xFFDF,0xFFFF,0x8C51,0x0000,0x0020,0x0000,
 0x0000,0x0000,0xCE79,0xFFFF,0xFFDF,0xFFFF,0xC618,0x0000,0x0000,0x0000,0x0000,0x0000,
 0x0000,0x0000,0x0000,0x7BCF,0xFFFF,0xFFDF,0xFFFF,0xFFFF,0x2965,0x0000,0x0000,0x0000,
 0x0000,0x0000,0x0000,0x0000,0x0000,0x0841,0xEF5D,0xFFFF,0xFFDF,0xFFFF,0x9CF3,0x0000,
 0x0000,0x0000,0x0000,0x0000,0x0000,0x0000,0x0000,0x0000,0x0000,0x0000,0x0000,0x0000,
 0x0000,0x0000,0x0000,0x0000,0x0000,0x0000,0x0000,0xA534,0xFFFF,0xFFDF,0xFFFF,0xE73C,
 0x0861,0x0000,0x0000,0x0000,0x0000,0x0000,0x0000,0x39C7,0xD6BA,0xD69A,0xD69A,0xD6BA,
 0x4A69,0x0000,0x0000,0x0000,0x0000,0x0000,0x0000,0x0000,0x0000,0xB5B6,0xFFFF,0xFFDF,
 0xFFFF,0xB5B6,0xC618,0xFFFF,0xFFDF,0xFFFF,0x9CF3,0x0000,0x0020,0x0000,0x0000,0x0000,
 0x0000,0x0000,0x0000,0x2124,0xFFFF,0xFFFF,0xFFDF,0xFFFF,0x8410,0x0000,0x0020,0x0000,
 0x0000,0x0020,0x0000,0x632C,0xFFFF,0xFFDF,0xFFFF,0xFFFF,0x39E7,0x0000,0x0000,0x0000,
 0x0000,0x2965,0xFFFF,0xFFFF,0xFFDF,0xFFFF,0x7BCF,0x0000,0x0020,0x0000,0x0000,0x0000,
 0x0000,0x0000,0x0000,0x0000,0x0000,0x0000,0x0000,0x10A2,0xF79E,0xFFFF,0xFFDF,0xFFFF,
 0x9CD3,0x0000,0x0020,0x0000,0x0000,0x0000,0x0000,0x0000,0x0000,0x0000,0x0000,0x0000,
 0x0000,0x0000,0xDEDB,0xFFFF,0xFFDF,0xFFFF,0xBDD7,0x0000,0x0020,0x0000,0x0000,0x0020,
 0x0000,0x3186,0xFFFF,0xFFFF,0xFFDF,0xFFFF,0x73AE,0x0000,0x0020,0x0000,0x0000,0x0020,
 0xDEFB,0xFFFF,0xFFDF,0xFFFF,0xAD75,0x0000,0x0020,0x0000,0x0000,0x0020,0x0000,0x39C7,
 0xFFFF,0xFFFF,0xFFDF,0xFFFF,0x6B6D,0x0000,0x0020,0x0000,0x0000,0x0841,0xE73C,0xFFFF,
 0xFFDF,0xFFFF,0xAD55,0x0000,0x0020,0x0000,0x0000,0x0000,0x0000,0x0020,0x0000,0x9492,
 0xFFFF,0xFFDF,0xFFFF,0xF7BE,0x18C3,0x0000,0x0000,0x0000,0x0000,0x0000,0x0000,0x0000,
 0x0000,0x2104,0xFFDF,0xFFFF,0xFFDF,0xFFFF,0x8430,0x0000,0x0020,0x0000,0x0000,0x0000,
 0x0000,0x0000,0x0000,0x0000,0x0000,0x0000,0x0000,0x0000,0x0000,0x0000,0x0000,0x0000,
 0x0000,0x0000,0x0000,0xBDF7,0xFFFF,0xFFDF,0xFFFF,0xD6BA,0x0000,0x0000,0x0000,0x0000,
 0x0000,0x0000,0x0000,0x0000,0x0000,0x0000,0x0000,0x0000,0x0000,0x0000,0x0000,0x0000,
 0x0000,0x0000,0x0000,0x0000,0x2965,0xFFFF,0xFFFF,0xFFFF,0xFFFF,0x31A6,0x8410,0xFFFF,
 0xFFDF,0xFFFF,0xDEDB,0x0000,0x0000,0x0000,0x0000,0x0000,0x0000,0x0000,0x0000,0x39C7,
 0xFFFF,0xFFFF,0xFFDF,0xFFFF,0x6B4D,0x0000,0x0020,0x0000,0x0000,0x0020,0x0000,0x7BEF,
 0xFFFF,0xFFDF,0xFFFF,0xFFFF,0x2945,0x0000,0x0000,0x0000,0x0000,0x4208,0xFFFF,0xFFFF,
 0xFFDF,0xFFFF,0x632C,0x0020,0x0841,0x0020,0x0020,0x0020,0x0020,0x0000,0x0000,0x0000,
 0x0000,0x0000,0x0000,0x2124,0xFFFF,0xFFFF,0xFFDF,0xFFFF,0x8430,0x0020,0x0841,0x0020,
 0x0020,0x0020,0x0020,0x0000,0x0000,0x0000,0x0000,0x0000,0x0000,0x0861,0xEF5D,0xFFFF,
 0xFFDF,0xFFFF,0xA514,0x0000,0x0020,0x0000,0x0000,0x0000,0x0000,0x4228,0xFFFF,0xFFFF,
 0xFFDF,0xFFFF,0x5ACB,0x0000,0x0020,0x0000,0x0000,0x10A2,0xF79E,0xFFFF,0xFFDF,0xFFFF,
 0x9CD3,0x0000,0x0020,0x0000,0x0000,0x0020,0x0000,0x4A69,0xFFFF,0xFFFF,0xFFFF,0xFFFF,
 0x528A,0x0000,0x0020,0x0000,0x0000,0x18C3,0xF7BE,0xFFFF,0xFFDF,0xFFFF,0x8C71,0x0000,
 0x0020,0x0000,0x0000,0x0000,0x0000,0x0000,0x0000,0xAD75,0xFFFF,0xFFDF,0xFFFF,0xE73C,
 0x0841,0x0000,0x0000,0x0000,0x0000,0x0000,0x0000,0x0000,0x0000,0x31A6,0xFFFF,0xFFFF,
 0xFFDF,0xFFFF,0x6B6D,0x0000,0x0020,0x0000,0x0000,0x0000,0x0000,0x0000,0x0000,0x0000,
 0x0000,0x0000,0x0000,0x0000,0x0000,0x0000,0x0000,0x0000,0x0000,0x0000,0x0000,0xD6BA,
 0xFFFF,0xFFDF,0xFFFF,0xBDF7,0x0000,0x0000,0x0000,0x0000,0x0000,0x0000,0x0000,0x0000,
 0x0000,0x0000,0x0000,0x0000,0x0000,0x0000,0x0000,0x0000,0x0000,0x0000,0x0000,0x0000,
 0xA514,0xFFFF,0xFFDF,0xFFFF,0xD69A,0x0000,0x52AA,0xFFFF,0xFFFF,0xFFFF,0xFFDF,0x2124,
 0x0000,0x0000,0x0000,0x0000,0x0000,0x0020,0x0000,0x528A,0xFFFF,0xFFFF,0xFFFF,0xFFFF,
 0x528A,0x0020,0x0841,0x0020,0x0020,0x0841,0x0020,0x9CD3,0xFFFF,0xFFDF,0xFFFF,0xF79E,
 0x10A2,0x0000,0x0000,0x0020,0x0000,0x5ACB,0xFFFF,0xFFDF,0xFFFF,0xFFFF,0x39E7,0x0000,
 0x0000,0x0000,0x0000,0x0000,0x0000,0x0000,0x0000,0x0000,0x0000,0x0000,0x0000,0x39E7,
 0xFFFF,0xFFFF,0xFFDF,0xFFFF,0x5AEB,0x0000,0x0000,0x0000,0x0000,0x0000,0x0000,0x0000,
 0x0000,0x0000,0x0000,0x0000,0x0000,0x2104,0xFFDF,0xFFFF,0xFFDF,0xFFFF,0x8C51,0x0020,
 0x0841,0x0020,0x0020,0x0841,0x0020,0x630C,0xFFFF,0xFFDF,0xFFFF,0xFFFF,0x4208,0x0000,
 0x0000,0x0000,0x0000,0x2945,0xFFFF,0xFFFF,0xFFDF,0xFFFF,0x7BCF,0x0000,0x0000,0x0000,
 0x0000,0x0000,0x0000,0x630C,0xFFFF,0xFFDF,0xFFDF,0xFFFF,0x39E7,0x0000,0x0000,0x0000,
 0x0000,0x2965,0xFFFF,0xFFFF,0xFFDF,0xFFFF,0x73AE,0x0000,0x0020,0x0000,0x0000,0x0000,
 0x0000,0x0000,0x0000,0xC638,0xFFFF,0xFFDF,0xFFFF,0xD69A,0x0000,0x0000,0x0000,0x0000,
 0x0000,0x0000,0x0000,0x0020,0x0000,0x4A69,0xFFFF,0xFFFF,0xFFFF,0xFFFF,0x52AA,0x0000,
 0x0020,0x0000,0x0000,0x0000,0x0000,0x0000,0x0000,0x0000,0x0000,0x0000,0x0000,0x0000,
 0x0000,0x0000,0x0000,0x0000,0x0000,0x0000,0x0861,0xE73C,0xFFFF,0xFFDF,0xFFFF,0xA534,
 0x0000,0x0020,0x0000,0x0000,0x0000,0x0000,0x0000,0x0000,0x0000,0x0000,0x0000,0x0000,
 0x0000,0x0000,0x0000,0x0000,0x0000,0x0000,0x0000,0x2104,0xF7BE,0xFFFF,0xFFDF,0xFFFF,
 0x630C,0x0000,0x2124,0xFFDF,0xFFFF,0xFFDF,0xFFFF,0x5AEB,0x0000,0x0020,0x0000,0x0000,
 0x0000,0x0020,0x0000,0x6B4D,0xFFFF,0xFFDF,0xFFFF,0xFFFF,0x2945,0x0000,0x0000,0x0000,
 0x0000,0x0000,0x0000,0xAD75,0xFFFF,0xFFDF,0xFFFF,0xE71C,0x0020,0x0000,0x0000,0x0020,
 0x0000,0x738E,0xFFFF,0xFFDF,0xFFFF,0xFFFF,0xB5B6,0xA514,0xA514,0xA514,0xA514,0x9CF3,
 0xA514,0x39E7,0x0000,0x0000,0x0000,0x0020,0x0000,0x528A,0xFFFF,0xFFFF,0xFFFF,0xFFFF,
 0xC618,0xA514,0xA514,0xA514,0xA514,0x9CF3,0xA514,0x52AA,0x0000,0x0000,0x0000,0x0000,
 0x0000,0x31A6,0xFFFF,0xFFFF,0xFFDF,0xFFFF,0x630C,0x0000,0x0000,0x0000,0x0000,0x0000,
 0x0000,0x738E,0xFFFF,0xFFDF,0xFFFF,0xFFFF,0x2965,0x0000,0x0000,0x0000,0x0000,0x39E7,
 0xFFFF,0xFFFF,0xFFFF,0xFFFF,0xD6BA,0xBDD7,0xBDD7,0xBDD7,0xBDD7,0xBDD7,0xBDD7,0xDEDB,
 0xFFFF,0xFFFF,0xFFFF,0xDEFB,0x18C3,0x0000,0x0000,0x0000,0x0000,0x4228,0xFFFF,0xFFFF,
 0xFFDF,0xFFFF,0x5AEB,0x0000,0x0020,0x0000,0x0000,0x0000,0x0000,0x0000,0x0000,0xDEDB,
 0xFFFF,0xFFDF,0xFFFF,0xBDD7,0x0000,0x0000,0x0000,0x0000,0x0000,0x0000,0x0000,0x0020,
 0x0000,0x632C,0xFFFF,0xFFDF,0xFFFF,0xFFFF,0x39C7,0x0000,0x0000,0x0000,0x0000,0x0000,
 0x0000,0x0000,0x0000,0x0000,0x0000,0x0000,0x0000,0x0000,0x0000,0x0000,0x0000,0x0000,
 0x0000,0x0000,0x18E3,0xFFDF,0xFFFF,0xFFDF,0xFFFF,0x8C51,0x0000,0x0020,0x0000,0x0000,
 0x0000,0x0000,0x0000,0x0000,0x0000,0x0000,0x0000,0x0000,0x0000,0x0000,0x0000,0x0000,
 0x0000,0x0020,0x0000,0x8C51,0xFFFF,0xFFDF,0xFFFF,0xE71C,0x0841,0x0000,0x0000,0xD69A,
 0xFFFF,0xFFDF,0xFFFF,0xA514,0x0000,0x0020,0x0000,0x0000,0x0000,0x0020,0x0000,0x8430,
 0xFFFF,0xFFDF,0xFFFF,0xFFFF,0x8C51,0x738E,0x738E,0x738E,0x738E,0x738E,0x738E,0xDEFB,
 0xFFFF,0xFFDF,0xFFFF,0xCE59,0x0000,0x0000,0x0000,0x0020,0x0000,0x8C71,0xFFFF,0xFFDF,
 0xFFFF,0xFFFF,0xFFFF,0xFFFF,0xFFFF,0xFFFF,0xFFFF,0xFFFF,0xFFFF,0x52AA,0x0000,0x0020,
 0x0000,0x0020,0x0000,0x6B4D,0xFFFF,0xFFDF,0xFFFF,0xFFFF,0xFFFF,0xFFFF,0xFFFF,0xFFFF,
 0xFFFF,0xFFFF,0xFFFF,0x73AE,0x0000,0x0020,0x0000,0x0000,0x0000,0x4A69,0xFFFF,0xFFFF,
 0xFFFF,0xFFFF,0xA514,0x738E,0x73AE,0x738E,0x738E,0x73AE,0x738E,0xC618,0xFFFF,0xFFFF,
 0xFFFF,0xF79E,0x18C3,0x0000,0x0000,0x0020,0x0000,0x52AA,0xFFFF,0xFFFF,0xFFFF,0xFFFF,
 0xFFFF,0xFFFF,0xFFFF,0xFFFF,0xFFFF,0xFFFF,0xFFFF,0xFFFF,0xFFFF,0xDEFB,0x7BCF,0x1082,
 0x0000,0x0000,0x0000,0x0020,0x0000,0x5AEB,0xFFFF,0xFFDF,0xFFFF,0xFFFF,0x4208,0x0000,
 0x0000,0x0000,0x0000,0x0000,0x0000,0x0000,0x1082,0xEF5D,0xFFFF,0xFFDF,0xFFFF,0xA514,
 0x0000,0x0020,0x0000,0x0000,0x0000,0x0000,0x0000,0x0020,0x0000,0x7BEF,0xFFFF,0xFFDF,
 0xFFFF,0xFFFF,0x2124,0x0000,0x0000,0x0000,0x0000,0x0000,0x0000,0x0000,0x0000,0x0000,
 0x0000,0x0000,0x0000,0x0000,0x0000,0x0000,0x0000,0x0000,0x0000,0x0000,0x3186,0xFFFF,
 0xFFFF,0xFFDF,0xFFFF,0x738E,0x0000,0x0020,0x0000,0x0000,0x0000,0x0000,0x0000,0x0000,
 0x0000,0x0000,0x0000,0x0000,0x0000,0x0000,0x0000,0x0000,0x0000,0x0000,0x1082,0xEF7D,
 0xFFFF,0xFFDF,0xFFFF,0x73AE,0x0000,0x0841,0x0000,0x9CF3,0xFFFF,0xFFDF,0xFFFF,0xDEDB,
 0x0000,0x0000,0x0000,0x0000,0x0000,0x0020,0x0000,0x9CF3,0xFFFF,0xFFDF,0xFFFF,0xFFFF,
 0xFFFF,0xFFFF,0xFFFF,0xFFFF,0xFFFF,0xFFFF,0xFFFF,0xFFFF,0xFFFF,0xFFDF,0xFFFF,0xBDF7,
 0x0000,0x0000,0x0000,0x0000,0x0000,0xA534,0xFFFF,0xFFDF,0xFFFF,0xFFFF,0xFFDF,0xFFDF,
 0xFFDF,0xFFDF,0xFFDF,0xF7BE,0xFFDF,0x31A6,0x0000,0x0000,0x0000,0x0020,0x0000,0x8430,
 0xFFFF,0xFFDF,0xFFFF,0xFFFF,0xFFDF,0xFFDF,0xFFDF,0xFFDF,0xFFDF,0xF7BE,0xFFDF,0x528A,
 0x0000,0x0000,0x0000,0x0020,0x0000,0x632C,0xFFFF,0xFFDF,0xFFFF,0xFFFF,0xFFFF,0xFFFF,
 0xFFFF,0xFFFF,0xFFFF,0xFFFF,0xFFFF,0xFFFF,0xFFFF,0xFFDF,0xFFFF,0xEF7D,0x0841,0x0000,
 0x0000,0x0020,0x0000,0x6B6D,0xFFFF,0xFFDF,0xFFFF,0xFFFF,0xFFDF,0xFFDF,0xFFDF,0xFFDF,
 0xFFDF,0xFFDF,0xFFDF,0xFFDF,0xFFFF,0x8410,0x0000,0x0000,0x0000,0x0000,0x0000,0x0020,
 0x0000,0x73AE,0xFFFF,0xFFDF,0xFFFF,0xFFFF,0x2965,0x0000,0x0000,0x0000,0x0000,0x0000,
 0x0000,0x0000,0x2104,0xFFDF,0xFFFF,0xFFDF,0xFFFF,0x8430,0x0000,0x0020,0x0000,0x0000,
 0x0000,0x0000,0x0000,0x0020,0x0000,0x9CD3,0xFFFF,0xFFDF,0xFFFF,0xEF7D,0x1082,0x0000,
 0x0000,0x0000,0x0000,0x0000,0x0000,0x0000,0x0000,0x0000,0x0000,0x0000,0x0000,0x0000,
 0x0000,0x0000,0x0000,0x0000,0x0000,0x0000,0x4A69,0xFFFF,0xFFFF,0xFFFF,0xFFFF,0x5ACB,
 0x0000,0x0020,0x0000,0x0000,0x0000,0x0000,0x0000,0x0000,0x0000,0x0000,0x0000,0x0000,
 0x0000,0x0000,0x0000,0x0000,0x0020,0x0000,0x73AE,0xFFFF,0xFFDF,0xFFFF,0xF79E,0x18C3,
 0x0000,0x0841,0x0000,0x632C,0xFFFF,0xFFDF,0xFFFF,0xFFFF,0x2945,0x0000,0x0000,0x0000,
 0x0000,0x0000,0x0000,0xBDD7,0xFFFF,0xFFFF,0xFFFF,0xFFFF,0xF7BE,0xF7BE,0xFFDF,0xFFDF,
 0xFFDF,0xFFDF,0xFFDF,0xFFFF,0xFFFF,0xFFFF,0xE71C,0x528A,0x0000,0x0000,0x0000,0x0000,
 0x0000,0xC618,0xFFFF,0xFFFF,0xFFFF,0xFFFF,0xFFFF,0xFFFF,0xFFFF,0xFFFF,0xFFFF,0xFFFF,
 0xFFFF,0x18E3,0x0000,0x0000,0x0000,0x0020,0x0000,0xA514,0xFFFF,0xFFDF,0xFFFF,0xFFFF,
 0xFFFF,0xFFFF,0xFFFF,0xFFFF,0xFFFF,0xFFFF,0xFFFF,0x39E7,0x0000,0x0000,0x0000,0x0020,
 0x0000,0x8410,0xFFFF,0xFFDF,0xFFFF,0xFFFF,0xFFDF,0xF7BE,0xF7BE,0xFFDF,0xFFDF,0xFFDF,
 0xFFDF,0xFFFF,0xFFFF,0xFFFF,0xF79E,0x7BCF,0x0000,0x0000,0x0000,0x0020,0x0000,0x8C51,
 0xFFFF,0xFFDF,0xFFFF,0xFFFF,0xFFFF,0xFFFF,0xFFFF,0xFFFF,0xFFFF,0xFFFF,0xFFFF,0xFFFF,
 0xFFFF,0xFFFF,0xC618,0x31A6,0x0000,0x0000,0x0000,0x0020,0x0000,0x94B2,0xFFFF,0xFFDF,
 0xFFFF,0xF7BE,0x18C3,0x0000,0x0000,0x0000,0x0000,0x0000,0x0000,0x0000,0x31A6,0xFFFF,
 0xFFFF,0xFFDF,0xFFFF,0x6B4D,0x0000,0x0020,0x0000,0x0000,0x0000,0x0000,0x0000,0x0000,
 0x0000,0xB5B6,0xFFFF,0xFFDF,0xFFFF,0xDEFB,0x0020,0x0000,0x0000,0x0000,0x0000,0x0000,
 0x0000,0x0000,0x0000,0x0000,0x0000,0x0000,0x0000,0x0000,0x0000,0x0000,0x0000,0x0000,
 0x0020,0x0000,0x630C,0xFFFF,0xFFDF,0xFFFF,0xFFFF,0x4208,0x0000,0x0000,0x0000,0x0000,
 0x0000,0x0000,0x0000,0x0000,0x0000,0x0000,0x0000,0x0000,0x0000,0x0000,0x0000,0x0000,
 0x0000,0x0841,0xE71C,0xFFFF,0xFFDF,0xFFFF,0x8410,0x0000,0x0000,0x0000,0x0000,0x18E3,
 0xFFDF,0xFFFF,0xFFDF,0xFFFF,0x630C,0x0000,0x0020,0x0000,0x0000,0x0000,0x0000,0xD69A,
 0xFFFF,0xFFFF,0xFFFF,0xFFFF,0xFFFF,0xFFFF,0xFFFF,0xFFFF,0xFFFF,0xFFFF,0xFFFF,0xFFFF,
 0xEF7D,0x7BEF,0x1082,0x0000,0x0000,0x0000,0x0000,0x0000,0x0000,0xD6BA,0xFFFF,0xFFDF,
 0xFFFF,0xD6BA,0x5AEB,0x5AEB,0x5AEB,0x5AEB,0x5AEB,0x5AEB,0x52AA,0x0020,0x0000,0x0000,
 0x0000,0x0000,0x0000,0xBDD7,0xFFFF,0xFFDF,0xFFFF,0xE73C,0x5AEB,0x5AEB,0x5AEB,0x5AEB,
 0x5AEB,0x5AEB,0x5ACB,0x0861,0x0000,0x0000,0x0000,0x0020,0x0000,0x9CD3,0xFFFF,0xFFDF,
 0xFFFF,0xFFFF,0xFFFF,0xFFFF,0xFFFF,0xFFFF,0xFFFF,0xFFFF,0xFFFF,0xFFFF,0xFFFF,0x9CF3,
 0x2104,0x0000,0x0000,0x0000,0x0000,0x0020,0x0000,0xA534,0xFFFF,0xFFDF,0xFFFF,0xEF7D,
 0x4A69,0x4208,0x4228,0x4228,0x4228,0x4228,0x4A49,0xEF7D,0xFFFF,0xFFDF,0xFFFF,0xB596,
 0x0000,0x0000,0x0000,0x0000,0x0000,0xAD75,0xFFFF,0xFFDF,0xFFFF,0xE71C,0x0841,0x0000,
 0x0000,0x0000,0x0000,0x0000,0x0000,0x0000,0x528A,0xFFFF,0xFFFF,0xFFFF,0xFFFF,0x528A,
 0x0000,0x0020,0x0000,0x0000,0x0000,0x0000,0x0000,0x0000,0x0000,0xCE79,0xFFFF,0xFFDF,
 0xFFFF,0xCE59,0x0000,0x0000,0x0000,0x0000,0x0000,0x0000,0x0000,0x0000,0x0000,0x0000,
 0x0000,0x0000,0x0000,0x0000,0x0000,0x0000,0x0000,0x0000,0x0020,0x0000,0x7BEF,0xFFFF,
 0xFFDF,0xFFFF,0xFFFF,0x2945,0x0000,0x0000,0x0000,0x0000,0x0000,0x0000,0x0000,0x0020,
 0x0020,0x0020,0x0020,0x0000,0x0000,0x0000,0x0000,0x0020,0x0000,0x5AEB,0xFFFF,0xFFFF,
 0xFFFF,0xFFFF,0xC638,0xB5B6,0xB5B6,0xB5B6,0xB5B6,0xBDD7,0xFFDF,0xFFFF,0xFFDF,0xFFFF,
 0xA514,0x0000,0x0000,0x0000,0x0000,0x0000,0x0841,0xE71C,0xFFFF,0xFFFF,0xFFFF,0xDEDB,
 0x8C71,0x8C71,0xBDD7,0xFFFF,0xFFFF,0xFFFF,0xFFFF,0xCE59,0x18E3,0x0000,0x0000,0x0000,
 0x0000,0x0000,0x0000,0x0000,0x0861,0xEF5D,0xFFFF,0xFFDF,0xFFFF,0xA514,0x0000,0x0000,
 0x0000,0x0000,0x0000,0x0000,0x0000,0x0000,0x0000,0x0000,0x0000,0x0000,0x0000,0xD69A,
 0xFFFF,0xFFDF,0xFFFF,0xC618,0x0000,0x0000,0x0000,0x0000,0x0000,0x0000,0x0000,0x0000,
 0x0000,0x0000,0x0000,0x0000,0x0000,0xB596,0xFFFF,0xFFDF,0xFFFF,0xEF7D,0x8C71,0x8C71,
 0xA514,0xFFFF,0xFFFF,0xFFFF,0xFFFF,0xEF5D,0x3186,0x0000,0x0000,0x0000,0x0000,0x0000,
 0x0000,0x0000,0x0000,0xBDD7,0xFFFF,0xFFDF,0xFFFF,0xD69A,0x0000,0x0000,0x0000,0x0000,
 0x0000,0x0000,0x0841,0xF79E,0xFFFF,0xFFDF,0xFFFF,0x9492,0x0000,0x0020,0x0000,0x0000,
 0x0000,0xC638,0xFFFF,0xFFDF,0xFFFF,0xD69A,0x0000,0x0000,0x0000,0x0000,0x0000,0x0000,
 0x0020,0x0000,0x6B4D,0xFFFF,0xFFDF,0xFFFF,0xFFFF,0x39C7,0x0000,0x0000,0x0000,0x0000,
 0x0000,0x0000,0x0000,0x0000,0x0020,0xE71C,0xFFFF,0xFFDF,0xFFFF,0xB596,0x0000,0x0000,
 0x0000,0x0000,0x0000,0x0000,0x0000,0x0000,0x0000,0x0000,0x0000,0x0000,0x0000,0x0000,
 0x0000,0x0000,0x0000,0x0000,0x0020,0x0000,0x9CD3,0xFFFF,0xFFDF,0xFFFF,0xF79E,0x10A2,
 0x0000,0x0000,0x0000,0x0000,0x0000,0x0000,0x0000,0x0000,0x0000,0x0000,0x0000,0x0000,
 0x0000,0x0000,0x0000,0x0000,0x0000,0xD69A,0xFFFF,0xFFFF,0xFFFF,0xFFFF,0xFFFF,0xFFFF,
 0xFFFF,0xFFFF,0xFFFF,0xFFFF,0xFFFF,0xFFFF,0xFFFF,0xFFFF,0xDEDB,0x0020,0x0000,0x0000,
 0x0000,0x0000,0x10A2,0xF79E,0xFFFF,0xFFDF,0xFFFF,0x8C71,0x0000,0x0000,0x0861,0xF79E,
 0xFFFF,0xFFFF,0xFFFF,0xE71C,0x0861,0x0020,0x0000,0x0000,0x0000,0x0000,0x0000,0x0000,
 0x18E3,0xFFDF,0xFFFF,0xFFDF,0xFFFF,0x8C51,0x0020,0x0841,0x0020,0x0020,0x0020,0x0020,
 0x0020,0x0000,0x0000,0x0000,0x0000,0x0000,0x0841,0xE73C,0xFFFF,0xFFDF,0xFFFF,0xAD55,
 0x0020,0x0020,0x0020,0x0020,0x0020,0x0020,0x0020,0x0000,0x0000,0x0000,0x0000,0x0000,
 0x0000,0xCE59,0xFFFF,0xFFDF,0xFFFF,0xC638,0x0000,0x0000,0x0000,0xCE59,0xFFFF,0xFFFF,
 0xFFFF,0xFFDF,0x3186,0x0000,0x0020,0x0000,0x0000,0x0000,0x0000,0x0000,0x0000,0xD69A,
 0xFFFF,0xFFDF,0xFFFF,0xBDF7,0x0000,0x0020,0x0000,0x0000,0x0020,0x0000,0x2965,0xFFFF,
 0xFFFF,0xFFDF,0xFFFF,0x7BEF,0x0000,0x0020,0x0000,0x0000,0x0020,0xDEFB,0xFFFF,0xFFDF,
 0xFFFF,0xBDD7,0x0000,0x0000,0x0000,0x0000,0x0000,0x0000,0x0020,0x0000,0x8430,0xFFFF,
 0xFFDF,0xFFFF,0xFFFF,0x2124,0x0000,0x0000,0x0000,0x0000,0x0000,0x0000,0x0000,0x0000,
 0x10A2,0xF79E,0xFFFF,0xFFDF,0xFFFF,0x9CD3,0x0000,0x0020,0x0000,0x0000,0x0000,0x0000,
 0x0000,0x0000,0x0000,0x0000,0x0000,0x0000,0x0000,0x0000,0x0000,0x0000,0x0000,0x0000,
 0x0000,0x0000,0xB596,0xFFFF,0xFFDF,0xFFFF,0xDEFB,0x0020,0x0000,0x0000,0x0000,0x0000,
 0x0000,0x0000,0x2945,0x7BEF,0x7BEF,0x7BEF,0x7BEF,0x2104,0x0000,0x0000,0x0000,0x0000,
 0x4A49,0xFFFF,0xFFFF,0xFFFF,0xFFFF,0xFFFF,0xFFDF,0xFFDF,0xFFDF,0xFFDF,0xFFDF,0xFFDF,
 0xFFFF,0xFFFF,0xFFFF,0xFFFF,0xFFFF,0x2945,0x0000,0x0000,0x0000,0x0000,0x2945,0xFFFF,
 0xFFFF,0xFFDF,0xFFFF,0x7BCF,0x0020,0x0861,0x0000,0x9492,0xFFFF,0xFFDF,0xFFDF,0xFFFF,
 0x7BCF,0x0000,0x0020,0x0000,0x0000,0x0000,0x0000,0x0000,0x3186,0xFFFF,0xFFFF,0xFFDF,
 0xFFFF,0x6B6D,0x0000,0x0020,0x0000,0x0000,0x0000,0x0000,0x0000,0x0000,0x0000,0x0000,
 0x0000,0x0000,0x18C3,0xF7BE,0xFFFF,0xFFDF,0xFFFF,0x8C71,0x0000,0x0020,0x0000,0x0000,
 0x0000,0x0000,0x0000,0x0000,0x0000,0x0000,0x0000,0x0000,0x0020,0xDEFB,0xFFFF,0xFFDF,
 0xFFFF,0xAD75,0x0020,0x0841,0x0000,0x52AA,0xFFFF,0xFFFF,0xFFFF,0xFFFF,0xB5B6,0x0000,
 0x0000,0x0000,0x0000,0x0000,0x0000,0x0000,0x0841,0xE73C,0xFFFF,0xFFDF,0xFFFF,0xA534,
 0x0000,0x0020,0x0000,0x0000,0x0000,0x0000,0x4208,0xFFFF,0xFFFF,0xFFDF,0xFFFF,0x630C,
 0x0000,0x0020,0x0000,0x0000,0x1082,0xEF7D,0xFFFF,0xFFDF,0xFFFF,0xA514,0x0000,0x0020,
 0x0000,0x0000,0x0000,0x0000,0x0020,0x0000,0x9CF3,0xFFFF,0xFFDF,0xFFFF,0xEF7D,0x1082,
 0x0000,0x0000,0x0000,0x0000,0x0000,0x0000,0x0000,0x0000,0x2124,0xFFFF,0xFFFF,0xFFDF,
 0xFFFF,0x7BEF,0x0000,0x0020,0x0000,0x0000,0x0000,0x0000,0x0000,0x0000,0x0000,0x0000,
 0x0000,0x0000,0x0000,0x0000,0x0000,0x0000,0x0000,0x0000,0x0000,0x0000,0xCE79,0xFFFF,
 0xFFDF,0xFFFF,0xCE79,0x0020,0x0020,0x0020,0x0020,0x0020,0x0841,0x0020,0x738E,0xFFFF,
 0xFFFF,0xFFFF,0xFFFF,0x39C7,0x0000,0x0000,0x0000,0x0000,0xBDF7,0xFFFF,0xFFFF,0xFFFF,
 0xFFFF,0xFFFF,0xFFFF,0xFFFF,0xFFFF,0xFFFF,0xFFFF,0xFFFF,0xFFFF,0xFFFF,0xFFFF,0xFFFF,
 0xFFFF,0x630C,0x0000,0x0020,0x0000,0x0000,0x4208,0xFFFF,0xFFFF,0xFFDF,0xFFFF,0x5AEB,
 0x0000,0x0020,0x0000,0x2104,0xF7BE,0xFFFF,0xFFFF,0xFFFF,0xE73C,0x0861,0x0000,0x0000,
 0x0000,0x0000,0x0000,0x0000,0x4A49,0xFFFF,0xFFFF,0xFFFF,0xFFFF,0x52AA,0x0000,0x0020,
 0x0000,0x0000,0x0000,0x0000,0x0000,0x0000,0x0000,0x0000,0x0000,0x0000,0x2965,0xFFFF,
 0xFFFF,0xFFDF,0xFFFF,0x73AE,0x0000,0x0020,0x0000,0x0000,0x0000,0x0000,0x0000,0x0000,
 0x0000,0x0000,0x0000,0x0000,0x10A2,0xF79E,0xFFFF,0xFFDF,0xFFFF,0x94B2,0x0000,0x0020,
 0x0000,0x0020,0xDEDB,0xFFFF,0xFFFF,0xFFFF,0xFFFF,0x2965,0x0000,0x0000,0x0000,0x0000,
 0x0000,0x0000,0x18C3,0xF7BE,0xFFFF,0xFFDF,0xFFFF,0x8C71,0x0000,0x0020,0x0000,0x0000,
 0x0020,0x0000,0x5ACB,0xFFFF,0xFFDF,0xFFFF,0xFFFF,0x4A49,0x0000,0x0000,0x0000,0x0000,
 0x2104,0xFFDF,0xFFFF,0xFFDF,0xFFFF,0x8C51,0x0020,0x0841,0x0020,0x0020,0x0020,0x0020,
 0x0020,0x0020,0xB5B6,0xFFFF,0xFFDF,0xFFFF,0xDEDB,0x0000,0x0000,0x0000,0x0000,0x0000,
 0x0000,0x0000,0x0000,0x0000,0x39E7,0xFFFF,0xFFFF,0xFFDF,0xFFFF,0x632C,0x0000,0x0020,
 0x0000,0x0000,0x0000,0x0000,0x0000,0x0000,0x0000,0x0000,0x0000,0x0000,0x0000,0x0000,
 0x0000,0x0000,0x0000,0x0000,0x0000,0x0020,0xE71C,0xFFFF,0xFFDF,0xFFFF,0xB596,0x0000,
 0x0000,0x0000,0x0000,0x0000,0x0000,0x0000,0x7BEF,0xFFDF,0xF7BE,0xFFDF,0xF7BE,0x2104,
 0x0000,0x0020,0x0000,0x39C7,0xFFFF,0xFFFF,0xFFFF,0xFFFF,0x73AE,0x4A49,0x4A69,0x4A49,
 0x4A49,0x4A49,0x4A49,0x4A49,0x4A69,0xE73C,0xFFFF,0xFFDF,0xFFFF,0xA514,0x0000,0x0000,
 0x0020,0x0000,0x5ACB,0xFFFF,0xFFDF,0xFFFF,0xFFFF,0x4228,0x0000,0x0000,0x0000,0x0000,
 0xA514,0xFFFF,0xFFDF,0xFFFF,0xFFFF,0x6B4D,0x0000,0x0020,0x0000,0x0000,0x0020,0x0000,
 0x632C,0xFFFF,0xFFDF,0xFFFF,0xFFFF,0x2965,0x0000,0x0000,0x0000,0x0000,0x0000,0x0000,
 0x0000,0x0000,0x0000,0x0000,0x0000,0x0000,0x4228,0xFFFF,0xFFFF,0xFFDF,0xFFFF,0x4A69,
 0x0000,0x0000,0x0000,0x0000,0x0000,0x0000,0x0000,0x0000,0x0000,0x0000,0x0000,0x0000,
 0x2945,0xFFFF,0xFFFF,0xFFDF,0xFFFF,0x7BEF,0x0000,0x0020,0x0020,0x0000,0x6B4D,0xFFFF,
 0xFFFF,0xFFDF,0xFFFF,0xA534,0x0000,0x0000,0x0000,0x0000,0x0000,0x0000,0x2965,0xFFFF,
 0xFFFF,0xFFDF,0xFFFF,0x6B4D,0x0000,0x0000,0x0000,0x0000,0x0000,0x0000,0x6B6D,0xFFFF,
 0xFFDF,0xFFFF,0xFFFF,0x3186,0x0000,0x0000,0x0000,0x0000,0x39C7,0xFFFF,0xFFFF,0xFFDF,
 0xFFFF,0x5AEB,0x0000,0x0000,0x0000,0x0000,0x0000,0x0000,0x0000,0x0000,0xCE59,0xFFFF,
 0xFFDF,0xFFFF,0xC638,0x0000,0x0000,0x0000,0x0000,0x0000,0x0000,0x0000,0x0020,0x0000,
 0x52AA,0xFFFF,0xFFFF,0xFFFF,0xFFFF,0x4A49,0x0000,0x0000,0x0000,0x0000,0x0000,0x0000,
 0x0000,0x0000,0x0000,0x0000,0x0000,0x0000,0x0000,0x0000,0x0000,0x0000,0x0000,0x0000,
 0x0000,0x10A2,0xEF7D,0xFFFF,0xFFFF,0xFFFF,0xD69A,0x8410,0x8410,0x8410,0x8410,0x8410,
 0x8410,0x8410,0xCE79,0xFFFF,0xFFFF,0xFFFF,0xEF5D,0x1082,0x0000,0x0020,0x0000,0xAD75,
 0xFFFF,0xFFDF,0xFFFF,0xD69A,0x0000,0x0000,0x0000,0x0000,0x0000,0x0000,0x0000,0x0000,
 0x0000,0xA534,0xFFFF,0xFFDF,0xFFFF,0xDEDB,0x0020,0x0000,0x0020,0x0000,0x73AE,0xFFFF,
 0xFFDF,0xFFFF,0xFFFF,0x3186,0x0000,0x0000,0x0000,0x0000,0x2965,0xFFFF,0xFFFF,0xFFFF,
 0xFFFF,0xDEDB,0x0020,0x0000,0x0000,0x0000,0x0020,0x0000,0x7BEF,0xFFFF,0xFFDF,0xFFFF,
 0xFFFF,0xBDD7,0xAD55,0xAD55,0xAD55,0xAD55,0xAD55,0xAD55,0xA534,0xAD55,0x31A6,0x0000,
 0x0020,0x0000,0x5AEB,0xFFFF,0xFFDF,0xFFFF,0xFFFF,0xC618,0xAD55,0xAD55,0xAD55,0xAD55,
 0xAD55,0xAD55,0xA534,0xAD55,0x4A69,0x0000,0x0020,0x0000,0x39E7,0xFFFF,0xFFFF,0xFFDF,
 0xFFFF,0x632C,0x0000,0x0020,0x0000,0x0000,0x0861,0xE73C,0xFFFF,0xFFFF,0xFFFF,0xFFDF,
 0x2124,0x0000,0x0000,0x0000,0x0000,0x0000,0x4228,0xFFFF,0xFFFF,0xFFFF,0xFFFF,0xCE59,
 0xAD55,0xAD55,0xAD55,0xAD55,0xAD55,0xAD55,0xD6BA,0xFFFF,0xFFFF,0xFFFF,0xF7BE,0x18E3,
 0x0000,0x0000,0x0020,0x0000,0x528A,0xFFFF,0xFFFF,0xFFFF,0xFFFF,0xAD75,0x8410,0x8410,
 0x8410,0x8410,0x8410,0x8410,0x8410,0x8410,0xEF7D,0xFFFF,0xFFDF,0xFFFF,0xAD55,0x0000,
 0x0000,0x0000,0x0000,0x0000,0x0000,0x0000,0x0020,0x0000,0x6B6D,0xFFFF,0xFFDF,0xFFFF,
 0xFFFF,0x31A6,0x0000,0x0000,0x0000,0x0000,0x0000,0x0000,0x0000,0x0000,0x0000,0x0000,
 0x0000,0x0000,0x0000,0x0000,0x0000,0x0000,0x0000,0x0000,0x0000,0x2965,0xFFFF,0xFFFF,
 0xFFFF,0xFFFF,0xFFFF,0xFFFF,0xFFFF,0xFFFF,0xFFFF,0xFFFF,0xFFFF,0xFFFF,0xFFFF,0xFFFF,
 0xFFDF,0xFFFF,0xE73C,0x0000,0x0000,0x0000,0x2124,0xFFDF,0xFFFF,0xFFDF,0xFFFF,0x632C,
 0x0000,0x0020,0x0000,0x0000,0x0000,0x0000,0x0000,0x0020,0x0000,0x6B4D,0xFFFF,0xFFDF,
 0xFFFF,0xFFFF,0x2945,0x0000,0x0020,0x0000,0x8C71,0xFFFF,0xFFDF,0xFFFF,0xF7BE,0x18E3,
 0x0000,0x0000,0x0000,0x0000,0x0000,0xB5B6,0xFFFF,0xFFFF,0xFFFF,0xFFFF,0x5ACB,0x0000,
 0x0020,0x0000,0x0020,0x0000,0x9CD3,0xFFFF,0xFFDF,0xFFFF,0xFFFF,0xFFFF,0xFFFF,0xFFFF,
 0xFFFF,0xFFFF,0xFFFF,0xFFFF,0xFFFF,0xFFFF,0x4228,0x0000,0x0020,0x0000,0x7BCF,0xFFFF,
 0xFFDF,0xFFFF,0xFFFF,0xFFFF,0xFFFF,0xFFFF,0xFFFF,0xFFFF,0xFFFF,0xFFFF,0xFFFF,0xFFFF,
 0x632C,0x0000,0x0020,0x0000,0x52AA,0xFFFF,0xFFFF,0xFFFF,0xFFFF,0x4A49,0x0000,0x0000,
 0x0000,0x0020,0x0000,0x7BCF,0xFFFF,0xFFDF,0xFFDF,0xFFFF,0x94B2,0x0000,0x0000,0x0000,
 0x0020,0x0000,0x5AEB,0xFFFF,0xFFDF,0xFFFF,0xFFFF,0xFFFF,0xFFFF,0xFFFF,0xFFFF,0xFFFF,
 0xFFFF,0xFFFF,0xFFFF,0xFFFF,0xFFDF,0xFFFF,0xF7BE,0x0861,0x0000,0x0000,0x0020,0x0000,
 0x73AE,0xFFFF,0xFFDF,0xFFFF,0xFFFF,0xFFFF,0xFFFF,0xFFFF,0xFFFF,0xFFFF,0xFFFF,0xFFFF,
 0xFFFF,0xFFFF,0xFFFF,0xFFFF,0xFFDF,0xFFFF,0x9CF3,0x0000,0x0020,0x0000,0x0000,0x0000,
 0x0000,0x0000,0x0020,0x0000,0x8C51,0xFFFF,0xFFDF,0xFFFF,0xFFDF,0x2104,0x0000,0x0000,
 0x0000,0x0000,0x0000,0x0000,0x0000,0x0000,0x0000,0x0000,0x0000,0x0000,0x0000,0x0000,
 0x0000,0x0000,0x0000,0x0000,0x0000,0x10A2,0xAD55,0xFFFF,0xFFFF,0xFFDF,0xFFDF,0xF7BE,
 0xF7BE,0xF7BE,0xF7BE,0xF7BE,0xF7BE,0xF7BE,0xFFDF,0xFFFF,0xFFFF,0xE73C,0x630C,0x0000,
 0x0020,0x0000,0x9492,0xFFFF,0xF7BE,0xFFFF,0xE73C,0x0861,0x0000,0x0000,0x0000,0x0000,
 0x0000,0x0000,0x0000,0x0000,0x0000,0x2965,0xFFFF,0xFFDF,0xFFDF,0xFFFF,0x630C,0x0000,
 0x0020,0x0000,0xA514,0xFFFF,0xF7BE,0xFFFF,0xE73C,0x0841,0x0000,0x0000,0x0000,0x0000,
 0x0000,0x39E7,0xFFFF,0xFFDF,0xFFDF,0xFFDF,0xCE79,0x0000,0x0000,0x0000,0x0000,0x0000,
 0xAD75,0xFFFF,0xFFDF,0xFFFF,0xFFFF,0xFFDF,0xFFDF,0xFFDF,0xFFDF,0xFFDF,0xFFDF,0xFFDF,
 0xFFDF,0xFFDF,0x2945,0x0000,0x0020,0x0000,0x8C71,0xFFFF,0xFFDF,0xFFFF,0xFFFF,0xFFDF,
 0xFFDF,0xFFDF,0xFFDF,0xFFDF,0xFFDF,0xFFDF,0xF7BE,0xFFDF,0x4228,0x0000,0x0020,0x0000,
 0x6B6D,0xFFFF,0xF7BE,0xFFDF,0xFFFF,0x31A6,0x0000,0x0000,0x0000,0x0000,0x0000,0x10A2,
 0xEF7D,0xFFDF,0xFFDF,0xFFDF,0xF79E,0x10A2,0x0000,0x0000,0x0020,0x0000,0x73AE,0xFFFF,
 0xFFDF,0xFFFF,0xFFFF,0xFFDF,0xFFDF,0xFFDF,0xFFDF,0xFFDF,0xFFDF,0xFFDF,0xFFDF,0xFFFF,
 0xFFFF,0xD69A,0x528A,0x0000,0x0000,0x0000,0x0000,0x0000,0x31A6,0xD69A,0xFFFF,0xFFFF,
 0xFFDF,0xFFDF,0xF7BE,0xF7BE,0xF7BE,0xF7BE,0xF7BE,0xF7BE,0xF7BE,0xF7BE,0xFFDF,0xFFFF,
 0xFFFF,0xC638,0x3186,0x0000,0x0000,0x0000,0x0000,0x0000,0x0000,0x0000,0x0020,0x0000,
 0xA514,0xFFFF,0xF7BE,0xFFFF,0xEF5D,0x1082,0x0000,0x0000,0x0000,0x0000,0x0000,0x0000,
 0x0000,0x0000,0x0000,0x0000,0x0000,0x0000,0x0000,0x0000,0x0000,0x0000,0x0000,0x0000,
 0x0000,0x0000,0x0000,0x52AA,0xDEFB,0xFFFF,0xFFFF,0xFFFF,0xFFFF,0xFFFF,0xFFFF,0xFFFF,
 0xFFFF,0xFFFF,0xFFFF,0xF79E,0x8430,0x1082,0x0000,0x0000,0x0000,0x2104,0xFFFF,0xFFFF,
 0xFFFF,0xFFFF,0x8410,0x0000,0x0020,0x0000,0x0000,0x0000,0x0000,0x0000,0x0000,0x0000,
 0x0000,0x0020,0xEF5D,0xFFFF,0xFFFF,0xFFFF,0xB596,0x0000,0x0020,0x0000,0xCE79,0xFFFF,
 0xFFFF,0xFFFF,0xDEFB,0x0000,0x0000,0x0000,0x0000,0x0000,0x0000,0x0000,0xC638,0xFFFF,
 0xFFFF,0xFFFF,0xFFFF,0x5ACB,0x0000,0x0020,0x0000,0x0000,0xD6BA,0xFFFF,0xFFFF,0xFFFF,
 0xFFFF,0xFFFF,0xFFFF,0xFFFF,0xFFFF,0xFFFF,0xFFFF,0xFFFF,0xFFFF,0xFFFF,0x10A2,0x0000,
 0x0020,0x0000,0xB5B6,0xFFFF,0xFFFF,0xFFFF,0xFFFF,0xFFFF,0xFFFF,0xFFFF,0xFFFF,0xFFFF,
 0xFFFF,0xFFFF,0xFFFF,0xFFFF,0x3186,0x0000,0x0020,0x0000,0x94B2,0xFFFF,0xFFFF,0xFFFF,
 0xFFFF,0x2104,0x0000,0x0000,0x0000,0x0000,0x0020,0x0000,0x8C71,0xFFFF,0xFFFF,0xFFFF,
 0xFFFF,0x94B2,0x0000,0x0020,0x0020,0x0000,0x9CF3,0xFFFF,0xFFFF,0xFFFF,0xFFFF,0xFFFF,
 0xFFFF,0xFFFF,0xFFFF,0xFFFF,0xFFFF,0xFFFF,0xFFFF,0xE71C,0x6B6D,0x0020,0x0000,0x0000,
 0x0000,0x0000,0x0000,0x0000,0x0000,0x0841,0x8410,0xF7BE,0xFFFF,0xFFFF,0xFFFF,0xFFFF,
 0xFFFF,0xFFFF,0xFFFF,0xFFFF,0xFFFF,0xFFFF,0xFFFF,0xDEDB,0x5AEB,0x0000,0x0000,0x0000,
 0x0000,0x0000,0x0000,0x0000,0x0000,0x0000,0x0000,0x0000,0xC638,0xFFFF,0xFFFF,0xFFFF,
 0xE71C,0x0000,0x0000,0x0000,0x0000,0x0000,0x0000,0x0000,0x0000,0x0000,0x0000,0x0000,
 0x0000,0x0000,0x0000,0x0000,0x0000,0x0000,0x0000,0x0000,0x0000,0x0000,0x0000,0x0000,
 0x1082,0x6B6D,0x7BCF,0x7BCF,0x7BCF,0x7BCF,0x7BCF,0x7BCF,0x7BCF,0x7BCF,0x73AE,0x2124,
 0x0000,0x0000,0x0000,0x0000,0x0000,0x18E3,0x52AA,0x528A,0x528A,0x528A,0x0861,0x0000,
 0x0000,0x0000,0x0000,0x0000,0x0000,0x0000,0x0000,0x0000,0x0000,0x0000,0x39E7,0x528A,
 0x528A,0x528A,0x4208,0x0000,0x0000,0x0000,0x4208,0x528A,0x528A,0x528A,0x39E7,0x0000,
 0x0000,0x0000,0x0000,0x0000,0x0000,0x0000,0x2124,0x528A,0x528A,0x528A,0x528A,0x31A6,
 0x0000,0x0000,0x0000,0x0000,0x4228,0x528A,0x528A,0x528A,0x528A,0x528A,0x528A,0x528A,
 0x528A,0x528A,0x528A,0x528A,0x528A,0x4A49,0x0020,0x0000,0x0000,0x0000,0x39E7,0x528A,
 0x528A,0x528A,0x528A,0x528A,0x528A,0x528A,0x528A,0x528A,0x528A,0x528A,0x528A,0x528A,
 0x0841,0x0000,0x0000,0x0000,0x3186,0x52AA,0x528A,0x528A,0x4A69,0x0020,0x0000,0x0000,
 0x0000,0x0000,0x0000,0x0000,0x1082,0x528A,0x528A,0x528A,0x528A,0x4228,0x0000,0x0000,
 0x0000,0x0000,0x31A6,0x52AA,0x528A,0x528A,0x528A,0x528A,0x528A,0x528A,0x528A,0x528A,
 0x528A,0x528A,0x528A,0x1082,0x0000,0x0000,0x0000,0x0000,0x0000,0x0000,0x0000,0x0000,
 0x0000,0x0000,0x0000,0x2965,0x7BCF,0x7BCF,0x7BCF,0x7BCF,0x7BCF,0x7BCF,0x7BCF,0x7BCF,
 0x7BCF,0x7BCF,0x632C,0x0841,0x0000,0x0000,0x0000,0x0000,0x0000,0x0000,0x0000,0x0000,
 0x0000,0x0000,0x0000,0x0000,0x4208,0x528A,0x528A,0x528A,0x4208,0x0000,0x0000,0x0000,
 0x0000,0x0000,0x0000,0x0000,0x0000,0x0000,0x0000,0x0000,0x0000,0x0000,0x0000,0x0000,
 0x0000,0x0000,0x0000,0x0000,0x0000,0x0000,0x0000,0x0000,0x0000,0x0000,0x0000,0x0000,
 0x0000,0x0000,0x0000,0x0000,0x0000,0x0000,0x0000,0x0000,0x0000,0x0000,0x0000,0x0000,
 0x0000,0x0000,0x0000,0x0000,0x0000,0x0000,0x0000,0x0000,0x0000,0x0000,0x0000,0x0000,
 0x0000,0x0000,0x0000,0x0000,0x0000,0x0000,0x0000,0x0000,0x0000,0x0000,0x0000,0x0000,
 0x0000,0x0000,0x0000,0x0000,0x0000,0x0000,0x0000,0x0000,0x0000,0x0000,0x0000,0x0000,
 0x0000,0x0000,0x0000,0x0000,0x0000,0x0000,0x0000,0x0000,0x0000,0x0000,0x0000,0x0000,
 0x0000,0x0000,0x0000,0x0000,0x0000,0x0000,0x0000,0x0000,0x0000,0x0000,0x0000,0x0000,
 0x0000,0x0000,0x0000,0x0000,0x0000,0x0000,0x0000,0x0000,0x0000,0x0000,0x0000,0x0000,
 0x0000,0x0000,0x0000,0x0000,0x0000,0x0000,0x0000,0x0000,0x0000,0x0000,0x0000,0x0000,
 0x0000,0x0000,0x0000,0x0000,0x0000,0x0000,0x0000,0x0000,0x0000,0x0000,0x0000,0x0000,
 0x0000,0x0000,0x0000,0x0000,0x0000,0x0000,0x0000,0x0000,0x0000,0x0000,0x0000,0x0000,
 0x0000,0x0000,0x0000,0x0000,0x0000,0x0000,0x0000,0x0000,0x0000,0x0000,0x0000,0x0000,
 0x0000,0x0000,0x0000,0x0000,0x0000,0x0000,0x0000,0x0000,0x0000,0x0000,0x0000,0x0000,
 0x0000,0x0000,0x0000,0x0000,0x0000,0x0000,0x0000,0x0000,0x0000,0x0000,0x0000,0x0000,
 0x0000,0x0000,0x0000,0x0000,0x0000,0x0000,0x0000,0x0000,0x0000,0x0000,0x0000,0x0000,
 0x0000,0x0000,0x0000,0x0000,0x0000,0x0000,0x0000,0x0000,0x0000,0x0000,0x0000,0x0000,
 0x0000,0x0000,0x0000,0x0000,0x0000,0x0000,0x0000,0x0000,0x0000,0x0000,0x0000,0x0000,
 0x0000,0x0000,0x0000,0x0000,0x0000,0x0020,0x0020,0x0020,0x0020,0x0020,0x0020,0x0020,
 0x0020,0x0020,0x0020,0x0000,0x0000,0x0000,0x0000,0x0000,0x0000,0x0000,0x0020,0x0000,
 0x0020,0x0020,0x0000,0x0000,0x0000,0x0000,0x0000,0x0000,0x0000,0x0000,0x0000,0x0000,
 0x0000,0x0000,0x0000,0x0020,0x0000,0x0020,0x0000,0x0000,0x0000,0x0000,0x0000,0x0020,
 0x0000,0x0020,0x0000,0x0000,0x0000,0x0000,0x0000,0x0000,0x0000,0x0000,0x0000,0x0020,
 0x0000,0x0000,0x0020,0x0000,0x0000,0x0000,0x0000,0x0000,0x0000,0x0020,0x0020,0x0020,
 0x0020,0x0020,0x0020,0x0020,0x0020,0x0020,0x0020,0x0020,0x0020,0x0000,0x0000,0x0000,
 0x0000,0x0000,0x0000,0x0020,0x0000,0x0020,0x0020,0x0020,0x0020,0x0020,0x0020,0x0020,
 0x0020,0x0020,0x0020,0x0000,0x0000,0x0000,0x0000,0x0000,0x0000,0x0020,0x0000,0x0020,
 0x0000,0x0000,0x0000,0x0000,0x0000,0x0000,0x0000,0x0000,0x0000,0x0020,0x0020,0x0000,
 0x0020,0x0000,0x0000,0x0000,0x0000,0x0000,0x0000,0x0020,0x0000,0x0020,0x0020,0x0020,
 0x0020,0x0020,0x0020,0x0020,0x0020,0x0020,0x0000,0x0000,0x0000,0x0000,0x0000,0x0000,
 0x0000,0x0000,0x0000,0x0000,0x0000,0x0000,0x0000,0x0000,0x0020,0x0020,0x0020,0x0020,
 0x0020,0x0020,0x0020,0x0020,0x0020,0x0020,0x0020,0x0000,0x0000,0x0000,0x0000,0x0000,
 0x0000,0x0000,0x0000,0x0000,0x0000,0x0000,0x0000,0x0000,0x0000,0x0020,0x0000,0x0020,
 0x0000,0x0000,0x0000,0x0000,0x0000,0x0000,0x0000,0x0000,0x0000,0x0000,0x0000,0x0000,
 0x0000,0x0000,0x0000,0x0000,0x0000,0x0000,0x0000,0x0000,0x0000,0x0000,0x0000,0x0000,
 0x0000,0x0000,0x0000,0x0000,0x0000,0x0000,0x0000,0x0000,0x0000,0x0000,0x0000,0x0000,
 0x0000,0x0000,0x0000,0x0000,0x0000,0x0000,0x0000,0x0000,0x0000,0x0000,0x0000,0x0000,
 0x0000,0x0000,0x0000,0x0000,0x0000,0x0000,0x0000,0x0000,0x0000,0x0000,0x0000,0x0000,
 0x0000,0x0000,0x0000,0x0000,0x0000,0x0000,0x0000,0x0000,0x0000,0x0000,0x0000,0x0000,
 0x0000,0x0000,0x0000,0x0000,0x0000,0x0000,0x0000,0x0000,0x0000,0x0000,0x0000,0x0000,
 0x0000,0x0000,0x0000,0x0000,0x0000,0x0000,0x0000,0x0000,0x0000,0x0000,0x0000,0x0000,
 0x0000,0x0000,0x0000,0x0000,0x0000,0x0000,0x0000,0x0000,0x0000,0x0000,0x0000,0x0000,
 0x0000,0x0000,0x0000,0x0000,0x0000,0x0000,0x0000,0x0000,0x0000,0x0000,0x0000,0x0000,
 0x0000,0x0000,0x0000,0x0000,0x0000,0x0000,0x0000,0x0000,0x0000,0x0000,0x0000,0x0000,
 0x0000,0x0000,0x0000,0x0000,0x0000,0x0000,0x0000,0x0000,0x0000,0x0000,0x0000,0x0000,
 0x0000,0x0000,0x0000,0x0000,0x0000,0x0000,0x0000,0x0000,0x0000,0x0000,0x0000,0x0000,
 0x0000,0x0000,0x0000,0x0000,0x0000,0x0000,0x0000,0x0000,0x0000,0x0000,0x0000,0x0000,
 0x0000,0x0000,0x0000,0x0000,0x0000,0x0000,0x0000,0x0000,0x0000,0x0000,0x0000,0x0000,
 0x0000,0x0000,0x0000,0x0000,0x0000,0x0000,0x0000,0x0000,0x0000,0x0000,0x0000,0x0000,
 0x0000,0x0000,0x0000,0x0000,0x0000,0x0000,0x0000,0x0000,0x0000,0x0000,0x0000,0x0000,
 0x0000,0x0000,0x0000,0x0000,0x0000,0x0000,0x0000,0x0000,0x0000,0x0000,0x0000,0x0000,
 0x0000,0x0000,0x0000,0x0000,0x0000,0x0000,0x0000,0x0000,0x0000,0x0000,0x0000,0x0000,
 0x0000,0x0000,0x0000,0x0000,0x0000,0x0000,0x0000,0x0000,0x0000,0x0000,0x0000,0x0000,
 0x0000,0x0000,0x0000,0x0000,0x0000,0x0000,0x0000,0x0000,0x0000,0x0000,0x0000,0x0000,
 0x0000,0x0000,0x0000,0x0000,0x0000,0x0000,0x0000,0x0000,0x0000,0x0000,0x0000,0x0000,
 0x0000,0x0000,0x0000,0x0000,0x0000,0x0000,0x0000,0x0000,0x0000,0x0000,0x0000,0x0000,
 0x0000,0x0000,0x0000,0x0000,0x0000,0x0000,0x0000,0x0000,0x0000,0x0000,0x0000,0x0000,
 0x0000,0x0000,0x0000,0x0000,0x0000,0x0000,0x0000,0x0000,0x0000,0x0000,0x0000,0x0000,
 0x0000,0x0000,0x0000,0x0000,0x0000,0x0000,0x0000,0x0000,0x0000,0x0000,0x0000,0x0000,
 0x0000,0x0000,0x0000,0x0000,0x0000,0x0000,0x0000,0x0000,0x0000,0x0000,0x0000,0x0000,
 0x0000,0x0000,0x0000,0x0000,0x0000,0x0000,0x0000,0x0000,0x0000,0x0000,0x0000,0x0000,
 0x0000,0x0000,0x0000,0x0000,0x0000,0x0000,0x0000,0x0000,0x0000,0x0000,0x0000,0x0000,
 0x0000,0x0000,0x0000,0x0000,0x0000,0x0000,0x0000,0x0000,0x0000,0x0000,0x0000,0x0000,
 0x0000,0x0000,0x0000,0x0000,0x0000,0x0000,0x0000,0x0000,0x0000,0x0000,0x0000,0x0000,
 0x0000,0x0000,0x0000,0x0000,0x0000,0x0000,0x0000,0x0000,0x0000,0x0000,0x0000,0x0000,
 0x0000,0x0000,0x0000,0x0000,0x0000,0x0000,0x0000,0x0000,0x0000,0x0000,0x0000,0x0000,
 0x0000,0x0000,0x0000,0x0000,0x0000,0x0000,0x0000,0x0000,0x0000,0x0000,0x0000,0x0000,
 0x0000,0x0000,0x0000,0x0000,0x0000,0x0000,0x0000,0x0000,0x0000,0x0000,0x0000,0x0000,
 0x0000,0x0000,0x0000,0x0000,0x0000,0x0000,0x0000,0x0000,0x0000,0x0000,0x0000,0x0000,
 0x0000,0x0000,0x0000,0x0000,0x0000,0x0000,0x0000,0x0000,0x0000,0x0000,0x0000,0x0000,
 0x0000,0x0000,0x0000,0x0000,0x0000,0x0000,0x0000,0x0000,0x0000,0x0000,0x0000,0x0000,
 0x0000,0x0000,0x0000,0x0000,0x0000,0x0000,0x0000,0x0000,0x0000,0x0000,0x0000,0x0000,
 0x0000,0x0000,0x0000,0x0000,0x0000,0x0000,0x0000,0x0000,0x0000,0x0000,0x0000,0x0000,
 0x0000,0x0000,0x0000,0x0000,0x0000,0x0000,0x0000,0x0000,0x0000,0x0000,0x0000,0x0000,
 0x0000,0x0000,0x0000,0x0000,0x0000,0x0000,0x0000,0x0000,0x0000,0x0000,0x0000,0x0000,
 0x0000,0x0000,0x0000,0x0000,0x0000,0x0000,0x0000,0x0000,0x0000,0x0000,0x0000,0x0000,
 0x0000,0x0000,0x0000,0x0000,0x0000,0x0000,0x0000,0x0000,0x0000,0x0000,0x0000,0x0000,
 0x0000,0x0000,0x0000,0x0000,0x0000,0x0000,0x0000,0x0000,0x0000,0x0000,0x0000,0x0000,
 0x0000,0x0000,0x0000,0x0000,0x0000,0x0000,0x0000,0x0000,0x0000,0x0000,0x0000,0x0000,
 0x0000,0x0000,0x0000,0x0000,0x0000,0x0000,0x0000,0x0000,0x0000,0x0000,0x0000,0x0000,
 0x0000,0x0000,0x0000,0x0000,0x0000,0x0000,0x0000,0x0000,0x0000,0x0000,0x0000,0x0000,
 0x0000,0x0000,0x0000,0x0000,0x0000,0x0000,0x0000,0x0000,0x0000,0x0000,0x0000,0x0000,
 0x0000,0x0000,0x0000,0x0000,0x0000,0x0000,0x0000,0x0000,0x0000,0x0000,0x0000,0x0000,
 0x0000,0x0000,0x0000,0x0000,0x0000,0x0000,0x0000,0x0000,0x0000,0x0000,0x0000,0x0000,
 0x0000,0x0000,0x0000,0x0000,0x0000,0x0000,0x0000,0x0000,0x0000,0x0000,0x0000,0x0000,
 0x0000,0x0000,0x0000,0x0000,0x0000,0x0000,0x0000,0x0000,0x0000,0x0000,0x0000,0x0000,
 0x0000,0x0000,0x0000,0x0000,0x0000,0x0000,0x0000,0x0000,0x0000,0x0000,0x0000,0x0000,
 0x0000,0x0000,0x0000,0x0000,0x0000,0x0000,0x0000,0x0000,0x0000,0x0000,0x0000,0x0000,
 0x0000,0x0000,0x0000,0x0000,0x0000,0x0000,0x0000,0x0000,0x0000,0x0000,0x0000,0x0000,
 0x0000,0x0000,0x0000,0x0000,0x0000,0x0000,0x0000,0x0000,0x0000,0x0000,0x0000,0x0000,
 0x0000,0x0000,0x0000,0x0000,0x0000,0x0000,0x0000,0x0000,0x0000,0x0000,0x0000,0x0000,
 0x0000,0x0000,0x0000,0x0000,0x0000,0x0000,0x0000,0x0000,0x0000,0x0000,0x0000,0x0000,
 0x0000,0x0000,0x0000,0x0000,0x0000,0x0000,0x0000,0x0000,0x0000,0x0000,0x0000,0x0000,
 0x0000,0x0000,0x0000,0x0000,0x0000,0x0000,0x0000,0x0000,0x0000,0x0000,0x0000,0x0000,
 0x0000,0x0000,0x0000,0x0000,0x0000,0x0000,0x0000,0x0000,0x0000,0x0000,0x0000,0x0000,
 0x0000,0x0000,0x0000,0x0000,0x0000,0x0000,0x0000,0x0000,0x0000,0x0000,0x0000,0x0000,
 0x0000,0x0000,0x0000,0x0000,0x0000,0x0000,0x0000,0x0000,0x0000,0x0000,0x0000,0x0000,
 0x0000,0x0000,0x0000,0x0000,0x0000,0x0000,0x0000,0x0000,0x0000,0x0000,0x0000,0x0000,
 0x0000,0x0000,0x0000,0x0000,0x0000,0x0000,0x0000,0x0000,0x0000,0x0000,0x0000,0x0000,
 0x0000,0x0000,0x0000,0x0000,0x0000,0x0000,0x0000,0x0000,0x0000,0x0000,0x0000,0x0000,
 0x0000,0x0000,0x0000,0x0000,0x0000,0x0000,0x0000,0x0000,0x0000,0x0000,0x0000,0x0000,
 0x0000,0x0000,0x0000,0x0000,0x0000,0x0000,0x0000,0x0000,0x0000,0x0000,0x0000,0x0000,
 0x0000,0x0000,0x0000,0x0000,0x0000,0x0000,0x0000,0x0000,0x0000,0x0000,0x0000,0x0000,
 0x0000,0x0000,0x0000,0x0000,0x0000,0x0000,0x0000,0x0000,0x0000,0x0000,0x0000,0x0000,
 0x0000,0x0000,0x0000,0x0000,0x0000,0x0000,0x0000,0x0000,0x0000,0x0000,0x0000,0x0000,
 0x0000,0x0000,0x0000,0x0000,0x0000,0x0000,0x0000,0x0000,0x0000,0x0000,0x0000,0x0000,
 0x0000,0x0000,0x0000,0x0000,0x0000,0x0000,0x0000,0x0000,0x0000,0x0000,0x0000,0x0000,
 0x0000,0x0000,0x0000,0x0000,0x0000,0x0000,0x0000,0x0000,0x0000,0x0000,0x0000,0x0000,
 0x0000,0x0000,0x0000,0x0000,0x0000,0x0000,0x0000,0x0000,0x0000,0x0000,0x0000,0x0000,
 0x0000,0x0000,0x0000,0x0000,0x0000,0x0000,0x0000,0x0000,0x0000,0x0000,0x0000,0x0000,
 0x0000,0x0000,0x0000,0x0000,0x0000,0x0000,0x0000,0x0000,0x0000,0x0000,0x0000,0x0000,
 0x0000,0x0000,0x0000,0x0000,0x0000,0x0000,0x0000,0x0000,0x0000,0x0000,0x0000,0x0000,
 0x0000,0x0000,0x0000,0x0000,0x0000,0x0000,0x0000,0x0000,0x0000,0x0000,0x0000,0x0000,
 0x0000,0x0000,0x0000,0x0000,0x0000,0x0000,0x0000,0x0000,0x0000,0x0000,0x0000,0x0000,
 0x0000,0x0000,0x0000,0x0000,0x0000,0x0000,0x0000,0x0000,0x0000,0x0000,0x0000,0x0000,
 0x0000,0x0000,0x0000,0x0000,0x0000,0x0000,0x0000,0x0000,0x0000,0x0000,0x0000,0x0000,
 0x0000,0x0000,0x0000,0x0000,0x0000,0x0000,0x0000,0x0000,0x0000,0x0000,0x0000,0x0000,
 0x0000,0x0000,0x0000,0x0000,0x0000,0x0000,0x0000,0x0000,0x0000,0x0000,0x0000,0x0000,
 0x0000,0x0000,0x0000,0x0000,0x0000,0x0000,0x0000,0x0000,0x0000,0x0000,0x0000,0x0000,
 0x0000,0x0000,0x0000,0x0000,0x0000,0x0000,0x0000,0x0000,0x0000,0x0000,0x0000,0x0000,
 0x0000,0x0000,0x0000,0x0000,0x0000,0x0000,0x0000,0x0000,0x0000,0x0000,0x0000,0x0000,
 0x0000,0x0000,0x0000,0x0000,0x0000,0x0000,0x0000,0x0000,0x0000,0x0000,0x0000,0x0000,
 0x0000,0x0000,0x0000,0x0000,0x0000,0x0000,0x0000,0x0000,0x0000,0x0000,0x0000,0x0000,
 0x0000,0x0000,0x0000,0x0000,0x0000,0x0000,0x0000,0x0000,0x0000,0x0000,0x0000,0x0000,
 0x0000,0x0000,0x0000,0x0000,0x0000,0x0000,0x0000,0x0000,0x0000,0x0000,0x0000,0x0000,
 0x0000,0x0000,0x0000,0x0000,0x0000,0x0000,0x0000,0x0000,0x0000,0x0000,0x0000,0x0000,
 0x0000,0x0000,0x0000,0x0000,0x0000,0x0000,0x0000,0x0000,0x0000,0x0000,0x0000,0x0000,
 0x0000,0x0000,0x0000,0x0000,0x0000,0x0000,0x0000,0x0000,0x0000,0x0000,0x0000,0x0000,
 0x0000,0x0000,0x0000,0x0000,0x0000,0x0000,0x0000,0x0000,0x0000,0x0000,0x0000,0x0000,
 0x0000,0x0000,0x0000,0x0000,0x0000,0x0000,0x0000,0x0000,0x0000,0x0000,0x0000,0x0000,
 0x0000,0x0000,0x0000,0x0000,0x0000,0x0000,0x0000,0x0000,0x0000,0x0000,0x0000,0x0000,
 0x0000,0x0000,0x0000,0x0000,0x0000,0x0000,0x0000,0x0000,0x0000,0x0000,0x0000,0x0000,
 0x0000,0x0000,0x0000,0x0000,0x0000,0x0000,0x0000,0x0000,0x0000,0x0000,0x0000,0x0000,
 0x0000,0x0000,0x0000,0x0000,0x0000,0x0000,0x0000,0x0000,0x0000,0x0000,0x0000,0x0000,
 0x0000,0x0000,0x0000,0x0000,0x0000,0x0000,0x0000,0x0000,0x0000,0x0000,0x0000,0x0000,
 0x0000,0x0000,0x0000,0x0000,0x0000,0x0000,0x0000,0x0000,0x0000,0x0000,0x0000,0x0000,
 0x0000,0x0000,0x0000,0x0000,0x0000,0x0000,0x0000,0x0000,0x0000,0x0000,0x0000,0x0000,
 0x0000,0x0000,0x0000,0x0000,0x0000,0x0000,0x0000,0x0000,0x0000,0x0000,0x0000,0x0000,
 0x0000,0x0000,0x0000,0x0000,0x0000,0x0000,0x0000,0x0000,0x0000,0x0000,0x0000,0x0000,
 0x0000,0x0000,0x0000,0x0000,0x0000,0x0000,0x0000,0x0000,0x0000,0x0000,0x0000,0x0000,
 0x0000,0x0000,0x0000,0x0000,0x0000,0x0000,0x0000,0x0000,0x0000,0x0000,0x0000,0x0000,
 0x0000,0x0000,0x0000,0x0000,0x0000,0x0000,0x0000,0x0000,0x0000,0x0000,0x0000,0x0000,
 0x0000,0x0000,0x0000,0x0000,0x0000,0x0000,0x0000,0x0000,0x0000,0x0000,0x0000,0x0000,
 0x0000,0x0000,0x0000,0x0000,0x0000,0x0000,0x0000,0x0000,0x0000,0x0000,0x0000,0x0000,
 0x0000,0x0000,0x0000,0x0000,0x0000,0x0000,0x0000,0x0000,0x0000,0x0000,0x0000,0x0000,
 0x0000,0x0000,0x0000,0x0000,0x0000,0x0000,0x0000,0x0000,0x0000,0x0000,0x0000,0x0000,
 0x0000,0x0000,0x0000,0x0000,0x0000,0x0000,0x0000,0x0000,0x0000,0x0000,0x0000,0x0000,
 0x0000,0x0000,0x0000,0x0000,0x0000,0x0000,0x0000,0x0000,0x0000,0x0000,0x0000,0x0000,
 0x0000,0x0000,0x0000,0x0000,0x0000,0x0000,0x0000,0x0000,0x0000,0x0000,0x0000,0x0000,
 0x0000,0x0000,0x0000,0x0000,0x0000,0x0000,0x0000,0x0000,0x0000,0x0000,0x0000,0x0000,
 0x0000,0x0000,0x0000,0x0000,0x0000,0x0000,0x0000,0x0000,0x0000,0x0000,0x0000,0x0000,
 0x0000,0x0000,0x0000,0x0000,0x0000,0x0000,0x0000,0x0000,0x0000,0x0000,0x0000,0x0000,
 0x0000,0x0000,0x0000,0x0000,0x0000,0x0000,0x0000,0x0000,0x0000,0x0000,0x0000,0x0000,
 0x0000,0x0000,0x0000,0x0000,0x0000,0x0000,0x0000,0x0000,0x0000,0x0000,0x0000,0x0000,
 0x0000,0x0000,0x0000,0x0000,0x0000,0x0000,0x0000,0x0000,0x0000,0x0000,0x0000,0x0000,
 0x0000,0x0000,0x0000,0x0000,0x0000,0x0000,0x0000,0x0000,0x0000,0x0000,0x0000,0x0000,
 0x0000,0x0000,0x0000,0x0000,0x0000,0x0000,0x0000,0x0000,0x0000,0x0000,0x0000,0x0000,
 0x0000,0x0000,0x0000,0x0000,0x0000,0x0000,0x0000,0x0000,0x0000,0x0000,0x0000,0x0000,
 0x0000,0x0000,0x0000,0x0000,0x0000,0x0000,0x0000,0x0000,0x0000,0x0000,0x0000,0x0000,
 0x0000,0x0000,0x0000,0x0000,0x0000,0x0000,0x0000,0x0000,0x0000,0x0000,0x0000,0x0000,
 0x0000,0x0000,0x0000,0x0000,0x0000,0x0000,0x0000,0x0000,0x0000,0x0000,0x0000,0x0000,
 0x0000,0x0000,0x0000,0x0000,0x0000,0x0000,0x0000,0x0000,0x0000,0x0000,0x0000,0x0000,
 0x0000,0x0000,0x0000,0x0000,0x0000,0x0000,0x0000,0x0000,0x0000,0x0000,0x0000,0x0000,
 0x0000,0x0000,0x0000,0x0000,0x0000,0x0000,0x0000,0x0000,0x0000,0x0000,0x0000,0x0000,
 0x0000,0x0000,0x0000,0x0000,0x0000,0x0000,0x0000,0x0000,0x0000,0x0000,0x0000,0x0000,
 0x0000,0x0000,0x0000,0x0000,0x0000,0x0000,0x0000,0x0000,0x0000,0x0000,0x0000,0x0000,
 0x0000,0x0000,0x0000,0x0000,0x0000,0x0000,0x0000,0x0000,0x0000,0x0000,0x0000,0x0000,
 0x0000,0x0000,0x0000,0x0000,0x0000,0x0000,0x0000,0x0000,0x0000,0x0000,0x0000,0x0000,
 0x0000,0x0000,0x0000,0x0000,0x0000,0x0000,0x0000,0x0000,0x0000,0x0000,0x0000,0x0000,
 0x0000,0x0000,0x0000,0x0000,0x0000,0x0000,0x0000,0x0000,0x0000,0x0000,0x0000,0x0000,
 0x0000,0x0000,0x0000,0x0000,0x0000,0x0000,0x0000,0x0000,0x0000,0x0000,0x0000,0x0000,
 0x0000,0x0000,0x0000,0x0000,0x0000,0x0000,0x0000,0x0000,0x0000,0x0000,0x0000,0x0000,
 0x0000,0x0000,0x0000,0x0000,0x0000,0x0000,0x0000,0x0000,0x0000,0x0000,0x0000,0x0000,
 0x0000,0x0000,0x0000,0x0000,0x0000,0x0000,0x0000,0x0000,0x0000,0x0000,0x0000,0x0000,
 0x0000,0x0000,0x0000,0x0000,0x0000,0x0000,0x0000,0x0000,0x0000,0x0000,0x0000,0x0000,
 0x0000,0x0000,0x0000,0x0000,0x0000,0x0000,0x0000,0x0000,0x0000,0x0000,0x0000,0x0000,
 0x0000,0x0000,0x0000,0x0000,0x0000,0x0000,0x0000,0x0000,0x0000,0x0000,0x0000,0x0000,
 0x0000,0x0000,0x0000,0x0000,0x0000,0x0000,0x0000,0x0000,0x0000,0x0000,0x0000,0x0000,
 0x0000,0x0000,0x0000,0x0000,0x0000,0x0000,0x0000,0x0000,0x0000,0x0000,0x0000,0x0000,
 0x0000,0x0000,0x0000,0x0000,0x0000,0x0000,0x0000,0x0000,0x0000,0x0000,0x0000,0x0000,
 0x0000,0x0000,0x0000,0x0000,0x0000,0x0000,0x0000,0x0000,0x0000,0x0000,0x0000,0x0000,
 0x0000,0x0000,0x0000,0x0000,0x0000,0x0000,0x0000,0x0000,0x0000,0x0000,0x0000,0x0000,
 0x0000,0x0000,0x0000,0x0000,0x0000,0x0000,0x0000,0x0000,0x0000,0x0000,0x0000,0x0000,
 0x0000,0x0000,0x0000,0x0000,0x0000,0x0000,0x0000,0x0000,0x0000,0x0000,0x0000,0x0000,
 0x0000,0x0000,0x0000,0x0000,0x0000,0x0000,0x0000,0x0000,0x0000,0x0000,0x0000,0x0000,
 0x0000,0x0000,0x0000,0x0000,0x0000,0x0000,0x0000,0x0000,0x0000,0x0000,0x0000,0x0000,
 0x0000,0x0000,0x0000,0x0000,0x0000,0x0000,0x0000,0x0000,0x0000,0x0000,0x0000,0x0000,
 0x0000,0x0000,0x0000,0x0000,0x0000,0x0000,0x0000,0x0000,0x0000,0x0000,0x0000,0x0000,
 0x0000,0x0000,0x0000,0x0000,0x0000,0x0000,0x0000,0x0000,0x0000,0x0000,0x0000,0x0000,
 0x0000,0x0000,0x0000,0x0000,0x0000,0x0000,0x0000,0x0000,0x0000,0x0000,0x0000,0x0000,
 0x0000,0x0000,0x0000,0x0000,0x0000,0x0000,0x0000,0x0000,0x0000,0x0000,0x0000,0x0000,
 0x0000,0x0000,0x0000,0x0000,0x0000,0x0000,0x0000,0x0000,0x0000,0x0000,0x0000,0x0000,
 0x0000,0x0000,0x0000,0x0000,0x0000,0x0000,0x0000,0x0000,0x0000,0x0000,0x0000,0x0000,
 0x0000,0x0000,0x0000,0x0000,0x0000,0x0000,0x0000,0x0000,0x0000,0x0000,0x0000,0x0000,
 0x0000,0x0000,0x0000,0x0000,0x0000,0x0000,0x0000,0x0000,0x0000,0x0000,0x0000,0x0000,
 0x0000,0x0000,0x0000,0x0000,0x0000,0x0000,0x0000,0x0000,0x0000,0x0000,0x0000,0x0000,
 0x0000,0x0000,0x0000,0x0000,0x0000,0x0000,0x0000,0x0000,0x0000,0x0000,0x0000,0x0000,
 0x0000,0x0000,0x0000,0x0000,0x0000,0x0000,0x0000,0x0000,0x0000,0x0000,0x0000,0x0000,
 0x0000,0x0000,0x0000,0x0000,0x0000,0x0000,0x0000,0x0000,0x0000,0x0000,0x0000,0x0000,
 0x0000,0x0000,0x0000,0x0000,0x0000,0x0000,0x0000,0x0000,0x0000,0x0000,0x0000,0x0000,
 0x0000,0x0000,0x0000,0x0000,0x0000,0x0000,0x0000,0x0000,0x0000,0x0000,0x0000,0x0000,
 0x0000,0x0000,0x0000,0x0000,0x0000,0x0000,0x0000,0x0000,0x0000,0x0000,0x0000,0x0000,
 0x0000,0x0000,0x0000,0x0000,0x0000,0x0000,0x0000,0x0000,0x0000,0x0000,0x0000,0x0000,
 0x0000,0x0000,0x0000,0x0000,0x0000,0x0000,0x0000,0x0000,0x0000,0x0000,0x0000,0x0000,
 0x0000,0x0000,0x0000,0x0000,0x0000,0x0000,0x0000,0x0000,0x0000,0x0000,0x0000,0x0000,
 0x0000,0x0000,0x0000,0x0000,0x0000,0x0000,0x0000,0x0000,0x0000,0x0000,0x0000,0x0000,
 0x0000,0x0000,0x0000,0x0000,0x0000,0x0000,0x0000,0x0000,0x0000,0x0000,0x0000,0x0000,
 0x0000,0x0000,0x0000,0x0000,0x0000,0x0000,0x0000,0x0000,0x0000,0x0000,0x0000,0x0000,
 0x0000,0x0000,0x0000,0x0000,0x0000,0x0000,0x0000,0x0000,0x0000,0x0000,0x0000,0x0000,
 0x0000,0x0000,0x0000,0x0000,0x0000,0x0000,0x0000,0x0000,0x0000,0x0000,0x0000,0x0000,
 0x0000,0x0000,0x0000,0x0000,0x0000,0x0000,0x0000,0x0000,0x0000,0x0000,0x0000,0x0000,
 0x0000,0x0000,0x0000,0x0000,0x0000,0x0000,0x0000,0x0000,0x0000,0x0000,0x0000,0x0000,
 0x0000,0x0000,0x0000,0x0000,0x0000,0x0000,0x0000,0x0000,0x0000,0x0000,0x0000,0x0000,
 0x0000,0x0000,0x0000,0x0000,0x0000,0x0000,0x0000,0x0000,0x0000,0x0000,0x0000,0x0000,
 0x0000,0x0000,0x0000,0x0000,0x0000,0x0000,0x0000,0x0000,0x0000,0x0000,0x0000,0x0000,
 0x0000,0x0000,0x0000,0x0000,0x0000,0x0000,0x0000,0x0000,0x0000,0x0000,0x0000,0x0000,
 0x0000,0x0000,0x0000,0x0000,0x0000,0x0000,0x0000,0x0000,0x0000,0x0000,0x0000,0x0000,
 0x0000,0x0000,0x0000,0x0000,0x0000,0x0000,0x0000,0x0000,0x0000,0x0000,0x0000,0x0000,
 0x0000,0x0000,0x0000,0x0000,0x0000,0x0000,0x0000,0x0000,0x0000,0x0000,0x0000,0x0000,
 0x0000,0x0000,0x0000,0x0000,0x0000,0x0000,0x0000,0x0000,0x0000,0x0000,0x0000,0x0000,
 0x0000,0x0000,0x0000,0x0000,0x0000,0x0000,0x0000,0x0000,0x0000,0x0000,0x0000,0x0000,
 0x0000,0x0000,0x0000,0x0000,0x0000,0x0000,0x0000,0x0000,0x0000,0x0000,0x0000,0x0000,
 0x0000,0x0000,0x0000,0x0000,0x0000,0x0000,0x0000,0x0000,0x0000,0x0000,0x0000,0x0000,
 0x0000,0x0000,0x0000,0x0000,0x0000,0x0000,0x0000,0x0000,0x0000,0x0000,0x0000,0x0000,
 0x0000,0x0000,0x0000,0x0000,0x0000,0x0000,0x0000,0x0000,0x0000,0x0000,0x0000,0x0000,
 0x0000,0x0000,0x0000,0x0000,0x0000,0x0000,0x0000,0x0000,0x0000,0x0000,0x0000,0x0000,
 0x0000,0x0000,0x0000,0x0000,0x0000,0x0000,0x0000,0x0000,0x0000,0x0000,0x0000,0x0000,
 0x0000,0x0000,0x0000,0x0000,0x0000,0x0000,0x0000,0x0000,0x0000,0x0000,0x0000,0x0000,
 0x0000,0x0000,0x0000,0x0000,0x0000,0x0000,0x0000,0x0000,0x0000,0x0000,0x0000,0x0000,
 0x0000,0x0000,0x0000,0x0000,0x0000,0x0000,0x0000,0x0000,0x0000,0x0000,0x0000,0x0000,
 0x0000,0x0000,0x0000,0x0000,0x0000,0x0000,0x0000,0x0000,0x0000,0x0000,0x0000,0x0000,
 0x0000,0x0000,0x0000,0x0000,0x0000,0x0000,0x0000,0x0000,0x0000,0x0000,0x0000,0x0000,
 0x0000,0x0000,0x0000,0x0000,0x0000,0x0000,0x0000,0x0000,0x0000,0x0000,0x0000,0x0000,
 0x0000,0x0000,0x0000,0x0000,0x0000,0x0000,0x0000,0x0000,0x0000,0x0000,0x0000,0x0000,
 0x0000,0x0000,0x0000,0x0000,0x0000,0x0000,0x0000,0x0000,0x0000,0x0000,0x0000,0x0000,
 0x0000,0x0000,0x0000,0x0000,0x0000,0x0000,0x0000,0x0000,0x0000,0x0000,0x0000,0x0000,
 0x0000,0x0000,0x0000,0x0000,0x0000,0x0000,0x0000,0x0000,0x0000,0x0000,0x0000,0x0000,
 0x0000,0x0000,0x0000,0x0000,0x0000,0x0000,0x0000,0x0000,0x0000,0x0000,0x0000,0x0000,
 0x0000,0x0000,0x0000,0x0000,0x0000,0x0000,0x0000,0x0000,0x0000,0x0000,0x0000,0x0000,
 0x0000,0x0000,0x0000,0x0000,0x0000,0x0000,0x0000,0x0000,0x0000,0x0000,0x0000,0x0000,
 0x0000,0x0000,0x0000,0x0000,0x0000,0x0000,0x0000,0x0000,0x0000,0x0000,0x0000,0x0000,
 0x0000,0x0000,0x0000,0x0000,0x0000,0x0000,0x0000,0x0000,0x0000,0x0000,0x0000,0x0000,
 0x0000,0x0000,0x0000,0x0000,0x0000,0x0000,0x0000,0x0000,0x0000,0x0000,0x0000,0x0000,
 0x0000,0x0000,0x0000,0x0000,0x0000,0x0000,0x0000,0x0000,0x0000,0x0000,0x0000,0x0000,
 0x0000,0x0000,0x0000,0x0000,0x0000,0x0000,0x0000,0x0000,0x0000,0x0000,0x0000,0x0000,
 0x0000,0x0000,0x0000,0x0000,0x0000,0x0000,0x0000,0x0000,0x0000,0x0000,0x0000,0x0000,
 0x0000,0x0000,0x0000,0x0000,0x0000,0x0000,0x0000,0x0000,0x0000,0x0000,0x0000,0x0000,
 0x0000,0x0000,0x0000,0x0000,0x0000,0x0000,0x0000,0x0000,0x0000,0x0000,0x0000,0x0000,
 0x0000,0x0000,0x0000,0x0000,0x0000,0x0000,0x0000,0x0000,0x0000,0x0000,0x0000,0x0000,
 0x0000,0x0000,0x0000,0x0000,0x0000,0x0000,0x0000,0x0000,0x0000,0x0000,0x0000,0x0000,
 0x0000,0x0000,0x0000,0x0000,0x0000,0x0000,0x0000,0x0000,0x0000,0x0000,0x0000,0x0000,
 0x0000,0x0000,0x0000,0x0000,0x0000,0x0000,0x0000,0x0000,0x0000,0x0000,0x0000,0x0000,
 0x0000,0x0000,0x0000,0x0000,0x0000,0x0000,0x0000,0x0000,0x0000,0x0000,0x0000,0x0000,
 0x0000,0x0000,0x0000,0x0000,0x0000,0x0000,0x0000,0x0000,0x0000,0x0000,0x0000,0x0000,
 0x0000,0x0000,0x0000,0x0000,0x0000,0x0000,0x0000,0x0000,0x0000,0x0000,0x0000,0x0000,
 0x0000,0x0000,0x0000,0x0000,0x0000,0x0000,0x0000,0x0000,0x0000,0x0000,0x0000,0x0000,
 0x0000,0x0000,0x0000,0x0000,0x0000,0x0000,0x0000,0x0000,0x0000,0x0000,0x0000,0x0000,
 0x0000,0x0000,0x0000,0x0000,0x0000,0x0000,0x0000,0x0000,0x0000,0x0000,0x0000,0x0000,
 0x0000,0x0000,0x0000,0x0000,0x0000,0x0000,0x0000,0x0000,0x0000,0x0000,0x0000,0x0000,
 0x0000,0x0000,0x0000,0x0000,0x0000,0x0000,0x0000,0x0000,0x0000,0x0000,0x0000,0x0000,
 0x0000,0x0000,0x0000,0x0000,0x0000,0x0000,0x0000,0x0000,0x0000,0x0000,0x0000,0x0000,
 0x0000,0x0000,0x0000,0x0000,0x0000,0x0000,0x0000,0x0000,0x0000,0x0000,0x0000,0x0000,
 0x0000,0x0000,0x0000,0x0000,0x0000,0x0000,0x0000,0x0000,0x0000,0x0000,0x0000,0x0000,
 0x0000,0x0000,0x0000,0x0000,0x0000,0x0000,0x0000,0x0000,0x0000,0x0000,0x0000,0x0000,
 0x0000,0x0000,0x0000,0x0000,0x0000,0x0000,0x0000,0x0000,0x0000,0x0000,0x0000,0x0000,
 0x0000,0x0000,0x0000,0x0000,0x0000,0x0000,0x0000,0x0000,0x0000,0x0000,0x0000,0x0000,
 0x0000,0x0000,0x0000,0x0000,0x0000,0x0000,0x0000,0x0000,0x0000,0x0000,0x0000,0x0000,
 0x0000,0x0000,0x0000,0x0000,0x0000,0x0000,0x0000,0x0000,0x0000,0x0000,0x0000,0x0000,
 0x0000,0x0000,0x0000,0x0000,0x0000,0x0000,0x0000,0x0000,0x0000,0x0000,0x0000,0x0000,
 0x0000,0x0000,0x0000,0x0000,0x0000,0x0000,0x0000,0x0000,0x0000,0x0000,0x0000,0x0000,
 0x0000,0x0000,0x0000,0x0000,0x0000,0x0000,0x0000,0x0000,0x0000,0x0000,0x0000,0x0000,
 0x0000,0x0000,0x0000,0x0000,0x0000,0x0000,0x0000,0x0000,0x0000,0x0000,0x0000,0x0000,
 0x0000,0x0000,0x0000,0x0000,0x0000,0x0000,0x0000,0x0000,0x0000,0x0000,0x0000,0x0000,
 0x0000,0x0000,0x0000,0x0000,0x0000,0x0000,0x0000,0x0000,0x0000,0x0000,0x0000,0x0000,
 0x0000,0x0000,0x0000,0x0000,0x0000,0x0000,0x0000,0x0000,0x0000,0x0000,0x0000,0x0000,
 0x0000,0x0000,0x0000,0x0000,0x0000,0x0000,0x0000,0x0000,0x0000,0x0000,0x0000,0x0000,
 0x0000,0x0000,0x0000,0x0000,0x0000,0x0000,0x0000,0x0000,0x0000,0x0000,0x0000,0x0000,
 0x0000,0x0000,0x0000,0x0000,0x0000,0x0000,0x0000,0x0000,0x0000,0x0000,0x0000,0x0000,
 0x0000,0x0000,0x0000,0x0000,0x0000,0x0000,0x0000,0x0000,0x0000,0x0000,0x0000,0x0000,
 0x0000,0x0000,0x0000,0x0000,0x0000,0x0000,0x0000,0x0000,0x0000,0x0000,0x0000,0x0000,
 0x0000,0x0000,0x0000,0x0000,0x0000,0x0000,0x0000,0x0000,0x0000,0x0000,0x0000,0x0000,
 0x0000,0x0000,0x0000,0x0000,0x0000,0x0000,0x0000,0x0000,0x0000,0x0000,0x0000,0x0000,
 0x0000,0x0000,0x0000,0x0000,0x0000,0x0000,0x0000,0x0000,0x0000,0x0000,0x0000,0x0000,
 0x0000,0x0000,0x0000,0x0000,0x0000,0x0000,0x0000,0x0000,0x0000,0x0000,0x0000,0x0000,
 0x0000,0x0000,0x0000,0x0000,0x0000,0x0000,0x0000,0x0000,0x0000,0x0000,0x0000,0x0000,
 0x0000,0x0000,0x0000,0x0000,0x0000,0x0000,0x0000,0x0000,0x0000,0x0000,0x0000,0x0000,
 0x0000,0x0000,0x0000,0x0000,0x0000,0x0000,0x0000,0x0000,0x0000,0x0000,0x0000,0x0000,
 0x0000,0x0000,0x0000,0x0000,0x0000,0x0000,0x0000,0x0000,0x0000,0x0000,0x0000,0x0000,
 0x0000,0x0000,0x0000,0x0000,0x0000,0x0000,0x0000,0x0000,0x0000,0x0000,0x0000,0x0000,
 0x0000,0x0000,0x0000,0x0000,0x0000,0x0000,0x0000,0x0000,0x0000,0x0000,0x0000,0x0000,
 0x0000,0x0000,0x0000,0x0000,0x0000,0x0000,0x0000,0x0000,0x0000,0x0000,0x0000,0x0000,
 0x0000,0x0000,0x0000,0x0000,0x0000,0x0000,0x0000,0x0000,0x0000,0x0000,0x0000,0x0000,
 0x0000,0x0000,0x0000,0x0000,0x0000,0x0000,0x0000,0x0000,0x0000,0x0000,0x0000,0x0000,
 0x0000,0x0000,0x0000,0x0000,0x0000,0x0000,0x0000,0x0000,0x0000,0x0000,0x0000,0x0000,
 0x0000,0x0000,0x0000,0x0000,0x0000,0x0000,0x0000,0x0000,0x0000,0x0000,0x0000,0x0000,
 0x0000,0x0000,0x0000,0x0000,0x0000,0x0000,0x0000,0x0000,0x0000,0x0000,0x0000,0x0000,
 0x0000,0x0000,0x0000,0x0000,0x0000,0x0000,0x0000,0x0000,0x0000,0x0000,0x0000,0x0000,
 0x0000,0x0000,0x0000,0x0000,0x0000,0x0000,0x0000,0x0000,0x0000,0x0000,0x0000,0x0000,
 0x0000,0x0000,0x0000,0x0000,0x0000,0x0000,0x0000,0x0000,0x0000,0x0000,0x0000,0x0000,
 0x0000,0x0000,0x0000,0x0000,0x0000,0x0000,0x0000,0x0000,0x0000,0x0000,0x0000,0x0000,
 0x0000,0x0000,0x0000,0x0000,0x0000,0x0000,0x0000,0x0000,0x0000,0x0000,0x0000,0x0000,
 0x0000,0x0000,0x0000,0x0000,0x0000,0x0000,0x0000,0x0000,0x0000,0x0000,0x0000,0x0000,
 0x0000,0x0000,0x0000,0x0000,0x0000,0x0000,0x0000,0x0000,0x0000,0x0000,0x0000,0x0000,
 0x0000,0x0000,0x0000,0x0000,0x0000,0x0000,0x0000,0x0000,0x0000,0x0000,0x0000,0x0000,
 0x0000,0x0000,0x0000,0x0000,0x0000,0x0000,0x0000,0x0000,0x0000,0x0000,0x0000,0x0000,
 0x0000,0x0000,0x0000,0x0000,0x0000,0x0000,0x0000,0x0000,0x0000,0x0000,0x0000,0x0000,
 0x0000,0x0000,0x0000,0x0000,0x0000,0x0000,0x0000,0x0000,0x0000,0x0000,0x0000,0x0000,
 0x0000,0x0000,0x0000,0x0000,0x0000,0x0000,0x0000,0x0000,0x0000,0x0000,0x0000,0x0000,
 0x0000,0x0000,0x0000,0x0000,0x0000,0x0000,0x0000,0x0000,0x0000,0x0000,0x0000,0x0000,
 0x0000,0x0000,0x0000,0x0000,0x0000,0x0000,0x0000,0x0000,0x0000,0x0000,0x0000,0x0000,
 0x0000,0x0000,0x0000,0x0000,0x0000,0x0000,0x0000,0x0000,0x0000,0x0000,0x0000,0x0000,
 0x0000,0x0000,0x0000,0x0000,0x0000,0x0000,0x0000,0x0000,0x0000,0x0000,0x0000,0x0000,
 0x0000,0x0000,0x0000,0x0000,0x0000,0x0000,0x0000,0x0000,0x0000,0x0000,0x0000,0x0000,
 0x0000,0x0000,0x0000,0x0000,0x0000,0x0000,0x0000,0x0000,0x0000,0x0000,0x0000,0x0000,
 0x0000,0x0000,0x0000,0x0000,0x0000,0x0000,0x0000,0x0000,0x0000,0x0000,0x0000,0x0000,
 0x0000,0x0000,0x0000,0x0000,0x0000,0x0000,0x0000,0x0000,0x0000,0x0000,0x0000,0x0000,
 0x0000,0x0000,0x0000,0x0000,0x0000,0x0000,0x0000,0x0000,0x0000,0x0000,0x0000,0x0000,
 0x0000,0x0000,0x0000,0x0000,0x0000,0x0000,0x0000,0x0000,0x0000,0x0000,0x0000,0x0000,
 0x0000,0x0000,0x0000,0x0000,0x0000,0x0000,0x0000,0x0000,0x0000,0x0000,0x0000,0x0000,
 0x0000,0x0000,0x0000,0x0000,0x0000,0x0000,0x0000,0x0000,0x0000,0x0000,0x0000,0x0000,
 0x0000,0x0000,0x0000,0x0000,0x0000,0x0000,0x0000,0x0000,0x0000,0x0000,0x0000,0x0000,
 0x0000,0x0000,0x0000,0x0000,0x0000,0x0000,0x0000,0x0000,0x0000,0x0000,0x0000,0x0000,
 0x0000,0x0000,0x0000,0x0000,0x0000,0x0000,0x0000,0x0000,0x0000,0x0000,0x0000,0x0000,
 0x0000,0x0000,0x0000,0x0000,0x0000,0x0000,0x0000,0x0000,0x0000,0x0000,0x0000,0x0000,
 0x0000,0x0000,0x0000,0x0000,0x0000,0x0000,0x0000,0x0000,0x0000,0x0000,0x0000,0x0000,
 0x0000,0x0000,0x0000,0x0000,0x0000,0x0000,0x0000,0x0000,0x0000,0x0000,0x0000,0x0000,
 0x0000,0x0000,0x0000,0x0000,0x0000,0x0000,0x0000,0x0000,0x0000,0x0000,0x0000,0x0000,
 0x0000,0x0000,0x0000,0x0000,0x0000,0x0000,0x0000,0x0000,0x0000,0x0000,0x0000,0x0000,
 0x0000,0x0000,0x0000,0x0000,0x0000,0x0000,0x0000,0x0000,0x0000,0x0000,0x0000,0x0000,
 0x0000,0x0000,0x0000,0x0000,0x0000,0x0000,0x0000,0x0000,0x0000,0x0000,0x0000,0x0000,
 0x0000,0x0000,0x0000,0x0000,0x0000,0x0000,0x0000,0x0000,0x0000,0x0000,0x0000,0x0000,
 0x0000,0x0000,0x0000,0x0000,0x0000,0x0000,0x0000,0x0000,0x0000,0x0000,0x0000,0x0000,
 0x0000,0x0000,0x0000,0x0000,0x0000,0x0000,0x0000,0x0000,0x0000,0x0000,0x0000,0x0000,
 0x0000,0x0000,0x0000,0x0000,0x0000,0x0000,0x0000,0x0000,0x0000,0x0000,0x0000,0x0000,
 0x0000,0x0000,0x0000,0x0000,0x0000,0x0000,0x0000,0x0000,0x0000,0x0000,0x0000,0x0000,
 0x0000,0x0000,0x0000,0x0000,0x0000,0x0000,0x0000,0x0000,0x0000,0x0000,0x0000,0x0000,
 0x0000,0x0000,0x0000,0x0000,0x0000,0x0000,0x0000,0x0000,0x0000,0x0000,0x0000,0x0000,
 0x0000,0x0000,0x0000,0x0000,0x0000,0x0000,0x0000,0x0000,0x0000,0x0000,0x0000,0x0000,
 0x0000,0x0000,0x0000,0x0000,0x0000,0x0000,0x0000,0x0000,0x0000,0x0000,0x0000,0x0000,
 0x0000,0x0000,0x0000,0x0000,0x0000,0x0000,0x0000,0x0000,0x0000,0x0000,0x0000,0x0000,
 0x0000,0x0000,0x0000,0x0000,0x0000,0x0000,0x0000,0x0000,0x0000,0x0000,0x0000,0x0000,
 0x0000,0x0000,0x0000,0x0000,0x0000,0x0000,0x0000,0x0000,0x0000,0x0000,0x0000,0x0000,
 0x0000,0x0000,0x0000,0x0000,0x0000,0x0000,0x0000,0x0000,0x0000,0x0000,0x0000,0x0000,
 0x0000,0x0000,0x0000,0x0000,0x0000,0x0000,0x0000,0x0000,0x0000,0x0000,0x0000,0x0000,
 0x0000,0x0000,0x0000,0x0000,0x0000,0x0000,0x0000,0x0000,0x0000,0x0000,0x0000,0x0000,
 0x0000,0x0000,0x0000,0x0000,0x0000,0x0000,0x0000,0x0000,0x0000,0x0000,0x0000,0x0000,
 0x0000,0x0000,0x0000,0x0000,0x0000,0x0000,0x0000,0x0000,0x0000,0x0000,0x0000,0x0000,
 0x0000,0x0000,0x0000,0x0000,0x0000,0x0000,0x0000,0x0000,0x0000,0x0000,0x0000,0x0000,
 0x0000,0x0000,0x0000,0x0000,0x0000,0x0000,0x0000,0x0000,0x0000,0x0000,0x0000,0x0000,
 0x0000,0x0000,0x0000,0x0000,0x0000,0x0000,0x0000,0x0000,0x0000,0x0000,0x0000,0x0000,
 0x0000,0x0000,0x0000,0x0000,0x0000,0x0000,0x0000,0x0000,0x0000,0x0000,0x0000,0x0000,
 0x0000,0x0000,0x0000,0x0000,0x0000,0x0000,0x0000,0x0000,0x0000,0x0000,0x0000,0x0000,
 0x0000,0x0000,0x0000,0x0000,0x0000,0x0000,0x0000,0x0000,0x0000,0x0000,0x0000,0x0000,
 0x0000,0x0000,0x0000,0x0000,0x0000,0x0000,0x0000,0x0000,0x0000,0x0000,0x0000,0x0000,
 0x0000,0x0000,0x0000,0x0000,0x0000,0x0000,0x0000,0x0000,0x0000,0x0000,0x0000,0x0000,
 0x0000,0x0000,0x0000,0x0000,0x0000,0x0000,0x0000,0x0000,0x0000,0x0000,0x0000,0x0000,
 0x0000,0x0000,0x0000,0x0000,0x0000,0x0000,0x0000,0x0000,0x0000,0x0000,0x0000,0x0000,
 0x0000,0x0000,0x0000,0x0000,0x0000,0x0000,0x0000,0x0000,0x0000,0x0000,0x0000,0x0000,
 0x0000,0x0000,0x0000,0x0000,0x0000,0x0000,0x0000,0x0000,0x0000,0x0000,0x0000,0x0000,
 0x0000,0x0000,0x0000,0x0000,0x0000,0x0000,0x0000,0x0000,0x0000,0x0000,0x0000,0x0000,
 0x0000,0x0000,0x0000,0x0000,0x0000,0x0000,0x0000,0x0000,0x0000,0x0000,0x0000,0x0000,
 0x0000,0x0000,0x0000,0x0000,0x0000,0x0000,0x0000,0x0000,0x0000,0x0000,0x0000,0x0000,
 0x0000,0x0000,0x0000,0x0000,0x0000,0x0000,0x0000,0x0000,0x0000,0x0000,0x0000,0x0000,
 0x0000,0x0000,0x0000,0x0000,0x0000,0x0000,0x0000,0x0000,0x0000,0x0000,0x0000,0x0000,
 0x0000,0x0000,0x0000,0x0000,0x0000,0x0000,0x0000,0x0000,0x0000,0x0000,0x0000,0x0000,
 0x0000,0x0000,0x0000,0x0000,0x0000,0x0000,0x0000,0x0000,0x0000,0x0000,0x0000,0x0000,
 0x0000,0x0000,0x0000,0x0000,0x0000,0x0000,0x0000,0x0000,0x0000,0x0000,0x0000,0x0000,
 0x0000,0x0000,0x0000,0x0000,0x0000,0x0000,0x0000,0x0000,0x0000,0x0000,0x0000,0x0000,
 0x0000,0x0000,0x0000,0x0000,0x0000,0x0000,0x0000,0x0000,0x0000,0x0000,0x0000,0x0000,
 0x0000,0x0000,0x0000,0x0000,0x0000,0x0000,0x0000,0x0000,0x0000,0x0000,0x0000,0x0000,
 0x0000,0x0000,0x0000,0x0000,0x0000,0x0000,0x0000,0x0000,0x0000,0x0000,0x0000,0x0000,
 0x0000,0x0000,0x0000,0x0000,0x0000,0x0000,0x0000,0x0000,0x0000,0x0000,0x0000,0x0000,
 0x0000,0x0000,0x0000,0x0000,0x0000,0x0000,0x0000,0x0000,0x0000,0x0000,0x0000,0x0000,
 0x0000,0x0000,0x0000,0x0000,0x0000,0x0000,0x0000,0x0000,0x0000,0x0000,0x0000,0x0000,
 0x0000,0x0000,0x0000,0x0000,0x0000,0x0000,0x0000,0x0000,0x0000,0x0000,0x0000,0x0000,
 0x0000,0x0000,0x0000,0x0000,0x0000,0x0000,0x0000,0x0000,0x0000,0x0000,0x0000,0x0000,
 0x0000,0x0000,0x0000,0x0000,0x0000,0x0000,0x0000,0x0000,0x0000,0x0000,0x0000,0x0000,
 0x0000,0x0000,0x0000,0x0000,0x0000,0x0000,0x0000,0x0000,0x0000,0x0000,0x0000,0x0000,
 0x0000,0x0000,0x0000,0x0000,0x0000,0x0000,0x0000,0x0000,0x0000,0x0000,0x0000,0x0000,
 0x0000,0x0000,0x0000,0x0000,0x0000,0x0000,0x0000,0x0000,0x0000,0x0000,0x0000,0x0000,
 0x0000,0x0000,0x0000,0x0000,0x0000,0x0000,0x0000,0x0000,0x0000,0x0000,0x0000,0x0000,
 0x0000,0x0000,0x0000,0x0000,0x0000,0x0000,0x0000,0x0000,0x0000,0x0000,0x0000,0x0000,
 0x0000,0x0000,0x0000,0x0000,0x0000,0x0000,0x0000,0x0000,0x0000,0x0000,0x0000,0x0000,
 0x0000,0x0000,0x0000,0x0000,0x0000,0x0000,0x0000,0x0000,0x0000,0x0000,0x0000,0x0000,
 0x0000,0x0000,0x0000,0x0000,0x0000,0x0000,0x0000,0x0000,0x0000,0x0000,0x0000,0x0000,
 0x0000,0x0000,0x0000,0x0000,0x0000,0x0000,0x0000,0x0000,0x0000,0x0000,0x0000,0x0000,
 0x0000,0x0000,0x0000,0x0000,0x0000,0x0000,0x0000,0x0000,0x0000,0x0000,0x0000,0x0000,
 0x0000,0x0000,0x0000,0x0000,0x0000,0x0000,0x0000,0x0000,0x0000,0x0000,0x0000,0x0000,
 0x0000,0x0000,0x0000,0x0000,0x0000,0x0000,0x0000,0x0000,0x0000,0x0000,0x0000,0x0000,
 0x0000,0x0000,0x0000,0x0000,0x0000,0x0000,0x0000,0x0000,0x0000,0x0000,0x0000,0x0000,
 0x0000,0x0000,0x0000,0x0000,0x0000,0x0000,0x0000,0x0000,0x0000,0x0000,0x0000,0x0000,
 0x0000,0x0000,0x0000,0x0000,0x0000,0x0000,0x0000,0x0000,0x0000,0x0000,0x0000,0x0000,
 0x0000,0x0000,0x0000,0x0000,0x0000,0x0000,0x0000,0x0000,0x0000,0x0000,0x0000,0x0000,
 0x0000,0x0000,0x0000,0x0000,0x0000,0x0000,0x0000,0x0000,0x0000,0x0000,0x0000,0x0000,
 0x0000,0x0000,0x0000,0x0000,0x0000,0x0000,0x0000,0x0000,0x0000,0x0000,0x0000,0x0000,
 0x0000,0x0000,0x0000,0x0000,0x0000,0x0000,0x0000,0x0000,0x0000,0x0000,0x0000,0x0000,
 0x0000,0x0000,0x0000,0x0000,0x0000,0x0000,0x0000,0x0000,0x0000,0x0000,0x0000,0x0000,
 0x0000,0x0000,0x0000,0x0000,0x0000,0x0000,0x0000,0x0000,0x0000,0x0000,0x0000,0x0000,
 0x0000,0x0000,0x0000,0x0000,0x0000,0x0000,0x0000,0x0000,0x0000,0x0000,0x0000,0x0000,
 0x0000,0x0000,0x0000,0x0000,0x0000,0x0000,0x0000,0x0000,0x0000,0x0000,0x0000,0x0000,
 0x0000,0x0000,0x0000,0x0000,0x0000,0x0000,0x0000,0x0000,0x0000,0x0000,0x0000,0x0000,
 0x0000,0x0000,0x0000,0x0000,0x0000,0x0000,0x0000,0x0000,0x0000,0x0000,0x0000,0x0000,
 0x0000,0x0000,0x0000,0x0000,0x0000,0x0000,0x0000,0x0000,0x0000,0x0000,0x0000,0x0000,
 0x0000,0x0000,0x0000,0x0000,0x0000,0x0000,0x0000,0x0000,0x0000,0x0000,0x0000,0x0000,
 0x0000,0x0000,0x0000,0x0000,0x0000,0x0000,0x0000,0x0000,0x0000,0x0000,0x0000,0x0000,
 0x0000,0x0000,0x0000,0x0000,0x0000,0x0000,0x0000,0x0000,0x0000,0x0000,0x0000,0x0000,
 0x0000,0x0000,0x0000,0x0000,0x0000,0x0000,0x0000,0x0000,0x0000,0x0000,0x0000,0x0000,
 0x0000,0x0000,0x0000,0x0000,0x0000,0x0000,0x0000,0x0000,0x0000,0x0000,0x0000,0x0000,
 0x0000,0x0000,0x0000,0x0000,0x0000,0x0000,0x0000,0x0000,0x0000,0x0000,0x0000,0x0000,
 0x0000,0x0000,0x0000,0x0000,0x0000,0x0000,0x0000,0x0000,0x0000,0x0000,0x0000,0x0000,
 0x0000,0x0000,0x0000,0x0000,0x0000,0x0000,0x0000,0x0000,0x0000,0x0000,0x0000,0x0000,
 0x0000,0x0000,0x0000,0x0000,0x0000,0x0000,0x0000,0x0000,0x0000,0x0000,0x0000,0x0000,
 0x0000,0x0000,0x0000,0x0000,0x0000,0x0000,0x0000,0x0000,0x0000,0x0000,0x0000,0x0000,
 0x0000,0x0000,0x0000,0x0000,0x0000,0x0000,0x0000,0x0000,0x0000,0x0000,0x0000,0x0000,
 0x0000,0x0000,0x0000,0x0000,0x0000,0x0000,0x0000,0x0000,0x0000,0x0000,0x0000,0x0000,
 0x0000,0x0000,0x0000,0x0000,0x0000,0x0000,0x0000,0x0000,0x0000,0x0000,0x0000,0x0000,
 0x0000,0x0000,0x0000,0x0000,0x0000,0x0000,0x0000,0x0000,0x0000,0x0000,0x0000,0x0000,
 0x0000,0x0000,0x0000,0x0000,0x0000,0x0000,0x0000,0x0000,0x0000,0x0000,0x0000,0x0000,
 0x0000,0x0000,0x0000,0x0000,0x0000,0x0000,0x0000,0x0000,0x0000,0x0000,0x0000,0x0000,
 0x0000,0x0000,0x0000,0x0000,0x0000,0x0000,0x0000,0x0000,0x0000,0x0000,0x0000,0x0000,
 0x0000,0x0000,0x0000,0x0000,0x0000,0x0000,0x0000,0x0000,0x0000,0x0000,0x0000,0x0000,
 0x0000,0x0000,0x0000,0x0000,0x0000,0x0000,0x0000,0x0000,0x0000,0x0000,0x0000,0x0000,
 0x0000,0x0000,0x0000,0x0000,0x0000,0x0000,0x0000,0x0000,0x0000,0x0000,0x0000,0x0000,
 0x0000,0x0000,0x0000,0x0000,0x0000,0x0000,0x0000,0x0000,0x0000,0x0000,0x0000,0x0000,
 0x0000,0x0000,0x0000,0x0000,0x0000,0x0000,0x0000,0x0000,0x0000,0x0000,0x0000,0x0000,
 0x0000,0x0000,0x0000,0x0000,0x0000,0x0000,0x0000,0x0000,0x0000,0x0000,0x0000,0x0000,
 0x0000,0x0000,0x0000,0x0000,0x0000,0x0000,0x0000,0x0000,0x0000,0x0000,0x0000,0x0000,
 0x0000,0x0000,0x0000,0x0000,0x0000,0x0000,0x0000,0x0000,0x0000,0x0000,0x0000,0x0000,
 0x0000,0x0000,0x0000,0x0000,0x0000,0x0000,0x0000,0x0000,0x0000,0x0000,0x0000,0x0000,
 0x0000,0x0000,0x0000,0x0000,0x0000,0x0000,0x0000,0x0000,0x0000,0x0000,0x0000,0x0000,
 0x0000,0x0000,0x0000,0x0000,0x0000,0x0000,0x0000,0x0000,0x0000,0x0000,0x0000,0x0000,
 0x0000,0x0000,0x0000,0x0000,0x0000,0x0000,0x0000,0x0000,0x0000,0x0000,0x0000,0x0000,
 0x0000,0x0000,0x0000,0x0000,0x0000,0x0000,0x0000,0x0000,0x0000,0x0000,0x0000,0x0000,
 0x0000,0x0000,0x0000,0x0000,0x0000,0x0000,0x0000,0x0000,0x0000,0x0000,0x0000,0x0000,
 0x0000,0x0000,0x0000,0x0000,0x0000,0x0000,0x0000,0x0000,0x0000,0x0000,0x0000,0x0000,
 0x0000,0x0000,0x0000,0x0000,0x0000,0x0000,0x0000,0x0000,0x0000,0x0000,0x0000,0x0000,
 0x0000,0x0000,0x0000,0x0000,0x0000,0x0000,0x0000,0x0000,0x0000,0x0000,0x0000,0x0000,
 0x0000,0x0000,0x0000,0x0000,0x0000,0x0000,0x0000,0x0000,0x0000,0x0000,0x0000,0x0000,
 0x0000,0x0000,0x0000,0x0000,0x0000,0x0000,0x0000,0x0000,0x0000,0x0000,0x0000,0x0000,
 0x0000,0x0000,0x0000,0x0000,0x0000,0x0000,0x0000,0x0000,0x0000,0x0000,0x0000,0x0000,
 0x0000,0x0000,0x0000,0x0000,0x0000,0x0000,0x0000,0x0000,0x0000,0x0000,0x0000,0x0000,
 0x0000,0x0000,0x0000,0x0000,0x0000,0x0000,0x0000,0x0000,0x0000,0x0000,0x0000,0x0000,
 0x0000,0x0000,0x0000,0x0000,0x0000,0x0000,0x0000,0x0000,0x0000,0x0000,0x0000,0x0000,
 0x0000,0x0000,0x0000,0x0000,0x0000,0x0000,0x0000,0x0000,0x0000,0x0000,0x0000,0x0000,
 0x0000,0x0000,0x0000,0x0000,0x0000,0x0000,0x0000,0x0000,0x0000,0x0000,0x0000,0x0000,
 0x0000,0x0000,0x0000,0x0000,0x0000,0x0000,0x0000,0x0000,0x0000,0x0000,0x0000,0x0000,
 0x0000,0x0000,0x0000,0x0000,0x0000,0x0000,0x0000,0x0000,0x0000,0x0000,0x0000,0x0000,
 0x0000,0x0000,0x0000,0x0000,0x0000,0x0000,0x0000,0x0000,0x0000,0x0000,0x0000,0x0000,
 0x0000,0x0000,0x0000,0x0000,0x0000,0x0000,0x0000,0x0000,0x0000,0x0000,0x0000,0x0000,
 0x0000,0x0000,0x0000,0x0000,0x0000,0x0000,0x0000,0x0000,0x0000,0x0000,0x0000,0x0000,
 0x0000,0x0000,0x0000,0x0000,0x0000,0x0000,0x0000,0x0000,0x0000,0x0000,0x0000,0x0000,
 0x0000,0x0000,0x0000,0x0000,0x0000,0x0000,0x0000,0x0000,0x0000,0x0000,0x0000,0x0000,
 0x0000,0x0000,0x0000,0x0000,0x0000,0x0000,0x0000,0x0000,0x0000,0x0000,0x0000,0x0000,
 0x0000,0x0000,0x0000,0x0000,0x0000,0x0000,0x0000,0x0000,0x0000,0x0000,0x0000,0x0000,
 0x0000,0x0000,0x0000,0x0000,0x0000,0x0000,0x0000,0x0000,0x0000,0x0000,0x0000,0x0000,
 0x0000,0x0000,0x0000,0x0000,0x0000,0x0000,0x0000,0x0000,0x0000,0x0000,0x0000,0x0000,
 0x0000,0x0000,0x0000,0x0000,0x0000,0x0000,0x0000,0x0000,0x0000,0x0000,0x0000,0x0000,
 0x0000,0x0000,0x0000,0x0000,0x0000,0x0000,0x0000,0x0000,0x0000,0x0000,0x0000,0x0000,
 0x0000,0x0000,0x0000,0x0000,0x0000,0x0000,0x0000,0x0000,0x0000,0x0000,0x0000,0x0000,
 0x0000,0x0000,0x0000,0x0000,0x0000,0x0000,0x0000,0x0000,0x0000,0x0000,0x0000,0x0000,
 0x0000,0x0000,0x0000,0x0000,0x0000,0x0000,0x0000,0x0000,0x0000,0x0000,0x0000,0x0000,
 0x0000,0x0000,0x0000,0x0000,0x0000,0x0000,0x0000,0x0000,0x0000,0x0000,0x0000,0x0000,
 0x0000,0x0000,0x0000,0x0000,0x0000,0x0000,0x0000,0x0000,0x0000,0x0000,0x0000,0x0000,
 0x0000,0x0000,0x0000,0x0000,0x0000,0x0000,0x0000,0x0000,0x0000,0x0000,0x0000,0x0000,
 0x0000,0x0000,0x0000,0x0000,0x0000,0x0000,0x0000,0x0000,0x0000,0x0000,0x0000,0x0000,
 0x0000,0x0000,0x0000,0x0000,0x0000,0x0000,0x0000,0x0000,0x0000,0x0000,0x0000,0x0000,
 0x0000,0x0000,0x0000,0x0000,0x0000,0x0000,0x0000,0x0000,0x0000,0x0000,0x0000,0x0000,
 0x0000,0x0000,0x0000,0x0000,0x0000,0x0000,0x0000,0x0000,0x0000,0x0000,0x0000,0x0000,
 0x0000,0x0000,0x0000,0x0000,0x0000,0x0000,0x0000,0x0000,0x0000,0x0000,0x0000,0x0000,
 0x0000,0x0000,0x0000,0x0000,0x0000,0x0000,0x0000,0x0000,0x0000,0x0000,0x0000,0x0000,
 0x0000,0x0000,0x0000,0x0000,0x0000,0x0000,0x0000,0x0000,0x0000,0x0000,0x0000,0x0000,
 0x0000,0x0000,0x0000,0x0000,0x0000,0x0000,0x0000,0x0000,0x0000,0x0000,0x0000,0x0000,
 0x0000,0x0000,0x0000,0x0000,0x0000,0x0000,0x0000,0x0000,0x0000,0x0000,0x0000,0x0000,
 0x0000,0x0000,0x0000,0x0000,0x0000,0x0000,0x0000,0x0000,0x0000,0x0000,0x0000,0x0000,
 0x0000,0x0000,0x0000,0x0000,0x0000,0x0000,0x0000,0x0000,0x0000,0x0000,0x0000,0x0000,
 0x0000,0x0000,0x0000,0x0000,0x0000,0x0000,0x0000,0x0000,0x0000,0x0000,0x0000,0x0000,
 0x0000,0x0000,0x0000,0x0000,0x0000,0x0000,0x0000,0x0000,0x0000,0x0000,0x0000,0x0000,
 0x0000,0x0000,0x0000,0x0000,0x0000,0x0000,0x0000,0x0000,0x0000,0x0000,0x0000,0x0000,
 0x0000,0x0000,0x0000,0x0000,0x0000,0x0000,0x0000,0x0000,0x0000,0x0000,0x0000,0x0000,
 0x0000,0x0000,0x0000,0x0000,0x0000,0x0000,0x0000,0x0000,0x0000,0x0000,0x0000,0x0000,
 0x0000,0x0000,0x0000,0x0000,0x0000,0x0000,0x0000,0x0000,0x0000,0x0000,0x0000,0x0000,
 0x0000,0x0000,0x0000,0x0000,0x0000,0x0000,0x0000,0x0000,0x0000,0x0000,0x0000,0x0000,
 0x0000,0x0000,0x0000,0x0000,0x0000,0x0000,0x0000,0x0000,0x0000,0x0000,0x0000,0x0000,
 0x0000,0x0000,0x0000,0x0000,0x0000,0x0000,0x0000,0x0000,0x0000,0x0000,0x0000,0x0000,
 0x0000,0x0000,0x0000,0x0000,0x0000,0x0000,0x0000,0x0000,0x0000,0x0000,0x0000,0x0000,
 0x0000,0x0000,0x0000,0x0000,0x0000,0x0000,0x0000,0x0000,0x0000,0x0000,0x0000,0x0000,
 0x0000,0x0000,0x0000,0x0000,0x0000,0x0000,0x0000,0x0000,0x0000,0x0000,0x0000,0x0000,
 0x0000,0x0000,0x0000,0x0000,0x0000,0x0000,0x0000,0x0000,0x0000,0x0000,0x0000,0x0000,
 0x0000,0x0000,0x0000,0x0000,0x0000,0x0000,0x0000,0x0000,0x0000,0x0000,0x0000,0x0000,
 0x0000,0x0000,0x0000,0x0000,0x0000,0x0000,0x0000,0x0000,0x0000,0x0000,0x0000,0x0000,
 0x0000,0x0000,0x0000,0x0000,0x0000,0x0000,0x0000,0x0000,0x0000,0x0000,0x0000,0x0000,
 0x0000,0x0000,0x0000,0x0000,0x0000,0x0000,0x0000,0x0000,0x0000,0x0000,0x0000,0x0000,
 0x0000,0x0000,0x0000,0x0000,0x0000,0x0000,0x0000,0x0000,0x0000,0x0000,0x0000,0x0000,
 0x0000,0x0000,0x0000,0x0000,0x0000,0x0000,0x0000,0x0000,0x0000,0x0000,0x0000,0x0000,
 0x0000,0x0000,0x0000,0x0000,0x0000,0x0000,0x0000,0x0000,0x0000,0x0000,0x0000,0x0000,
 0x0000,0x0000,0x0000,0x0000,0x0000,0x0000,0x0000,0x0000,0x0000,0x0000,0x0000,0x0000,
 0x0000,0x0000,0x0000,0x0000,0x0000,0x0000,0x0000,0x0000,0x0000,0x0000,0x0000,0x0000,
 0x0000,0x0000,0x0000,0x0000,0x0000,0x0000,0x0000,0x0000,0x0000,0x0000,0x0000,0x0000,
 0x0000,0x0000,0x0000,0x0000,0x0000,0x0000,0x0000,0x0000,0x0000,0x0000,0x0000,0x0000,
 0x0000,0x0000,0x0000,0x0000,0x0000,0x0000,0x0000,0x0000,0x0000,0x0000,0x0000,0x0000,
 0x0000,0x0000,0x0000,0x0000,0x0000,0x0000,0x0000,0x0000,0x0000,0x0000,0x0000,0x0000,
 0x0000,0x0000,0x0000,0x0000,0x0000,0x0000,0x0000,0x0000,0x0000,0x0000,0x0000,0x0000,
 0x0000,0x0000,0x0000,0x0000,0x0000,0x0000,0x0000,0x0000,0x0000,0x0000,0x0000,0x0000,
 0x0000,0x0000,0x0000,0x0000,0x0000,0x0000,0x0000,0x0000,0x0000,0x0000,0x0000,0x0000,
 0x0000,0x0000,0x0000,0x0000,0x0000,0x0000,0x0000,0x0000,0x0000,0x0000,0x0000,0x0000,
 0x0000,0x0000,0x0000,0x0000,0x0000,0x0000,0x0000,0x0000,0x0000,0x0000,0x0000,0x0000,
 0x0000,0x0000,0x0000,0x0000,0x0000,0x0000,0x0000,0x0000,0x0000,0x0000,0x0000,0x0000,
 0x0000,0x0000,0x0000,0x0000,0x0000,0x0000,0x0000,0x0000,0x0000,0x0000,0x0000,0x0000,
 0x0000,0x0000,0x0000,0x0000,0x0000,0x0000,0x0000,0x0000,0x0000,0x0000,0x0000,0x0000,
 0x0000,0x0000,0x0000,0x0000,0x0000,0x0000,0x0000,0x0000,0x0000,0x0000,0x0000,0x0000,
 0x0000,0x0000,0x0000,0x0000,0x0000,0x0000,0x0000,0x0000,0x0000,0x0000,0x0000,0x0000,
 0x0000,0x0000,0x0000,0x0000,0x0000,0x0000,0x0000,0x0000,0x0000,0x0000,0x0000,0x0000,
 0x0000,0x0000,0x0000,0x0000,0x0000,0x0000,0x0000,0x0000,0x0000,0x0000,0x0000,0x0000,
 0x0000,0x0000,0x0000,0x0000,0x0000,0x0000,0x0000,0x0000,0x0000,0x0000,0x0000,0x0000,
 0x0000,0x0000,0x0000,0x0000,0x0000,0x0000,0x0000,0x0000,0x0000,0x0000,0x0000,0x0000,
 0x0000,0x0000,0x0000,0x0000,0x0000,0x0000,0x0000,0x0000,0x0000,0x0000,0x0000,0x0000,
 0x0000,0x0000,0x0000,0x0000,0x0000,0x0000,0x0000,0x0000,0x0000,0x0000,0x0000,0x0000,
 0x0000,0x0000,0x0000,0x0000,0x0000,0x0000,0x0000,0x0000,0x0000,0x0000,0x0000,0x0000,
 0x0000,0x0000,0x0000,0x0000,0x0000,0x0000,0x0000,0x0000,0x0000,0x0000,0x0000,0x0000,
 0x0000,0x0000,0x0000,0x0000,0x0000,0x0000,0x0000,0x0000,0x0000,0x0000,0x0000,0x0000,
 0x0000,0x0000,0x0000,0x0000,0x0000,0x0000,0x0000,0x0000,0x0000,0x0000,0x0000,0x0000,
 0x0000,0x0000,0x0000,0x0000,0x0000,0x0000,0x0000,0x0000,0x0000,0x0000,0x0000,0x0000,
 0x0000,0x0000,0x0000,0x0000,0x0000,0x0000,0x0000,0x0000,0x0000,0x0000,0x0000,0x0000,
 0x0000,0x0000,0x0000,0x0000,0x0000,0x0000,0x0000,0x0000,0x0000,0x0000,0x0000,0x0000,
 0x0000,0x0000,0x0000,0x0000,0x0000,0x0000,0x0000,0x0000,0x0000,0x0000,0x0000,0x0000,
 0x0000,0x0000,0x0000,0x0000,0x0000,0x0000,0x0000,0x0000,0x0000,0x0000,0x0000,0x0000,
 0x0000,0x0000,0x0000,0x0000,0x0000,0x0000,0x0000,0x0000,0x0000,0x0000,0x0000,0x0000,
 0x0000,0x0000,0x0000,0x0000,0x0000,0x0000,0x0000,0x0000,0x0000,0x0000,0x0000,0x0000,
 0x0000,0x0000,0x0000,0x0000,0x0000,0x0000,0x0000,0x0000,0x0000,0x0000,0x0000,0x0000,
 0x0000,0x0000,0x0000,0x0000,0x0000,0x0000,0x0000,0x0000,0x0000,0x0000,0x0000,0x0000,
 0x0000,0x0000,0x0000,0x0000,0x0000,0x0000,0x0000,0x0000,0x0000,0x0000,0x0000,0x0000,
 0x0000,0x0000,0x0000,0x0000,0x0000,0x0000,0x0000,0x0000,0x0000,0x0000,0x0000,0x0000,
 0x0000,0x0000,0x0000,0x0000,0x0000,0x0000,0x0000,0x0000,0x0000,0x0000,0x0000,0x0000,
 0x0000,0x0000,0x0000,0x0000,0x0000,0x0000,0x0000,0x0000,0x0000,0x0000,0x0000,0x0000,
 0x0000,0x0000,0x0000,0x0000,0x0000,0x0000,0x0000,0x0000,0x0000,0x0000,0x0000,0x0000,
 0x0000,0x0000,0x0000,0x0000,0x0000,0x0000,0x0000,0x0000,0x0000,0x0000,0x0000,0x0000,
 0x0000,0x0000,0x0000,0x0000,0x0000,0x0000,0x0000,0x0000,0x0000,0x0000,0x0000,0x0000,
 0x0000,0x0000,0x0000,0x0000,0x0000,0x0000,0x0000,0x0000,0x0000,0x0000,0x0000,0x0000,
 0x0000,0x0000,0x0000,0x0000,0x0000,0x0000,0x0000,0x0000,0x0000,0x0000,0x0000,0x0000,
 0x0000,0x0000,0x0000,0x0000,0x0000,0x0000,0x0000,0x0000,0x0000,0x0000,0x0000,0x0000,
 0x0000,0x0000,0x0000,0x0000,0x0000,0x0000,0x0000,0x0000,0x0000,0x0000,0x0000,0x0000,
 0x0000,0x0000,0x0000,0x0000,0x0000,0x0000,0x0000,0x0000,0x0000,0x0000,0x0000,0x0000,
 0x0000,0x0000,0x0000,0x0000,0x0000,0x0000,0x0000,0x0000,0x0000,0x0000,0x0000,0x0000,
 0x0000,0x0000,0x0000,0x0000,0x0000,0x0000,0x0000,0x0000,0x0000,0x0000,0x0000,0x0000,
 0x0000,0x0000,0x0000,0x0000,0x0000,0x0000,0x0000,0x0000,0x0000,0x0000,0x0000,0x0000,
 0x0000,0x0000,0x0000,0x0000,0x0000,0x0000,0x0000,0x0000,0x0000,0x0000,0x0000,0x0000,
 0x0000,0x0000,0x0000,0x0000,0x0000,0x0000,0x0000,0x0000,0x0000,0x0000,0x0000,0x0000,
 0x0000,0x0000,0x0000,0x0000,0x0000,0x0000,0x0000,0x0000,0x0000,0x0000,0x0000,0x0000,
 0x0000,0x0000,0x0000,0x0000,0x0000,0x0000,0x0000,0x0000,0x0000,0x0000,0x0000,0x0000,
 0x0000,0x0000,0x0000,0x0000,0x0000,0x0000,0x0000,0x0000,0x0000,0x0000,0x0000,0x0000,
 0x0000,0x0000,0x0000,0x0000,0x0000,0x0000,0x0000,0x0000,0x0000,0x0000,0x0000,0x0000,
 0x0000,0x0000,0x0000,0x0000,0x0000,0x0000,0x0000,0x0000,0x0000,0x0000,0x0000,0x0000,
 0x0000,0x0000,0x0000,0x0000,0x0000,0x0000,0x0000,0x0000,0x0000,0x0000,0x0000,0x0000,
 0x0000,0x0000,0x0000,0x0000,0x0000,0x0000,0x0000,0x0000,0x0000,0x0000,0x0000,0x0000,
 0x0000,0x0000,0x0000,0x0000,0x0000,0x0000,0x0000,0x0000,0x0000,0x0000,0x0000,0x0000,
 0x0000,0x0000,0x0000,0x0000,0x0000,0x0000,0x0000,0x0000,0x0000,0x0000,0x0000,0x0000,
 0x0000,0x0000,0x0000,0x0000,0x0000,0x0000,0x0000,0x0000,0x0000,0x0000,0x0000,0x0000,
 0x0000,0x0000,0x0000,0x0000,0x0000,0x0000,0x0000,0x0000,0x0000,0x0000,0x0000,0x0000,
 0x0000,0x0000,0x0000,0x0000,0x0000,0x0000,0x0000,0x0000,0x0000,0x0000,0x0000,0x0000,
 0x0000,0x0000,0x0000,0x0000,0x0000,0x0000,0x0000,0x0000,0x0000,0x0000,0x0000,0x0000,
 0x0000,0x0000,0x0000,0x0000,0x0000,0x0000,0x0000,0x0000,0x0000,0x0000,0x0000,0x0000,
 0x0000,0x0000,0x0000,0x0000,0x0000,0x0000,0x0000,0x0000,0x0000,0x0000,0x0000,0x0000,
 0x0000,0x0000,0x0000,0x0000,0x0000,0x0000,0x0000,0x0000,0x0000,0x0000,0x0000,0x0000,
 0x0000,0x0000,0x0000,0x0000,0x0000,0x0000,0x0000,0x0000,0x0000,0x0000,0x0000,0x0000,
 0x0000,0x0000,0x0000,0x0000,0x0000,0x0000,0x0000,0x0000,0x0000,0x0000,0x0000,0x0000,
 0x0000,0x0000,0x0000,0x0000,0x0000,0x0000,0x0000,0x0000,0x0000,0x0000,0x0000,0x0000,
 0x0000,0x0000,0x0000,0x0000,0x0000,0x0000,0x0000,0x0000,0x0000,0x0000,0x0000,0x0000,
 0x0000,0x0000,0x0000,0x0000,0x0000,0x0000,0x0000,0x0000,0x0000,0x0000,0x0000,0x0000,
 0x0000,0x0000,0x0000,0x0000,0x0000,0x0000,0x0000,0x0000,0x0000,0x0000,0x0000,0x0000,
 0x0000,0x0000,0x0000,0x0000,0x0000,0x0000,0x0000,0x0000,0x0000,0x0000,0x0000,0x0000,
 0x0000,0x0000,0x0000,0x0000,0x0000,0x0000,0x0000,0x0000,0x0000,0x0000,0x0000,0x0000,
 0x0000,0x0000,0x0000,0x0000,0x0000,0x0000,0x0000,0x0000,0x0000,0x0000,0x0000,0x0000,
 0x0000,0x0000,0x0000,0x0000,0x0000,0x0000,0x0000,0x0000,0x0000,0x0000,0x0000,0x0000,
 0x0000,0x0000,0x0000,0x0000,0x0000,0x0000,0x0000,0x0000,0x0000,0x0000,0x0000,0x0000,
 0x0000,0x0000,0x0000,0x0000,0x0000,0x0000,0x0000,0x0000,0x0000,0x0000,0x0000,0x0000,
 0x0000,0x0000,0x0000,0x0000,0x0000,0x0000,0x0000,0x0000,0x0000,0x0000,0x0000,0x0000,
 0x0000,0x0000,0x0000,0x0000,0x0000,0x0000,0x0000,0x0000,0x0000,0x0000,0x0000,0x0000,
 0x0000,0x0000,0x0000,0x0000,0x0000,0x0000,0x0000,0x0000,0x0000,0x0000,0x0000,0x0000,
 0x0000,0x0000,0x0000,0x0000,0x0000,0x0000,0x0000,0x0000,0x0000,0x0000,0x0000,0x0000,
 0x0000,0x0000,0x0000,0x0000,0x0000,0x0000,0x0000,0x0000,0x0000,0x0000,0x0000,0x0000,
 0x0000,0x0000,0x0000,0x0000,0x0000,0x0000,0x0000,0x0000,0x0000,0x0000,0x0000,0x0000,
 0x0000,0x0000,0x0000,0x0000,0x0000,0x0000,0x0000,0x0000,0x0000,0x0000,0x0000,0x0000,
 0x0000,0x0000,0x0000,0x0000,0x0000,0x0000,0x0000,0x0000,0x0000,0x0000,0x0000,0x0000,
 0x0000,0x0000,0x0000,0x0000,0x0000,0x0000,0x0000,0x0000,0x0000,0x0000,0x0000,0x0000,
 0x0000,0x0000,0x0000,0x0000,0x0000,0x0000,0x0000,0x0000,0x0000,0x0000,0x0000,0x0000,
 0x0000,0x0000,0x0000,0x0000,0x0000,0x0000,0x0000,0x0000,0x0000,0x0000,0x0000,0x0000,
 0x0000,0x0000,0x0000,0x0000,0x0000,0x0000,0x0000,0x0000,0x0000,0x0000,0x0000,0x0000,
 0x0000,0x0000,0x0000,0x0000,0x0000,0x0000,0x0000,0x0000,0x0000,0x0000,0x0000,0x0000,
 0x0000,0x0000,0x0000,0x0000,0x0000,0x0000,0x0000,0x0000,0x0000,0x0000,0x0000,0x0000,
 0x0000,0x0000,0x0000,0x0000,0x0000,0x0000,0x0000,0x0000,0x0000,0x0000,0x0000,0x0000,
 0x0000,0x0000,0x0000,0x0000,0x0000,0x0000,0x0000,0x0000,0x0000,0x0000,0x0000,0x0000,
 0x0000,0x0000,0x0000,0x0000,0x0000,0x0000,0x0000,0x0000,0x0000,0x0000,0x0000,0x0000,
 0x0000,0x0000,0x0000,0x0000,0x0000,0x0000,0x0000,0x0000,0x0000,0x0000,0x0000,0x0000,
 0x0000,0x0000,0x0000,0x0000,0x0000,0x0000,0x0000,0x0000,0x0000,0x0000,0x0000,0x0000,
 0x0000,0x0000,0x0000,0x0000,0x0000,0x0000,0x0000,0x0000,0x0000,0x0000,0x0000,0x0000,
 0x0000,0x0000,0x0000,0x0000,0x0000,0x0000,0x0000,0x0000,0x0000,0x0000,0x0000,0x0000,
 0x0000,0x0000,0x0000,0x0000,0x0000,0x0000,0x0000,0x0000,0x0000,0x0000,0x0000,0x0000,
 0x0000,0x0000,0x0000,0x0000,0x0000,0x0000,0x0000,0x0000,0x0000,0x0000,0x0000,0x0000,
 0x0000,0x0000,0x0000,0x0000,0x0000,0x0000,0x0000,0x0000,0x0000,0x0000,0x0000,0x0000,
 0x0000,0x0000,0x0000,0x0000,0x0000,0x0000,0x0000,0x0000,0x0000,0x0000,0x0000,0x0000,
 0x0000,0x0000,0x0000,0x0000,0x0000,0x0000,0x0000,0x0000,0x0000,0x0000,0x0000,0x0000,
 0x0000,0x0000,0x0000,0x0000,0x0000,0x0000,0x0000,0x0000,0x0000,0x0000,0x0000,0x0000,
 0x0000,0x0000,0x0000,0x0000,0x0000,0x0000,0x0000,0x0000,0x0000,0x0000,0x0000,0x0000,
 0x0000,0x0000,0x0000,0x0000,0x0000,0x0000,0x0000,0x0000,0x0000,0x0000,0x0000,0x0000,
 0x0000,0x0000,0x0000,0x0000,0x0000,0x0000,0x0000,0x0000,0x0000,0x0000,0x0000,0x0000,
 0x0000,0x0000,0x0000,0x0000,0x0000,0x0000,0x0000,0x0000,0x0000,0x0000,0x0000,0x0000,
 0x0000,0x0000,0x0000,0x0000,0x0000,0x0000,0x0000,0x0000,0x0000,0x0000,0x0000,0x0000,
 0x0000,0x0000,0x0000,0x0000,0x0000,0x0000,0x0000,0x0000,0x0000,0x0000,0x0000,0x0000,
 0x0000,0x0000,0x0000,0x0000,0x0000,0x0000,0x0000,0x0000,0x0000,0x0000,0x0000,0x0000,
 0x0000,0x0000,0x0000,0x0000,0x0000,0x0000,0x0000,0x0000,0x0000,0x0000,0x0000,0x0000,
 0x0000,0x0000,0x0000,0x0000,0x0000,0x0000,0x0000,0x0000,0x0000,0x0000,0x0000,0x0000,
 0x0000,0x0000,0x0000,0x0000,0x0000,0x0000,0x0000,0x0000,0x0000,0x0000,0x0000,0x0000,
 0x0000,0x0000,0x0000,0x0000,0x0000,0x0000,0x0000,0x0000,0x0000,0x0000,0x0000,0x0000,
 0x0000,0x0000,0x0000,0x0000,0x0000,0x0000,0x0000,0x0000,0x0000,0x0000,0x0000,0x0000,
 0x0000,0x0000,0x0000,0x0000,0x0000,0x0000,0x0000,0x0000,0x0000,0x0000,0x0000,0x0000,
 0x0000,0x0000,0x0000,0x0000,0x0000,0x0000,0x0000,0x0000,0x0000,0x0000,0x0000,0x0000,
 0x0000,0x0000,0x0000,0x0000,0x0000,0x0000,0x0000,0x0000,0x0000,0x0000,0x0000,0x0000,
 0x0000,0x0000,0x0000,0x0000,0x0000,0x0000,0x0000,0x0000,0x0000,0x0000,0x0000,0x0000,
 0x0000,0x0000,0x0000,0x0000,0x0000,0x0000,0x0000,0x0000,0x0000,0x0000,0x0000,0x0000,
 0x0000,0x0000,0x0000,0x0000,0x0000,0x0000,0x0000,0x0000,0x0000,0x0000,0x0000,0x0000,
 0x0000,0x0000,0x0000,0x0000,0x0000,0x0000,0x0000,0x0000,0x0000,0x0000,0x0000,0x0000,
 0x0000,0x0000,0x0000,0x0000,0x0000,0x0000,0x0000,0x0000,0x0000,0x0000,0x0000,0x0000,
 0x0000,0x0000,0x0000,0x0000,0x0000,0x0000,0x0000,0x0000,0x0000,0x0000,0x0000,0x0000,
 0x0000,0x0000,0x0000,0x0000,0x0000,0x0000,0x0000,0x0000,0x0000,0x0000,0x0000,0x0000,
 0x0000,0x0000,0x0000,0x0000,0x0000,0x0000,0x0000,0x0000,0x0000,0x0000,0x0000,0x0000,
 0x0000,0x0000,0x0000,0x0000,0x0000,0x0000,0x0000,0x0000,0x0000,0x0000,0x0000,0x0000,
 0x0000,0x0000,0x0000,0x0000,0x0000,0x0000,0x0000,0x0000,0x0000,0x0000,0x0000,0x0000,
 0x0000,0x0000,0x0000,0x0000,0x0000,0x0000,0x0000,0x0000,0x0000,0x0000,0x0000,0x0000,
 0x0000,0x0000,0x0000,0x0000,0x0000,0x0000,0x0000,0x0000,0x0000,0x0000,0x0000,0x0000,
 0x0000,0x0000,0x0000,0x0000,0x0000,0x0000,0x0000,0x0000,0x0000,0x0000,0x0000,0x0000,
 0x0000,0x0000,0x0000,0x0000,0x0000,0x0000,0x0000,0x0000,0x0000,0x0000,0x0000,0x0000,
 0x0000,0x0000,0x0000,0x0000,0x0000,0x0000,0x0000,0x0000,0x0000,0x0000,0x0000,0x0000,
 0x0000,0x0000,0x0000,0x0000,0x0000,0x0000,0x0000,0x0000,0x0000,0x0000,0x0000,0x0000,
 0x0000,0x0000,0x0000,0x0000,0x0000,0x0000,0x0000,0x0000,0x0000,0x0000,0x0000,0x0000,
 0x0000,0x0000,0x0000,0x0000,0x0000,0x0000,0x0000,0x0000,0x0000,0x0000,0x0000,0x0000,
 0x0000,0x0000,0x0000,0x0000,0x0000,0x0000,0x0000,0x0000,0x0000,0x0000,0x0000,0x0000,
 0x0000,0x0000,0x0000,0x0000,0x0000,0x0000,0x0000,0x0000,0x0000,0x0000,0x0000,0x0000,
 0x0000,0x0000,0x0000,0x0000,0x0000,0x0000,0x0000,0x0000,0x0000,0x0000,0x0000,0x0000,
 0x0000,0x0000,0x0000,0x0000,0x0000,0x0000,0x0000,0x0000,0x0000,0x0000,0x0000,0x0000,
 0x0000,0x0000,0x0000,0x0000,0x0000,0x0000,0x0000,0x0000,0x0000,0x0000,0x0000,0x0000,
 0x0000,0x0000,0x0000,0x0000,0x0000,0x0000,0x0000,0x0000,0x0000,0x0000,0x0000,0x0000,
 0x0000,0x0000,0x0000,0x0000,0x0000,0x0000,0x0000,0x0000,0x0000,0x0000,0x0000,0x0000,
 0x0000,0x0000,0x0000,0x0000,0x0000,0x0000,0x0000,0x0000,0x0000,0x0000,0x0000,0x0000,
 0x0000,0x0000,0x0000,0x0000,0x0000,0x0000,0x0000,0x0000,0x0000,0x0000,0x0000,0x0000,
 0x0000,0x0000,0x0000,0x0000,0x0000,0x0000,0x0000,0x0000,0x0000,0x0000,0x0000,0x0000,
 0x0000,0x0000,0x0000,0x0000,0x0000,0x0000,0x0000,0x0000,0x0000,0x0000,0x0000,0x0000,
 0x0000,0x0000,0x0000,0x0000,0x0000,0x0000,0x0000,0x0000,0x0000,0x0000,0x0000,0x0000,
 0x0000,0x0000,0x0000,0x0000,0x0000,0x0000,0x0000,0x0000,0x0000,0x0000,0x0000,0x0000,
 0x0000,0x0000,0x0000,0x0000,0x0000,0x0000,0x0000,0x0000,0x0000,0x0000,0x0000,0x0000,
 0x0000,0x0000,0x0000,0x0000,0x0000,0x0000,0x0000,0x0000,0x0000,0x0000,0x0000,0x0000,
 0x0000,0x0000,0x0000,0x0000,0x0000,0x0000,0x0000,0x0000,0x0000,0x0000,0x0000,0x0000,
 0x0000,0x0000,0x0000,0x0000,0x0000,0x0000,0x0000,0x0000,0x0000,0x0000,0x0000,0x0000,
 0x0000,0x0000,0x0000,0x0000,0x0000,0x0000,0x0000,0x0000,0x0000,0x0000,0x0000,0x0000,
 0x0000,0x0000,0x0000,0x0000,0x0000,0x0000,0x0000,0x0000,0x0000,0x0000,0x0000,0x0000,
 0x0000,0x0000,0x0000,0x0000,0x0000,0x0000,0x0000,0x0000,0x0000,0x0000,0x0000,0x0000,
 0x0000,0x0000,0x0000,0x0000,0x0000,0x0000,0x0000,0x0000,0x0000,0x0000,0x0000,0x0000,
 0x0000,0x0000,0x0000,0x0000,0x0000,0x0000,0x0000,0x0000,0x0000,0x0000,0x0000,0x0000,
 0x0000,0x0000,0x0000,0x0000,0x0000,0x0000,0x0000,0x0000,0x0000,0x0000,0x0000,0x0000,
 0x0000,0x0000,0x0000,0x0000,0x0000,0x0000,0x0000,0x0000,0x0000,0x0000,0x0000,0x0000,
 0x0000,0x0000,0x0000,0x0000,0x0000,0x0000,0x0000,0x0000,0x0000,0x0000,0x0000,0x0000,
 0x0000,0x0000,0x0000,0x0000,0x0000,0x0000,0x0000,0x0000,0x0000,0x0000,0x0000,0x0000,
 0x0000,0x0000,0x0000,0x0000,0x0000,0x0000,0x0000,0x0000,0x0000,0x0000,0x0000,0x0000,
 0x0000,0x0000,0x0000,0x0000,0x0000,0x0000,0x0000,0x0000,0x0000,0x0000,0x0000,0x0000,
 0x0000,0x0000,0x0000,0x0000,0x0000,0x0000,0x0000,0x0000,0x0000,0x0000,0x0000,0x0000,
 0x0000,0x0000,0x0000,0x0000,0x0000,0x0000,0x0000,0x0000,0x0000,0x0000,0x0000,0x0000,
 0x0000,0x0000,0x0000,0x0000,0x0000,0x0000,0x0000,0x0000,0x0000,0x0000,0x0000,0x0000,
 0x0000,0x0000,0x0000,0x0000,0x0000,0x0000,0x0000,0x0000,0x0000,0x0000,0x0000,0x0000,
 0x0000,0x0000,0x0000,0x0000,0x0000,0x0000,0x0000,0x0000,0x0000,0x0000,0x0000,0x0000,
 0x0000,0x0000,0x0000,0x0000,0x0000,0x0000,0x0000,0x0000,0x0000,0x0000,0x0000,0x0000,
 0x0000,0x0000,0x0000,0x0000,0x0000,0x0000,0x0000,0x0000,0x0000,0x0000,0x0000,0x0000,
 0x0000,0x0000,0x0000,0x0000,0x0000,0x0000,0x0000,0x0000,0x0000,0x0000,0x0000,0x0000,
 0x0000,0x0000,0x0000,0x0000,0x0000,0x0000,0x0000,0x0000,0x0000,0x0000,0x0000,0x0000,
 0x0000,0x0000,0x0000,0x0000,0x0000,0x0000,0x0000,0x0000,0x0000,0x0000,0x0000,0x0000,
 0x0000,0x0000,0x0000,0x0000,0x0000,0x0000,0x0000,0x0000,0x0000,0x0000,0x0000,0x0000,
 0x0000,0x0000,0x0000,0x0000,0x0000,0x0000,0x0000,0x0000,0x0000,0x0000,0x0000,0x0000,
 0x0000,0x0000,0x0000,0x0000,0x0000,0x0000,0x0000,0x0000,0x0000,0x0000,0x0000,0x0000,
 0x0000,0x0000,0x0000,0x0000,0x0000,0x0000,0x0000,0x0000,0x0000,0x0000,0x0000,0x0000,
 0x0000,0x0000,0x0000,0x0000,0x0000,0x0000,0x0000,0x0000,0x0000,0x0000,0x0000,0x0000,
 0x0000,0x0000,0x0000,0x0000,0x0000,0x0000,0x0000,0x0000,0x0000,0x0000,0x0000,0x0000,
 0x0000,0x0000,0x0000,0x0000,0x0000,0x0000,0x0000,0x0000,0x0000,0x0000,0x0000,0x0000,
 0x0000,0x0000,0x0000,0x0000,0x0000,0x0000,0x0000,0x0000,0x0000,0x0000,0x0000,0x0000,
 0x0000,0x0000,0x0000,0x0000,0x0000,0x0000,0x0000,0x0000,0x0000,0x0000,0x0000,0x0000,
 0x0000,0x0000,0x0000,0x0000,0x0000,0x0000,0x0000,0x0000,0x0000,0x0000,0x0000,0x0000,
 0x0000,0x0000,0x0000,0x0000,0x0000,0x0000,0x0000,0x0000,0x0000,0x0000,0x0000,0x0000,
 0x0000,0x0000,0x0000,0x0000,0x0000,0x0000,0x0000,0x0000,0x0000,0x0000,0x0000,0x0000,
 0x0000,0x0000,0x0000,0x0000,0x0000,0x0000,0x0000,0x0000,0x0000,0x0000,0x0000,0x0000,
 0x0000,0x0000,0x0000,0x0000,0x0000,0x0000,0x0000,0x0000,0x0000,0x0000,0x0000,0x0000,
 0x0000,0x0000,0x0000,0x0000,0x0000,0x0000,0x0000,0x0000,0x0000,0x0000,0x0000,0x0000,
 0x0000,0x0000,0x0000,0x0000,0x0000,0x0000,0x0000,0x0000,0x0000,0x0000,0x0000,0x0000,
 0x0000,0x0000,0x0000,0x0000,0x0000,0x0000,0x0000,0x0000,0x0000,0x0000,0x0000,0x0000,
 0x0000,0x0000,0x0000,0x0000,0x0000,0x0000,0x0000,0x0000,0x0000,0x0000,0x0000,0x0000,
 0x0000,0x0000,0x0000,0x0000,0x0000,0x0000,0x0000,0x0000,0x0000,0x0000,0x0000,0x0000,
 0x0000,0x0000,0x0000,0x0000,0x0000,0x0000,0x0000,0x0000,0x0000,0x0000,0x0000,0x0000,
 0x0000,0x0000,0x0000,0x0000,0x0000,0x0000,0x0000,0x0000,0x0000,0x0000,0x0000,0x0000,
 0x0000,0x0000,0x0000,0x0000,0x0000,0x0000,0x0000,0x0000,0x0000,0x0000,0x0000,0x0000,
 0x0000,0x0000,0x0000,0x0000,0x0000,0x0000,0x0000,0x0000,0x0000,0x0000,0x0000,0x0000,
 0x0000,0x0000,0x0000,0x0000,0x0000,0x0000,0x0000,0x0000,0x0000,0x0000,0x0000,0x0000,
 0x0000,0x0000,0x0000,0x0000,0x0000,0x0000,0x0000,0x0000,0x0000,0x0000,0x0000,0x0000,
 0x0000,0x0000,0x0000,0x0000,0x0000,0x0000,0x0000,0x0000,0x0000,0x0000,0x0000,0x0000,
 0x0000,0x0000,0x0000,0x0000,0x0000,0x0000,0x0000,0x0000,0x0000,0x0000,0x0000,0x0000,
 0x0000,0x0000,0x0000,0x0000,0x0000,0x0000,0x0000,0x0000,0x0000,0x0000,0x0000,0x0000,
 0x0000,0x0000,0x0000,0x0000,0x0000,0x0000,0x0000,0x0000,0x0000,0x0000,0x0000,0x0000,
 0x0000,0x0000,0x0000,0x0000,0x0000,0x0000,0x0000,0x0000,0x0000,0x0000,0x0000,0x0000,
 0x0000,0x0000,0x0000,0x0000,0x0000,0x0000,0x0000,0x0000,0x0000,0x0000,0x0000,0x0000,
 0x0000,0x0000,0x0000,0x0000,0x0000,0x0000,0x0000,0x0000,0x0000,0x0000,0x0000,0x0000,
 0x0000,0x0000,0x0000,0x0000,0x0000,0x0000,0x0000,0x0000,0x0000,0x0000,0x0000,0x0000,
 0x0000,0x0000,0x0000,0x0000,0x0000,0x0000,0x0000,0x0000,0x0000,0x0000,0x0000,0x0000,
 0x0000,0x0000,0x0000,0x0000,0x0000,0x0000,0x0000,0x0000,0x0000,0x0000,0x0000,0x0000,
 0x0000,0x0000,0x0000,0x0000,0x0000,0x0000,0x0000,0x0000,0x0000,0x0000,0x0000,0x0000,
 0x0000,0x0000,0x0000,0x0000,0x0000,0x0000,0x0000,0x0000,0x0000,0x0000,0x0000,0x0000,
 0x0000,0x0000,0x0000,0x0000,0x0000,0x0000,0x0000,0x0000,0x0000,0x0000,0x0000,0x0000,
 0x0000,0x0000,0x0000,0x0000,0x0000,0x0000,0x0000,0x0000,0x0000,0x0000,0x0000,0x0000,
 0x0000,0x0000,0x0000,0x0000,0x0000,0x0000,0x0000,0x0000,0x0000,0x0000,0x0000,0x0000,
 0x0000,0x0000,0x0000,0x0000,0x0000,0x0000,0x0000,0x0000,0x0000,0x0000,0x0000,0x0000,
 0x0000,0x0000,0x0000,0x0000,0x0000,0x0000,0x0000,0x0000,0x0000,0x0000,0x0000,0x0000,
 0x0000,0x0000,0x0000,0x0000,0x0000,0x0000,0x0000,0x0000,0x0000,0x0000,0x0000,0x0000,
 0x0000,0x0000,0x0000,0x0000,0x0000,0x0000,0x0000,0x0000,0x0000,0x0000,0x0000,0x0000,
 0x0000,0x0000,0x0000,0x0000,0x0000,0x0000,0x0000,0x0000,0x0000,0x0000,0x0000,0x0000,
 0x0000,0x0000,0x0000,0x0000,0x0000,0x0000,0x0000,0x0000,0x0000,0x0000,0x0000,0x0000,
 0x0000,0x0000,0x0000,0x0000,0x0000,0x0000,0x0000,0x0000,0x0000,0x0000,0x0000,0x0000,
 0x0000,0x0000,0x0000,0x0000,0x0000,0x0000,0x0000,0x0000,0x0000,0x0000,0x0000,0x0000,
 0x0000,0x0000,0x0000,0x0000,0x0000,0x0000,0x0000,0x0000,0x0000,0x0000,0x0000,0x0000,
 0x0000,0x0000,0x0000,0x0000,0x0000,0x0000,0x0000,0x0000,0x0000,0x0000,0x0000,0x0000,
 0x0000,0x0000,0x0000,0x0000,0x0000,0x0000,0x0000,0x0000,0x0000,0x0000,0x0000,0x0000,
 0x0000,0x0000,0x0000,0x0000,0x0000,0x0000,0x0000,0x0000,0x0000,0x0000,0x0000,0x0000,
 0x0000,0x0000,0x0000,0x0000,0x0000,0x0000,0x0000,0x0000,0x0000,0x0000,0x0000,0x0000,
 0x0000,0x0000,0x0000,0x0000,0x0000,0x0000,0x0000,0x0000,0x0000,0x0000,0x0000,0x0000,
 0x0000,0x0000,0x0000,0x0000,0x0000,0x0000,0x0000,0x0000,0x0000,0x0000,0x0000,0x0000,
 0x0000,0x0000,0x0000,0x0000,0x0000,0x0000,0x0000,0x0000,0x0000,0x0000,0x0000,0x0000,
 0x0000,0x0000,0x0000,0x0000,0x0000,0x0000,0x0000,0x0000,0x0000,0x0000,0x0000,0x0000,
 0x0000,0x0000,0x0000,0x0000,0x0000,0x0000,0x0000,0x0000,0x0000,0x0000,0x0000,0x0000,
 0x0000,0x0000,0x0000,0x0000,0x0000,0x0000,0x0000,0x0000,0x0000,0x0000,0x0000,0x0000,
 0x0000,0x0000,0x0000,0x0000,0x0000,0x0000,0x0000,0x0000,0x0000,0x0000,0x0000,0x0000,
 0x0000,0x0000,0x0000,0x0000,0x0000,0x0000,0x0000,0x0000,0x0000,0x0000,0x0000,0x0000,
 0x0000,0x0000,0x0000,0x0000,0x0000,0x0000,0x0000,0x0000,0x0000,0x0000,0x0000,0x0000,
 0x0000,0x0000,0x0000,0x0000,0x0000,0x0000,0x0000,0x0000,0x0000,0x0000,0x0000,0x0000,
 0x0000,0x0000,0x0000,0x0000,0x0000,0x0000,0x0000,0x0000,0x0000,0x0000,0x0000,0x0000,
 0x0000,0x0000,0x0000,0x0000,0x0000,0x0000,0x0000,0x0000,0x0000,0x0000,0x0000,0x0000,
 0x0000,0x0000,0x0000,0x0000,0x0000,0x0000,0x0000,0x0000,0x0000,0x0000,0x0000,0x0000,
 0x0000,0x0000,0x0000,0x0000,0x0000,0x0000,0x0000,0x0000,0x0000,0x0000,0x0000,0x0000,
 0x0000,0x0000,0x0000,0x0000,0x0000,0x0000,0x0000,0x0000,0x0000,0x0000,0x0000,0x0000,
 0x0000,0x0000,0x0000,0x0000,0x0000,0x0000,0x0000,0x0000,0x0000,0x0000,0x0000,0x0000,
 0x0000,0x0000,0x0000,0x0000,0x0000,0x0000,0x0000,0x0000,0x0000,0x0000,0x0000,0x0000,
 0x0000,0x0000,0x0000,0x0000,0x0000,0x0000,0x0000,0x0000,0x0000,0x0000,0x0000,0x0000,
 0x0000,0x0000,0x0000,0x0000,0x0000,0x0000,0x0000,0x0000,0x0000,0x0000,0x0000,0x0000,
 0x0000,0x0000,0x0000,0x0000,0x0000,0x0000,0x0000,0x0000,0x0000,0x0000,0x0000,0x0000,
 0x0000,0x0000,0x0000,0x0000,0x0000,0x0000,0x0000,0x0000,0x0000,0x0000,0x0000,0x0000,
 0x0000,0x0000,0x0000,0x0000,0x0000,0x0000,0x0000,0x0000,0x0000,0x0000,0x0000,0x0000,
 0x0000,0x0000,0x0000,0x0000,0x0000,0x0000,0x0000,0x0000,0x0000,0x0000,0x0000,0x0000,
 0x0000,0x0000,0x0000,0x0000,0x0000,0x0000,0x0000,0x0000,0x0000,0x0000,0x0000,0x0000,
 0x0000,0x0000,0x0000,0x0000,0x0000,0x0000,0x0000,0x0000,0x0000,0x0000,0x0000,0x0000,
 0x0000,0x0000,0x0000,0x0000,0x0000,0x0000,0x0000,0x0000,0x0000,0x0000,0x0000,0x0000,
 0x0000,0x0000,0x0000,0x0000,0x0000,0x0000,0x0000,0x0000,0x0000,0x0000,0x0000,0x0000,
 0x0000,0x0000,0x0000,0x0000,0x0000,0x0000,0x0000,0x0000,0x0000,0x0000,0x0000,0x0000,
 0x0000,0x0000,0x0000,0x0000,0x0000,0x0000,0x0000,0x0000,0x0000,0x0000,0x0000,0x0000,
 0x0000,0x0000,0x0000,0x0000,0x0000,0x0000,0x0000,0x0000,0x0000,0x0000,0x0000,0x0000,
 0x0000,0x0000,0x0000,0x0000,0x0000,0x0000,0x0000,0x0000,0x0000,0x0000,0x0000,0x0000,
 0x0000,0x0000,0x0000,0x0000,0x0000,0x0000,0x0000,0x0000,0x0000,0x0000,0x0000,0x0000,
 0x0000,0x0000,0x0000,0x0000,0x0000,0x0000,0x0000,0x0000,0x0000,0x0000,0x0000,0x0000,
 0x0000,0x0000,0x0000,0x0000,0x0000,0x0000,0x0000,0x0000,0x0000,0x0000,0x0000,0x0000,
 0x0000,0x0000,0x0000,0x0000,0x0000,0x0000,0x0000,0x0000,0x0000,0x0000,0x0000,0x0000,
 0x0000,0x0000,0x0000,0x0000,0x0000,0x0000,0x0000,0x0000,0x0000,0x0000,0x0000,0x0000,
 0x0000,0x0000,0x0000,0x0000,0x0000,0x0000,0x0000,0x0000,0x0000,0x0000,0x0000,0x0000,
 0x0000,0x0000,0x0000,0x0000,0x0000,0x0000,0x0000,0x0000,0x0000,0x0000,0x0000,0x0000,
 0x0000,0x0000,0x0000,0x0000,0x0000,0x0000,0x0000,0x0000,0x0000,0x0000,0x0000,0x0000,
 0x0000,0x0000,0x0000,0x0000,0x0000,0x0000,0x0000,0x0000,0x0000,0x0000,0x0000,0x0000,
 0x0000,0x0000,0x0000,0x0000,0x0000,0x0000,0x0000,0x0000,0x0000,0x0000,0x0000,0x0000,
 0x0000,0x0000,0x0000,0x0000,0x0000,0x0000,0x0000,0x0000,
};
